2026-07-29 18:00:07,171 INFO Loading parameter file C:\Users\kanishk\OneDrive\Desktop\infant\Corpus_Callosum\21_radiomic_features\params.yaml
2026-07-29 18:18:09,751 INFO Loading parameter file C:\Users\kanishk\OneDrive\Desktop\infant\Corpus_Callosum\params.yaml
2026-07-29 18:18:09,769 INFO validation.valid
2026-07-29 18:18:09,842 INFO Calculating features with label: 1
2026-07-29 18:18:09,842 INFO Loading image and mask
2026-07-29 18:18:09,931 INFO Computing shape2D
2026-07-29 18:18:09,942 INFO Adding image type "Original" with custom settings: {}
2026-07-29 18:18:09,942 INFO Adding image type "Exponential" with custom settings: {}
2026-07-29 18:18:09,943 INFO Adding image type "Gradient" with custom settings: {}
2026-07-29 18:18:09,943 INFO Adding image type "LBP2D" with custom settings: {}
2026-07-29 18:18:09,943 INFO Adding image type "LBP3D" with custom settings: {}
2026-07-29 18:18:09,943 INFO Adding image type "LoG" with custom settings: {}
2026-07-29 18:18:09,943 INFO Adding image type "Logarithm" with custom settings: {}
2026-07-29 18:18:09,943 INFO Adding image type "Square" with custom settings: {}
2026-07-29 18:18:09,943 INFO Adding image type "SquareRoot" with custom settings: {}
2026-07-29 18:18:09,943 INFO Adding image type "Wavelet" with custom settings: {}
2026-07-29 18:18:09,943 INFO Calculating features for original image
2026-07-29 18:18:09,947 INFO Computing firstorder
2026-07-29 18:18:09,977 INFO Computing glcm
2026-07-29 18:18:09,990 WARNING GLCM is symmetrical, therefore Sum Average = 2 * Joint Average, only 1 needs to be calculated
2026-07-29 18:18:09,995 INFO Calculating features for exponential image
2026-07-29 18:18:09,999 INFO Computing firstorder
2026-07-29 18:18:10,024 INFO Computing glcm
2026-07-29 18:18:10,035 WARNING GLCM is symmetrical, therefore Sum Average = 2 * Joint Average, only 1 needs to be calculated
2026-07-29 18:18:10,041 INFO Calculating features for gradient image
2026-07-29 18:18:10,044 INFO Computing firstorder
2026-07-29 18:18:10,076 INFO Computing glcm
2026-07-29 18:18:10,087 WARNING GLCM is symmetrical, therefore Sum Average = 2 * Joint Average, only 1 needs to be calculated
2026-07-29 18:18:49,662 INFO Calculating features for lbp-2D image
2026-07-29 18:18:49,665 INFO Computing firstorder
2026-07-29 18:18:49,693 INFO Computing glcm
2026-07-29 18:18:49,702 WARNING GLCM is symmetrical, therefore Sum Average = 2 * Joint Average, only 1 needs to be calculated
2026-07-29 18:18:49,703 WARNING LBP 3D only available for 3 dimensional images, found 2 dimensions
2026-07-29 18:18:49,711 INFO Calculating features for logarithm image
2026-07-29 18:18:49,716 INFO Computing firstorder
2026-07-29 18:18:49,742 INFO Computing glcm
2026-07-29 18:18:49,753 WARNING GLCM is symmetrical, therefore Sum Average = 2 * Joint Average, only 1 needs to be calculated
2026-07-29 18:18:49,757 INFO Calculating features for square image
2026-07-29 18:18:49,762 INFO Computing firstorder
2026-07-29 18:18:49,785 INFO Computing glcm
2026-07-29 18:18:49,796 WARNING GLCM is symmetrical, therefore Sum Average = 2 * Joint Average, only 1 needs to be calculated
2026-07-29 18:18:49,801 INFO Calculating features for squareroot image
2026-07-29 18:18:49,805 INFO Computing firstorder
2026-07-29 18:18:49,831 INFO Computing glcm
2026-07-29 18:18:49,842 WARNING GLCM is symmetrical, therefore Sum Average = 2 * Joint Average, only 1 needs to be calculated
2026-07-29 18:18:49,852 INFO Computing Wavelet H
2026-07-29 18:18:49,853 INFO Calculating features for wavelet-H image
2026-07-29 18:18:49,858 INFO Computing firstorder
2026-07-29 18:18:49,885 INFO Computing glcm
2026-07-29 18:18:49,895 WARNING GLCM is symmetrical, therefore Sum Average = 2 * Joint Average, only 1 needs to be calculated
2026-07-29 18:18:49,895 INFO Calculating features for wavelet-L image
2026-07-29 18:18:49,900 INFO Computing firstorder
2026-07-29 18:18:49,926 INFO Computing glcm
2026-07-29 18:18:49,938 WARNING GLCM is symmetrical, therefore Sum Average = 2 * Joint Average, only 1 needs to be calculated
2026-07-29 18:18:49,962 INFO Calculating features with label: 1
2026-07-29 18:18:49,963 INFO Loading image and mask
2026-07-29 18:18:50,003 INFO Computing shape2D
2026-07-29 18:18:50,005 INFO Adding image type "Original" with custom settings: {}
2026-07-29 18:18:50,006 INFO Adding image type "Exponential" with custom settings: {}
2026-07-29 18:18:50,006 INFO Adding image type "Gradient" with custom settings: {}
2026-07-29 18:18:50,006 INFO Adding image type "LBP2D" with custom settings: {}
2026-07-29 18:18:50,006 INFO Adding image type "LBP3D" with custom settings: {}
2026-07-29 18:18:50,006 INFO Adding image type "LoG" with custom settings: {}
2026-07-29 18:18:50,006 INFO Adding image type "Logarithm" with custom settings: {}
2026-07-29 18:18:50,006 INFO Adding image type "Square" with custom settings: {}
2026-07-29 18:18:50,006 INFO Adding image type "SquareRoot" with custom settings: {}
2026-07-29 18:18:50,006 INFO Adding image type "Wavelet" with custom settings: {}
2026-07-29 18:18:50,006 INFO Calculating features for original image
2026-07-29 18:18:50,009 INFO Computing firstorder
2026-07-29 18:18:50,014 INFO Computing glcm
2026-07-29 18:18:50,018 WARNING GLCM is symmetrical, therefore Sum Average = 2 * Joint Average, only 1 needs to be calculated
2026-07-29 18:18:50,023 INFO Calculating features for exponential image
2026-07-29 18:18:50,027 INFO Computing firstorder
2026-07-29 18:18:50,032 INFO Computing glcm
2026-07-29 18:18:50,035 WARNING GLCM is symmetrical, therefore Sum Average = 2 * Joint Average, only 1 needs to be calculated
2026-07-29 18:18:50,038 INFO Calculating features for gradient image
2026-07-29 18:18:50,042 INFO Computing firstorder
2026-07-29 18:18:50,048 INFO Computing glcm
2026-07-29 18:18:50,051 WARNING GLCM is symmetrical, therefore Sum Average = 2 * Joint Average, only 1 needs to be calculated
2026-07-29 18:18:50,075 INFO Calculating features for lbp-2D image
2026-07-29 18:18:50,079 INFO Computing firstorder
2026-07-29 18:18:50,084 INFO Computing glcm
2026-07-29 18:18:50,086 WARNING GLCM is symmetrical, therefore Sum Average = 2 * Joint Average, only 1 needs to be calculated
2026-07-29 18:18:50,087 WARNING LBP 3D only available for 3 dimensional images, found 2 dimensions
2026-07-29 18:18:50,094 INFO Calculating features for logarithm image
2026-07-29 18:18:50,098 INFO Computing firstorder
2026-07-29 18:18:50,104 INFO Computing glcm
2026-07-29 18:18:50,108 WARNING GLCM is symmetrical, therefore Sum Average = 2 * Joint Average, only 1 needs to be calculated
2026-07-29 18:18:50,112 INFO Calculating features for square image
2026-07-29 18:18:50,116 INFO Computing firstorder
2026-07-29 18:18:50,121 INFO Computing glcm
2026-07-29 18:18:50,127 WARNING GLCM is symmetrical, therefore Sum Average = 2 * Joint Average, only 1 needs to be calculated
2026-07-29 18:18:50,134 INFO Calculating features for squareroot image
2026-07-29 18:18:50,141 INFO Computing firstorder
2026-07-29 18:18:50,148 INFO Computing glcm
2026-07-29 18:18:50,152 WARNING GLCM is symmetrical, therefore Sum Average = 2 * Joint Average, only 1 needs to be calculated
2026-07-29 18:18:50,159 INFO Computing Wavelet H
2026-07-29 18:18:50,160 INFO Calculating features for wavelet-H image
2026-07-29 18:18:50,164 INFO Computing firstorder
2026-07-29 18:18:50,169 INFO Computing glcm
2026-07-29 18:18:50,172 WARNING GLCM is symmetrical, therefore Sum Average = 2 * Joint Average, only 1 needs to be calculated
2026-07-29 18:18:50,173 INFO Calculating features for wavelet-L image
2026-07-29 18:18:50,177 INFO Computing firstorder
2026-07-29 18:18:50,182 INFO Computing glcm
2026-07-29 18:18:50,186 WARNING GLCM is symmetrical, therefore Sum Average = 2 * Joint Average, only 1 needs to be calculated
2026-07-29 18:18:50,242 INFO Calculating features with label: 1
2026-07-29 18:18:50,242 INFO Loading image and mask
2026-07-29 18:18:50,282 INFO Computing shape2D
2026-07-29 18:18:50,283 INFO Adding image type "Original" with custom settings: {}
2026-07-29 18:18:50,283 INFO Adding image type "Exponential" with custom settings: {}
2026-07-29 18:18:50,283 INFO Adding image type "Gradient" with custom settings: {}
2026-07-29 18:18:50,283 INFO Adding image type "LBP2D" with custom settings: {}
2026-07-29 18:18:50,283 INFO Adding image type "LBP3D" with custom settings: {}
2026-07-29 18:18:50,283 INFO Adding image type "LoG" with custom settings: {}
2026-07-29 18:18:50,283 INFO Adding image type "Logarithm" with custom settings: {}
2026-07-29 18:18:50,283 INFO Adding image type "Square" with custom settings: {}
2026-07-29 18:18:50,283 INFO Adding image type "SquareRoot" with custom settings: {}
2026-07-29 18:18:50,283 INFO Adding image type "Wavelet" with custom settings: {}
2026-07-29 18:18:50,283 INFO Calculating features for original image
2026-07-29 18:18:50,286 INFO Computing firstorder
2026-07-29 18:18:50,288 INFO Computing glcm
2026-07-29 18:18:50,290 WARNING GLCM is symmetrical, therefore Sum Average = 2 * Joint Average, only 1 needs to be calculated
2026-07-29 18:18:50,294 INFO Calculating features for exponential image
2026-07-29 18:18:50,297 INFO Computing firstorder
2026-07-29 18:18:50,298 INFO Computing glcm
2026-07-29 18:18:50,300 WARNING GLCM is symmetrical, therefore Sum Average = 2 * Joint Average, only 1 needs to be calculated
2026-07-29 18:18:50,302 INFO Calculating features for gradient image
2026-07-29 18:18:50,305 INFO Computing firstorder
2026-07-29 18:18:50,307 INFO Computing glcm
2026-07-29 18:18:50,308 WARNING GLCM is symmetrical, therefore Sum Average = 2 * Joint Average, only 1 needs to be calculated
2026-07-29 18:18:50,332 INFO Calculating features for lbp-2D image
2026-07-29 18:18:50,336 INFO Computing firstorder
2026-07-29 18:18:50,338 INFO Computing glcm
2026-07-29 18:18:50,338 WARNING GLCM is symmetrical, therefore Sum Average = 2 * Joint Average, only 1 needs to be calculated
2026-07-29 18:18:50,339 WARNING LBP 3D only available for 3 dimensional images, found 2 dimensions
2026-07-29 18:18:50,346 INFO Calculating features for logarithm image
2026-07-29 18:18:50,350 INFO Computing firstorder
2026-07-29 18:18:50,352 INFO Computing glcm
2026-07-29 18:18:50,354 WARNING GLCM is symmetrical, therefore Sum Average = 2 * Joint Average, only 1 needs to be calculated
2026-07-29 18:18:50,358 INFO Calculating features for square image
2026-07-29 18:18:50,361 INFO Computing firstorder
2026-07-29 18:18:50,362 INFO Computing glcm
2026-07-29 18:18:50,364 WARNING GLCM is symmetrical, therefore Sum Average = 2 * Joint Average, only 1 needs to be calculated
2026-07-29 18:18:50,368 INFO Calculating features for squareroot image
2026-07-29 18:18:50,372 INFO Computing firstorder
2026-07-29 18:18:50,373 INFO Computing glcm
2026-07-29 18:18:50,375 WARNING GLCM is symmetrical, therefore Sum Average = 2 * Joint Average, only 1 needs to be calculated
2026-07-29 18:18:50,380 INFO Computing Wavelet H
2026-07-29 18:18:50,380 INFO Calculating features for wavelet-H image
2026-07-29 18:18:50,385 INFO Computing firstorder
2026-07-29 18:18:50,386 INFO Computing glcm
2026-07-29 18:18:50,387 WARNING GLCM is symmetrical, therefore Sum Average = 2 * Joint Average, only 1 needs to be calculated
2026-07-29 18:18:50,388 INFO Calculating features for wavelet-L image
2026-07-29 18:18:50,391 INFO Computing firstorder
2026-07-29 18:18:50,393 INFO Computing glcm
2026-07-29 18:18:50,394 WARNING GLCM is symmetrical, therefore Sum Average = 2 * Joint Average, only 1 needs to be calculated
2026-07-29 18:18:50,411 INFO Calculating features with label: 1
2026-07-29 18:18:50,411 INFO Loading image and mask
2026-07-29 18:18:50,449 INFO Computing shape2D
2026-07-29 18:18:50,449 INFO Adding image type "Original" with custom settings: {}
2026-07-29 18:18:50,450 INFO Adding image type "Exponential" with custom settings: {}
2026-07-29 18:18:50,450 INFO Adding image type "Gradient" with custom settings: {}
2026-07-29 18:18:50,450 INFO Adding image type "LBP2D" with custom settings: {}
2026-07-29 18:18:50,450 INFO Adding image type "LBP3D" with custom settings: {}
2026-07-29 18:18:50,450 INFO Adding image type "LoG" with custom settings: {}
2026-07-29 18:18:50,450 INFO Adding image type "Logarithm" with custom settings: {}
2026-07-29 18:18:50,450 INFO Adding image type "Square" with custom settings: {}
2026-07-29 18:18:50,450 INFO Adding image type "SquareRoot" with custom settings: {}
2026-07-29 18:18:50,450 INFO Adding image type "Wavelet" with custom settings: {}
2026-07-29 18:18:50,450 INFO Calculating features for original image
2026-07-29 18:18:50,453 INFO Computing firstorder
2026-07-29 18:18:50,454 INFO Computing glcm
2026-07-29 18:18:50,457 WARNING GLCM is symmetrical, therefore Sum Average = 2 * Joint Average, only 1 needs to be calculated
2026-07-29 18:18:50,461 INFO Calculating features for exponential image
2026-07-29 18:18:50,464 INFO Computing firstorder
2026-07-29 18:18:50,466 INFO Computing glcm
2026-07-29 18:18:50,467 WARNING GLCM is symmetrical, therefore Sum Average = 2 * Joint Average, only 1 needs to be calculated
2026-07-29 18:18:50,469 INFO Calculating features for gradient image
2026-07-29 18:18:50,472 INFO Computing firstorder
2026-07-29 18:18:50,475 INFO Computing glcm
2026-07-29 18:18:50,476 WARNING GLCM is symmetrical, therefore Sum Average = 2 * Joint Average, only 1 needs to be calculated
2026-07-29 18:18:50,501 INFO Calculating features for lbp-2D image
2026-07-29 18:18:50,504 INFO Computing firstorder
2026-07-29 18:18:50,506 INFO Computing glcm
2026-07-29 18:18:50,507 WARNING GLCM is symmetrical, therefore Sum Average = 2 * Joint Average, only 1 needs to be calculated
2026-07-29 18:18:50,507 WARNING LBP 3D only available for 3 dimensional images, found 2 dimensions
2026-07-29 18:18:50,514 INFO Calculating features for logarithm image
2026-07-29 18:18:50,517 INFO Computing firstorder
2026-07-29 18:18:50,518 INFO Computing glcm
2026-07-29 18:18:50,520 WARNING GLCM is symmetrical, therefore Sum Average = 2 * Joint Average, only 1 needs to be calculated
2026-07-29 18:18:50,525 INFO Calculating features for square image
2026-07-29 18:18:50,528 INFO Computing firstorder
2026-07-29 18:18:50,530 INFO Computing glcm
2026-07-29 18:18:50,531 WARNING GLCM is symmetrical, therefore Sum Average = 2 * Joint Average, only 1 needs to be calculated
2026-07-29 18:18:50,536 INFO Calculating features for squareroot image
2026-07-29 18:18:50,539 INFO Computing firstorder
2026-07-29 18:18:50,541 INFO Computing glcm
2026-07-29 18:18:50,543 WARNING GLCM is symmetrical, therefore Sum Average = 2 * Joint Average, only 1 needs to be calculated
2026-07-29 18:18:50,549 INFO Computing Wavelet H
2026-07-29 18:18:50,549 INFO Calculating features for wavelet-H image
2026-07-29 18:18:50,552 INFO Computing firstorder
2026-07-29 18:18:50,554 INFO Computing glcm
2026-07-29 18:18:50,555 WARNING GLCM is symmetrical, therefore Sum Average = 2 * Joint Average, only 1 needs to be calculated
2026-07-29 18:18:50,555 INFO Calculating features for wavelet-L image
2026-07-29 18:18:50,559 INFO Computing firstorder
2026-07-29 18:18:50,561 INFO Computing glcm
2026-07-29 18:18:50,563 WARNING GLCM is symmetrical, therefore Sum Average = 2 * Joint Average, only 1 needs to be calculated
2026-07-29 18:18:50,595 INFO Calculating features with label: 1
2026-07-29 18:18:50,595 INFO Loading image and mask
2026-07-29 18:18:50,634 INFO Computing shape2D
2026-07-29 18:18:50,635 INFO Adding image type "Original" with custom settings: {}
2026-07-29 18:18:50,635 INFO Adding image type "Exponential" with custom settings: {}
2026-07-29 18:18:50,635 INFO Adding image type "Gradient" with custom settings: {}
2026-07-29 18:18:50,635 INFO Adding image type "LBP2D" with custom settings: {}
2026-07-29 18:18:50,635 INFO Adding image type "LBP3D" with custom settings: {}
2026-07-29 18:18:50,635 INFO Adding image type "LoG" with custom settings: {}
2026-07-29 18:18:50,635 INFO Adding image type "Logarithm" with custom settings: {}
2026-07-29 18:18:50,635 INFO Adding image type "Square" with custom settings: {}
2026-07-29 18:18:50,635 INFO Adding image type "SquareRoot" with custom settings: {}
2026-07-29 18:18:50,635 INFO Adding image type "Wavelet" with custom settings: {}
2026-07-29 18:18:50,635 INFO Calculating features for original image
2026-07-29 18:18:50,638 INFO Computing firstorder
2026-07-29 18:18:50,640 INFO Computing glcm
2026-07-29 18:18:50,642 WARNING GLCM is symmetrical, therefore Sum Average = 2 * Joint Average, only 1 needs to be calculated
2026-07-29 18:18:50,648 INFO Calculating features for exponential image
2026-07-29 18:18:50,651 INFO Computing firstorder
2026-07-29 18:18:50,653 INFO Computing glcm
2026-07-29 18:18:50,654 WARNING GLCM is symmetrical, therefore Sum Average = 2 * Joint Average, only 1 needs to be calculated
2026-07-29 18:18:50,657 INFO Calculating features for gradient image
2026-07-29 18:18:50,661 INFO Computing firstorder
2026-07-29 18:18:50,663 INFO Computing glcm
2026-07-29 18:18:50,664 WARNING GLCM is symmetrical, therefore Sum Average = 2 * Joint Average, only 1 needs to be calculated
2026-07-29 18:18:50,688 INFO Calculating features for lbp-2D image
2026-07-29 18:18:50,692 INFO Computing firstorder
2026-07-29 18:18:50,694 INFO Computing glcm
2026-07-29 18:18:50,695 WARNING GLCM is symmetrical, therefore Sum Average = 2 * Joint Average, only 1 needs to be calculated
2026-07-29 18:18:50,696 WARNING LBP 3D only available for 3 dimensional images, found 2 dimensions
2026-07-29 18:18:50,702 INFO Calculating features for logarithm image
2026-07-29 18:18:50,705 INFO Computing firstorder
2026-07-29 18:18:50,708 INFO Computing glcm
2026-07-29 18:18:50,709 WARNING GLCM is symmetrical, therefore Sum Average = 2 * Joint Average, only 1 needs to be calculated
2026-07-29 18:18:50,714 INFO Calculating features for square image
2026-07-29 18:18:50,717 INFO Computing firstorder
2026-07-29 18:18:50,719 INFO Computing glcm
2026-07-29 18:18:50,720 WARNING GLCM is symmetrical, therefore Sum Average = 2 * Joint Average, only 1 needs to be calculated
2026-07-29 18:18:50,725 INFO Calculating features for squareroot image
2026-07-29 18:18:50,729 INFO Computing firstorder
2026-07-29 18:18:50,731 INFO Computing glcm
2026-07-29 18:18:50,732 WARNING GLCM is symmetrical, therefore Sum Average = 2 * Joint Average, only 1 needs to be calculated
2026-07-29 18:18:50,738 INFO Computing Wavelet H
2026-07-29 18:18:50,738 INFO Calculating features for wavelet-H image
2026-07-29 18:18:50,742 INFO Computing firstorder
2026-07-29 18:18:50,743 INFO Computing glcm
2026-07-29 18:18:50,745 WARNING GLCM is symmetrical, therefore Sum Average = 2 * Joint Average, only 1 needs to be calculated
2026-07-29 18:18:50,745 INFO Calculating features for wavelet-L image
2026-07-29 18:18:50,748 INFO Computing firstorder
2026-07-29 18:18:50,750 INFO Computing glcm
2026-07-29 18:18:50,752 WARNING GLCM is symmetrical, therefore Sum Average = 2 * Joint Average, only 1 needs to be calculated
2026-07-29 18:18:50,787 INFO Calculating features with label: 1
2026-07-29 18:18:50,787 INFO Loading image and mask
2026-07-29 18:18:50,829 INFO Computing shape2D
2026-07-29 18:18:50,832 INFO Adding image type "Original" with custom settings: {}
2026-07-29 18:18:50,832 INFO Adding image type "Exponential" with custom settings: {}
2026-07-29 18:18:50,832 INFO Adding image type "Gradient" with custom settings: {}
2026-07-29 18:18:50,832 INFO Adding image type "LBP2D" with custom settings: {}
2026-07-29 18:18:50,832 INFO Adding image type "LBP3D" with custom settings: {}
2026-07-29 18:18:50,832 INFO Adding image type "LoG" with custom settings: {}
2026-07-29 18:18:50,832 INFO Adding image type "Logarithm" with custom settings: {}
2026-07-29 18:18:50,833 INFO Adding image type "Square" with custom settings: {}
2026-07-29 18:18:50,833 INFO Adding image type "SquareRoot" with custom settings: {}
2026-07-29 18:18:50,833 INFO Adding image type "Wavelet" with custom settings: {}
2026-07-29 18:18:50,833 INFO Calculating features for original image
2026-07-29 18:18:50,837 INFO Computing firstorder
2026-07-29 18:18:50,843 INFO Computing glcm
2026-07-29 18:18:50,847 WARNING GLCM is symmetrical, therefore Sum Average = 2 * Joint Average, only 1 needs to be calculated
2026-07-29 18:18:50,852 INFO Calculating features for exponential image
2026-07-29 18:18:50,855 INFO Computing firstorder
2026-07-29 18:18:50,861 INFO Computing glcm
2026-07-29 18:18:50,864 WARNING GLCM is symmetrical, therefore Sum Average = 2 * Joint Average, only 1 needs to be calculated
2026-07-29 18:18:50,867 INFO Calculating features for gradient image
2026-07-29 18:18:50,872 INFO Computing firstorder
2026-07-29 18:18:50,878 INFO Computing glcm
2026-07-29 18:18:50,881 WARNING GLCM is symmetrical, therefore Sum Average = 2 * Joint Average, only 1 needs to be calculated
2026-07-29 18:18:50,908 INFO Calculating features for lbp-2D image
2026-07-29 18:18:50,912 INFO Computing firstorder
2026-07-29 18:18:50,917 INFO Computing glcm
2026-07-29 18:18:50,919 WARNING GLCM is symmetrical, therefore Sum Average = 2 * Joint Average, only 1 needs to be calculated
2026-07-29 18:18:50,920 WARNING LBP 3D only available for 3 dimensional images, found 2 dimensions
2026-07-29 18:18:50,927 INFO Calculating features for logarithm image
2026-07-29 18:18:50,932 INFO Computing firstorder
2026-07-29 18:18:50,938 INFO Computing glcm
2026-07-29 18:18:50,942 WARNING GLCM is symmetrical, therefore Sum Average = 2 * Joint Average, only 1 needs to be calculated
2026-07-29 18:18:50,945 INFO Calculating features for square image
2026-07-29 18:18:50,949 INFO Computing firstorder
2026-07-29 18:18:50,956 INFO Computing glcm
2026-07-29 18:18:50,959 WARNING GLCM is symmetrical, therefore Sum Average = 2 * Joint Average, only 1 needs to be calculated
2026-07-29 18:18:50,965 INFO Calculating features for squareroot image
2026-07-29 18:18:50,969 INFO Computing firstorder
2026-07-29 18:18:50,976 INFO Computing glcm
2026-07-29 18:18:50,980 WARNING GLCM is symmetrical, therefore Sum Average = 2 * Joint Average, only 1 needs to be calculated
2026-07-29 18:18:50,986 INFO Computing Wavelet H
2026-07-29 18:18:50,986 INFO Calculating features for wavelet-H image
2026-07-29 18:18:50,990 INFO Computing firstorder
2026-07-29 18:18:50,998 INFO Computing glcm
2026-07-29 18:18:51,001 WARNING GLCM is symmetrical, therefore Sum Average = 2 * Joint Average, only 1 needs to be calculated
2026-07-29 18:18:51,002 INFO Calculating features for wavelet-L image
2026-07-29 18:18:51,005 INFO Computing firstorder
2026-07-29 18:18:51,011 INFO Computing glcm
2026-07-29 18:18:51,015 WARNING GLCM is symmetrical, therefore Sum Average = 2 * Joint Average, only 1 needs to be calculated
2026-07-29 18:18:51,234 INFO Calculating features with label: 1
2026-07-29 18:18:51,234 INFO Loading image and mask
2026-07-29 18:18:51,279 INFO Computing shape2D
2026-07-29 18:18:51,283 INFO Adding image type "Original" with custom settings: {}
2026-07-29 18:18:51,283 INFO Adding image type "Exponential" with custom settings: {}
2026-07-29 18:18:51,283 INFO Adding image type "Gradient" with custom settings: {}
2026-07-29 18:18:51,283 INFO Adding image type "LBP2D" with custom settings: {}
2026-07-29 18:18:51,283 INFO Adding image type "LBP3D" with custom settings: {}
2026-07-29 18:18:51,283 INFO Adding image type "LoG" with custom settings: {}
2026-07-29 18:18:51,283 INFO Adding image type "Logarithm" with custom settings: {}
2026-07-29 18:18:51,283 INFO Adding image type "Square" with custom settings: {}
2026-07-29 18:18:51,283 INFO Adding image type "SquareRoot" with custom settings: {}
2026-07-29 18:18:51,283 INFO Adding image type "Wavelet" with custom settings: {}
2026-07-29 18:18:51,283 INFO Calculating features for original image
2026-07-29 18:18:51,287 INFO Computing firstorder
2026-07-29 18:18:51,293 INFO Computing glcm
2026-07-29 18:18:51,297 WARNING GLCM is symmetrical, therefore Sum Average = 2 * Joint Average, only 1 needs to be calculated
2026-07-29 18:18:51,303 INFO Calculating features for exponential image
2026-07-29 18:18:51,309 INFO Computing firstorder
2026-07-29 18:18:51,314 INFO Computing glcm
2026-07-29 18:18:51,317 WARNING GLCM is symmetrical, therefore Sum Average = 2 * Joint Average, only 1 needs to be calculated
2026-07-29 18:18:51,321 INFO Calculating features for gradient image
2026-07-29 18:18:51,324 INFO Computing firstorder
2026-07-29 18:18:51,330 INFO Computing glcm
2026-07-29 18:18:51,333 WARNING GLCM is symmetrical, therefore Sum Average = 2 * Joint Average, only 1 needs to be calculated
2026-07-29 18:18:51,360 INFO Calculating features for lbp-2D image
2026-07-29 18:18:51,363 INFO Computing firstorder
2026-07-29 18:18:51,368 INFO Computing glcm
2026-07-29 18:18:51,371 WARNING GLCM is symmetrical, therefore Sum Average = 2 * Joint Average, only 1 needs to be calculated
2026-07-29 18:18:51,371 WARNING LBP 3D only available for 3 dimensional images, found 2 dimensions
2026-07-29 18:18:51,378 INFO Calculating features for logarithm image
2026-07-29 18:18:51,381 INFO Computing firstorder
2026-07-29 18:18:51,388 INFO Computing glcm
2026-07-29 18:18:51,392 WARNING GLCM is symmetrical, therefore Sum Average = 2 * Joint Average, only 1 needs to be calculated
2026-07-29 18:18:51,398 INFO Calculating features for square image
2026-07-29 18:18:51,402 INFO Computing firstorder
2026-07-29 18:18:51,408 INFO Computing glcm
2026-07-29 18:18:51,412 WARNING GLCM is symmetrical, therefore Sum Average = 2 * Joint Average, only 1 needs to be calculated
2026-07-29 18:18:51,418 INFO Calculating features for squareroot image
2026-07-29 18:18:51,422 INFO Computing firstorder
2026-07-29 18:18:51,428 INFO Computing glcm
2026-07-29 18:18:51,433 WARNING GLCM is symmetrical, therefore Sum Average = 2 * Joint Average, only 1 needs to be calculated
2026-07-29 18:18:51,442 INFO Computing Wavelet H
2026-07-29 18:18:51,442 INFO Calculating features for wavelet-H image
2026-07-29 18:18:51,447 INFO Computing firstorder
2026-07-29 18:18:51,453 INFO Computing glcm
2026-07-29 18:18:51,456 WARNING GLCM is symmetrical, therefore Sum Average = 2 * Joint Average, only 1 needs to be calculated
2026-07-29 18:18:51,457 INFO Calculating features for wavelet-L image
2026-07-29 18:18:51,460 INFO Computing firstorder
2026-07-29 18:18:51,466 INFO Computing glcm
2026-07-29 18:18:51,470 WARNING GLCM is symmetrical, therefore Sum Average = 2 * Joint Average, only 1 needs to be calculated
2026-07-29 18:18:51,504 INFO Calculating features with label: 1
2026-07-29 18:18:51,504 INFO Loading image and mask
2026-07-29 18:18:51,546 INFO Computing shape2D
2026-07-29 18:18:51,548 INFO Adding image type "Original" with custom settings: {}
2026-07-29 18:18:51,548 INFO Adding image type "Exponential" with custom settings: {}
2026-07-29 18:18:51,548 INFO Adding image type "Gradient" with custom settings: {}
2026-07-29 18:18:51,548 INFO Adding image type "LBP2D" with custom settings: {}
2026-07-29 18:18:51,548 INFO Adding image type "LBP3D" with custom settings: {}
2026-07-29 18:18:51,549 INFO Adding image type "LoG" with custom settings: {}
2026-07-29 18:18:51,549 INFO Adding image type "Logarithm" with custom settings: {}
2026-07-29 18:18:51,549 INFO Adding image type "Square" with custom settings: {}
2026-07-29 18:18:51,549 INFO Adding image type "SquareRoot" with custom settings: {}
2026-07-29 18:18:51,549 INFO Adding image type "Wavelet" with custom settings: {}
2026-07-29 18:18:51,549 INFO Calculating features for original image
2026-07-29 18:18:51,551 INFO Computing firstorder
2026-07-29 18:18:51,556 INFO Computing glcm
2026-07-29 18:18:51,560 WARNING GLCM is symmetrical, therefore Sum Average = 2 * Joint Average, only 1 needs to be calculated
2026-07-29 18:18:51,567 INFO Calculating features for exponential image
2026-07-29 18:18:51,572 INFO Computing firstorder
2026-07-29 18:18:51,579 INFO Computing glcm
2026-07-29 18:18:51,582 WARNING GLCM is symmetrical, therefore Sum Average = 2 * Joint Average, only 1 needs to be calculated
2026-07-29 18:18:51,585 INFO Calculating features for gradient image
2026-07-29 18:18:51,591 INFO Computing firstorder
2026-07-29 18:18:51,596 INFO Computing glcm
2026-07-29 18:18:51,599 WARNING GLCM is symmetrical, therefore Sum Average = 2 * Joint Average, only 1 needs to be calculated
2026-07-29 18:18:51,627 INFO Calculating features for lbp-2D image
2026-07-29 18:18:51,631 INFO Computing firstorder
2026-07-29 18:18:51,637 INFO Computing glcm
2026-07-29 18:18:51,640 WARNING GLCM is symmetrical, therefore Sum Average = 2 * Joint Average, only 1 needs to be calculated
2026-07-29 18:18:51,641 WARNING LBP 3D only available for 3 dimensional images, found 2 dimensions
2026-07-29 18:18:51,650 INFO Calculating features for logarithm image
2026-07-29 18:18:51,654 INFO Computing firstorder
2026-07-29 18:18:51,660 INFO Computing glcm
2026-07-29 18:18:51,663 WARNING GLCM is symmetrical, therefore Sum Average = 2 * Joint Average, only 1 needs to be calculated
2026-07-29 18:18:51,669 INFO Calculating features for square image
2026-07-29 18:18:51,672 INFO Computing firstorder
2026-07-29 18:18:51,678 INFO Computing glcm
2026-07-29 18:18:51,681 WARNING GLCM is symmetrical, therefore Sum Average = 2 * Joint Average, only 1 needs to be calculated
2026-07-29 18:18:51,688 INFO Calculating features for squareroot image
2026-07-29 18:18:51,692 INFO Computing firstorder
2026-07-29 18:18:51,698 INFO Computing glcm
2026-07-29 18:18:51,701 WARNING GLCM is symmetrical, therefore Sum Average = 2 * Joint Average, only 1 needs to be calculated
2026-07-29 18:18:51,709 INFO Computing Wavelet H
2026-07-29 18:18:51,710 INFO Calculating features for wavelet-H image
2026-07-29 18:18:51,713 INFO Computing firstorder
2026-07-29 18:18:51,719 INFO Computing glcm
2026-07-29 18:18:51,722 WARNING GLCM is symmetrical, therefore Sum Average = 2 * Joint Average, only 1 needs to be calculated
2026-07-29 18:18:51,723 INFO Calculating features for wavelet-L image
2026-07-29 18:18:51,727 INFO Computing firstorder
2026-07-29 18:18:51,735 INFO Computing glcm
2026-07-29 18:18:51,740 WARNING GLCM is symmetrical, therefore Sum Average = 2 * Joint Average, only 1 needs to be calculated
2026-07-29 18:18:51,775 INFO Calculating features with label: 1
2026-07-29 18:18:51,775 INFO Loading image and mask
2026-07-29 18:18:51,822 INFO Computing shape2D
2026-07-29 18:18:51,826 INFO Adding image type "Original" with custom settings: {}
2026-07-29 18:18:51,826 INFO Adding image type "Exponential" with custom settings: {}
2026-07-29 18:18:51,826 INFO Adding image type "Gradient" with custom settings: {}
2026-07-29 18:18:51,826 INFO Adding image type "LBP2D" with custom settings: {}
2026-07-29 18:18:51,827 INFO Adding image type "LBP3D" with custom settings: {}
2026-07-29 18:18:51,827 INFO Adding image type "LoG" with custom settings: {}
2026-07-29 18:18:51,827 INFO Adding image type "Logarithm" with custom settings: {}
2026-07-29 18:18:51,827 INFO Adding image type "Square" with custom settings: {}
2026-07-29 18:18:51,827 INFO Adding image type "SquareRoot" with custom settings: {}
2026-07-29 18:18:51,827 INFO Adding image type "Wavelet" with custom settings: {}
2026-07-29 18:18:51,827 INFO Calculating features for original image
2026-07-29 18:18:51,830 INFO Computing firstorder
2026-07-29 18:18:51,837 INFO Computing glcm
2026-07-29 18:18:51,841 WARNING GLCM is symmetrical, therefore Sum Average = 2 * Joint Average, only 1 needs to be calculated
2026-07-29 18:18:51,849 INFO Calculating features for exponential image
2026-07-29 18:18:51,853 INFO Computing firstorder
2026-07-29 18:18:51,859 INFO Computing glcm
2026-07-29 18:18:51,862 WARNING GLCM is symmetrical, therefore Sum Average = 2 * Joint Average, only 1 needs to be calculated
2026-07-29 18:18:51,865 INFO Calculating features for gradient image
2026-07-29 18:18:51,868 INFO Computing firstorder
2026-07-29 18:18:51,873 INFO Computing glcm
2026-07-29 18:18:51,877 WARNING GLCM is symmetrical, therefore Sum Average = 2 * Joint Average, only 1 needs to be calculated
2026-07-29 18:18:51,902 INFO Calculating features for lbp-2D image
2026-07-29 18:18:51,905 INFO Computing firstorder
2026-07-29 18:18:51,910 INFO Computing glcm
2026-07-29 18:18:51,913 WARNING GLCM is symmetrical, therefore Sum Average = 2 * Joint Average, only 1 needs to be calculated
2026-07-29 18:18:51,914 WARNING LBP 3D only available for 3 dimensional images, found 2 dimensions
2026-07-29 18:18:51,921 INFO Calculating features for logarithm image
2026-07-29 18:18:51,925 INFO Computing firstorder
2026-07-29 18:18:51,931 INFO Computing glcm
2026-07-29 18:18:51,934 WARNING GLCM is symmetrical, therefore Sum Average = 2 * Joint Average, only 1 needs to be calculated
2026-07-29 18:18:51,939 INFO Calculating features for square image
2026-07-29 18:18:51,944 INFO Computing firstorder
2026-07-29 18:18:51,951 INFO Computing glcm
2026-07-29 18:18:51,954 WARNING GLCM is symmetrical, therefore Sum Average = 2 * Joint Average, only 1 needs to be calculated
2026-07-29 18:18:51,961 INFO Calculating features for squareroot image
2026-07-29 18:18:51,965 INFO Computing firstorder
2026-07-29 18:18:51,972 INFO Computing glcm
2026-07-29 18:18:51,977 WARNING GLCM is symmetrical, therefore Sum Average = 2 * Joint Average, only 1 needs to be calculated
2026-07-29 18:18:51,985 INFO Computing Wavelet H
2026-07-29 18:18:51,985 INFO Calculating features for wavelet-H image
2026-07-29 18:18:51,989 INFO Computing firstorder
2026-07-29 18:18:51,997 INFO Computing glcm
2026-07-29 18:18:52,000 WARNING GLCM is symmetrical, therefore Sum Average = 2 * Joint Average, only 1 needs to be calculated
2026-07-29 18:18:52,001 INFO Calculating features for wavelet-L image
2026-07-29 18:18:52,004 INFO Computing firstorder
2026-07-29 18:18:52,010 INFO Computing glcm
2026-07-29 18:18:52,016 WARNING GLCM is symmetrical, therefore Sum Average = 2 * Joint Average, only 1 needs to be calculated
2026-07-29 18:18:52,068 INFO Calculating features with label: 1
2026-07-29 18:18:52,069 INFO Loading image and mask
2026-07-29 18:18:52,108 INFO Computing shape2D
2026-07-29 18:18:52,110 INFO Adding image type "Original" with custom settings: {}
2026-07-29 18:18:52,110 INFO Adding image type "Exponential" with custom settings: {}
2026-07-29 18:18:52,110 INFO Adding image type "Gradient" with custom settings: {}
2026-07-29 18:18:52,110 INFO Adding image type "LBP2D" with custom settings: {}
2026-07-29 18:18:52,110 INFO Adding image type "LBP3D" with custom settings: {}
2026-07-29 18:18:52,110 INFO Adding image type "LoG" with custom settings: {}
2026-07-29 18:18:52,111 INFO Adding image type "Logarithm" with custom settings: {}
2026-07-29 18:18:52,111 INFO Adding image type "Square" with custom settings: {}
2026-07-29 18:18:52,111 INFO Adding image type "SquareRoot" with custom settings: {}
2026-07-29 18:18:52,111 INFO Adding image type "Wavelet" with custom settings: {}
2026-07-29 18:18:52,111 INFO Calculating features for original image
2026-07-29 18:18:52,114 INFO Computing firstorder
2026-07-29 18:18:52,119 INFO Computing glcm
2026-07-29 18:18:52,123 WARNING GLCM is symmetrical, therefore Sum Average = 2 * Joint Average, only 1 needs to be calculated
2026-07-29 18:18:52,129 INFO Calculating features for exponential image
2026-07-29 18:18:52,132 INFO Computing firstorder
2026-07-29 18:18:52,138 INFO Computing glcm
2026-07-29 18:18:52,141 WARNING GLCM is symmetrical, therefore Sum Average = 2 * Joint Average, only 1 needs to be calculated
2026-07-29 18:18:52,144 INFO Calculating features for gradient image
2026-07-29 18:18:52,146 INFO Computing firstorder
2026-07-29 18:18:52,152 INFO Computing glcm
2026-07-29 18:18:52,155 WARNING GLCM is symmetrical, therefore Sum Average = 2 * Joint Average, only 1 needs to be calculated
2026-07-29 18:18:52,180 INFO Calculating features for lbp-2D image
2026-07-29 18:18:52,183 INFO Computing firstorder
2026-07-29 18:18:52,188 INFO Computing glcm
2026-07-29 18:18:52,191 WARNING GLCM is symmetrical, therefore Sum Average = 2 * Joint Average, only 1 needs to be calculated
2026-07-29 18:18:52,192 WARNING LBP 3D only available for 3 dimensional images, found 2 dimensions
2026-07-29 18:18:52,199 INFO Calculating features for logarithm image
2026-07-29 18:18:52,202 INFO Computing firstorder
2026-07-29 18:18:52,207 INFO Computing glcm
2026-07-29 18:18:52,211 WARNING GLCM is symmetrical, therefore Sum Average = 2 * Joint Average, only 1 needs to be calculated
2026-07-29 18:18:52,216 INFO Calculating features for square image
2026-07-29 18:18:52,219 INFO Computing firstorder
2026-07-29 18:18:52,224 INFO Computing glcm
2026-07-29 18:18:52,227 WARNING GLCM is symmetrical, therefore Sum Average = 2 * Joint Average, only 1 needs to be calculated
2026-07-29 18:18:52,233 INFO Calculating features for squareroot image
2026-07-29 18:18:52,237 INFO Computing firstorder
2026-07-29 18:18:52,243 INFO Computing glcm
2026-07-29 18:18:52,246 WARNING GLCM is symmetrical, therefore Sum Average = 2 * Joint Average, only 1 needs to be calculated
2026-07-29 18:18:52,254 INFO Computing Wavelet H
2026-07-29 18:18:52,254 INFO Calculating features for wavelet-H image
2026-07-29 18:18:52,259 INFO Computing firstorder
2026-07-29 18:18:52,264 INFO Computing glcm
2026-07-29 18:18:52,267 WARNING GLCM is symmetrical, therefore Sum Average = 2 * Joint Average, only 1 needs to be calculated
2026-07-29 18:18:52,268 INFO Calculating features for wavelet-L image
2026-07-29 18:18:52,271 INFO Computing firstorder
2026-07-29 18:18:52,277 INFO Computing glcm
2026-07-29 18:18:52,281 WARNING GLCM is symmetrical, therefore Sum Average = 2 * Joint Average, only 1 needs to be calculated
2026-07-29 18:18:52,369 INFO Calculating features with label: 1
2026-07-29 18:18:52,370 INFO Loading image and mask
2026-07-29 18:18:52,410 INFO Computing shape2D
2026-07-29 18:18:52,413 INFO Adding image type "Original" with custom settings: {}
2026-07-29 18:18:52,413 INFO Adding image type "Exponential" with custom settings: {}
2026-07-29 18:18:52,413 INFO Adding image type "Gradient" with custom settings: {}
2026-07-29 18:18:52,413 INFO Adding image type "LBP2D" with custom settings: {}
2026-07-29 18:18:52,413 INFO Adding image type "LBP3D" with custom settings: {}
2026-07-29 18:18:52,413 INFO Adding image type "LoG" with custom settings: {}
2026-07-29 18:18:52,413 INFO Adding image type "Logarithm" with custom settings: {}
2026-07-29 18:18:52,413 INFO Adding image type "Square" with custom settings: {}
2026-07-29 18:18:52,414 INFO Adding image type "SquareRoot" with custom settings: {}
2026-07-29 18:18:52,414 INFO Adding image type "Wavelet" with custom settings: {}
2026-07-29 18:18:52,414 INFO Calculating features for original image
2026-07-29 18:18:52,417 INFO Computing firstorder
2026-07-29 18:18:52,423 INFO Computing glcm
2026-07-29 18:18:52,427 WARNING GLCM is symmetrical, therefore Sum Average = 2 * Joint Average, only 1 needs to be calculated
2026-07-29 18:18:52,432 INFO Calculating features for exponential image
2026-07-29 18:18:52,435 INFO Computing firstorder
2026-07-29 18:18:52,441 INFO Computing glcm
2026-07-29 18:18:52,444 WARNING GLCM is symmetrical, therefore Sum Average = 2 * Joint Average, only 1 needs to be calculated
2026-07-29 18:18:52,447 INFO Calculating features for gradient image
2026-07-29 18:18:52,451 INFO Computing firstorder
2026-07-29 18:18:52,458 INFO Computing glcm
2026-07-29 18:18:52,463 WARNING GLCM is symmetrical, therefore Sum Average = 2 * Joint Average, only 1 needs to be calculated
2026-07-29 18:18:52,496 INFO Calculating features for lbp-2D image
2026-07-29 18:18:52,500 INFO Computing firstorder
2026-07-29 18:18:52,505 INFO Computing glcm
2026-07-29 18:18:52,508 WARNING GLCM is symmetrical, therefore Sum Average = 2 * Joint Average, only 1 needs to be calculated
2026-07-29 18:18:52,509 WARNING LBP 3D only available for 3 dimensional images, found 2 dimensions
2026-07-29 18:18:52,516 INFO Calculating features for logarithm image
2026-07-29 18:18:52,519 INFO Computing firstorder
2026-07-29 18:18:52,526 INFO Computing glcm
2026-07-29 18:18:52,530 WARNING GLCM is symmetrical, therefore Sum Average = 2 * Joint Average, only 1 needs to be calculated
2026-07-29 18:18:52,535 INFO Calculating features for square image
2026-07-29 18:18:52,539 INFO Computing firstorder
2026-07-29 18:18:52,545 INFO Computing glcm
2026-07-29 18:18:52,548 WARNING GLCM is symmetrical, therefore Sum Average = 2 * Joint Average, only 1 needs to be calculated
2026-07-29 18:18:52,554 INFO Calculating features for squareroot image
2026-07-29 18:18:52,558 INFO Computing firstorder
2026-07-29 18:18:52,564 INFO Computing glcm
2026-07-29 18:18:52,567 WARNING GLCM is symmetrical, therefore Sum Average = 2 * Joint Average, only 1 needs to be calculated
2026-07-29 18:18:52,576 INFO Computing Wavelet H
2026-07-29 18:18:52,576 INFO Calculating features for wavelet-H image
2026-07-29 18:18:52,579 INFO Computing firstorder
2026-07-29 18:18:52,586 INFO Computing glcm
2026-07-29 18:18:52,589 WARNING GLCM is symmetrical, therefore Sum Average = 2 * Joint Average, only 1 needs to be calculated
2026-07-29 18:18:52,590 INFO Calculating features for wavelet-L image
2026-07-29 18:18:52,594 INFO Computing firstorder
2026-07-29 18:18:52,600 INFO Computing glcm
2026-07-29 18:18:52,604 WARNING GLCM is symmetrical, therefore Sum Average = 2 * Joint Average, only 1 needs to be calculated
2026-07-29 18:18:52,873 INFO Calculating features with label: 1
2026-07-29 18:18:52,873 INFO Loading image and mask
2026-07-29 18:18:52,914 INFO Computing shape2D
2026-07-29 18:18:52,917 INFO Adding image type "Original" with custom settings: {}
2026-07-29 18:18:52,917 INFO Adding image type "Exponential" with custom settings: {}
2026-07-29 18:18:52,917 INFO Adding image type "Gradient" with custom settings: {}
2026-07-29 18:18:52,917 INFO Adding image type "LBP2D" with custom settings: {}
2026-07-29 18:18:52,917 INFO Adding image type "LBP3D" with custom settings: {}
2026-07-29 18:18:52,917 INFO Adding image type "LoG" with custom settings: {}
2026-07-29 18:18:52,917 INFO Adding image type "Logarithm" with custom settings: {}
2026-07-29 18:18:52,917 INFO Adding image type "Square" with custom settings: {}
2026-07-29 18:18:52,917 INFO Adding image type "SquareRoot" with custom settings: {}
2026-07-29 18:18:52,917 INFO Adding image type "Wavelet" with custom settings: {}
2026-07-29 18:18:52,917 INFO Calculating features for original image
2026-07-29 18:18:52,920 INFO Computing firstorder
2026-07-29 18:18:52,925 INFO Computing glcm
2026-07-29 18:18:52,928 WARNING GLCM is symmetrical, therefore Sum Average = 2 * Joint Average, only 1 needs to be calculated
2026-07-29 18:18:52,935 INFO Calculating features for exponential image
2026-07-29 18:18:52,939 INFO Computing firstorder
2026-07-29 18:18:52,944 INFO Computing glcm
2026-07-29 18:18:52,947 WARNING GLCM is symmetrical, therefore Sum Average = 2 * Joint Average, only 1 needs to be calculated
2026-07-29 18:18:52,951 INFO Calculating features for gradient image
2026-07-29 18:18:52,954 INFO Computing firstorder
2026-07-29 18:18:52,960 INFO Computing glcm
2026-07-29 18:18:52,962 WARNING GLCM is symmetrical, therefore Sum Average = 2 * Joint Average, only 1 needs to be calculated
2026-07-29 18:18:52,992 INFO Calculating features for lbp-2D image
2026-07-29 18:18:52,995 INFO Computing firstorder
2026-07-29 18:18:53,000 INFO Computing glcm
2026-07-29 18:18:53,003 WARNING GLCM is symmetrical, therefore Sum Average = 2 * Joint Average, only 1 needs to be calculated
2026-07-29 18:18:53,004 WARNING LBP 3D only available for 3 dimensional images, found 2 dimensions
2026-07-29 18:18:53,011 INFO Calculating features for logarithm image
2026-07-29 18:18:53,014 INFO Computing firstorder
2026-07-29 18:18:53,020 INFO Computing glcm
2026-07-29 18:18:53,023 WARNING GLCM is symmetrical, therefore Sum Average = 2 * Joint Average, only 1 needs to be calculated
2026-07-29 18:18:53,028 INFO Calculating features for square image
2026-07-29 18:18:53,032 INFO Computing firstorder
2026-07-29 18:18:53,037 INFO Computing glcm
2026-07-29 18:18:53,040 WARNING GLCM is symmetrical, therefore Sum Average = 2 * Joint Average, only 1 needs to be calculated
2026-07-29 18:18:53,047 INFO Calculating features for squareroot image
2026-07-29 18:18:53,051 INFO Computing firstorder
2026-07-29 18:18:53,058 INFO Computing glcm
2026-07-29 18:18:53,062 WARNING GLCM is symmetrical, therefore Sum Average = 2 * Joint Average, only 1 needs to be calculated
2026-07-29 18:18:53,071 INFO Computing Wavelet H
2026-07-29 18:18:53,071 INFO Calculating features for wavelet-H image
2026-07-29 18:18:53,077 INFO Computing firstorder
2026-07-29 18:18:53,083 INFO Computing glcm
2026-07-29 18:18:53,085 WARNING GLCM is symmetrical, therefore Sum Average = 2 * Joint Average, only 1 needs to be calculated
2026-07-29 18:18:53,086 INFO Calculating features for wavelet-L image
2026-07-29 18:18:53,091 INFO Computing firstorder
2026-07-29 18:18:53,096 INFO Computing glcm
2026-07-29 18:18:53,101 WARNING GLCM is symmetrical, therefore Sum Average = 2 * Joint Average, only 1 needs to be calculated
2026-07-29 18:18:53,141 INFO Calculating features with label: 1
2026-07-29 18:18:53,141 INFO Loading image and mask
2026-07-29 18:18:53,185 INFO Computing shape2D
2026-07-29 18:18:53,188 INFO Adding image type "Original" with custom settings: {}
2026-07-29 18:18:53,188 INFO Adding image type "Exponential" with custom settings: {}
2026-07-29 18:18:53,188 INFO Adding image type "Gradient" with custom settings: {}
2026-07-29 18:18:53,188 INFO Adding image type "LBP2D" with custom settings: {}
2026-07-29 18:18:53,188 INFO Adding image type "LBP3D" with custom settings: {}
2026-07-29 18:18:53,188 INFO Adding image type "LoG" with custom settings: {}
2026-07-29 18:18:53,188 INFO Adding image type "Logarithm" with custom settings: {}
2026-07-29 18:18:53,188 INFO Adding image type "Square" with custom settings: {}
2026-07-29 18:18:53,188 INFO Adding image type "SquareRoot" with custom settings: {}
2026-07-29 18:18:53,188 INFO Adding image type "Wavelet" with custom settings: {}
2026-07-29 18:18:53,188 INFO Calculating features for original image
2026-07-29 18:18:53,191 INFO Computing firstorder
2026-07-29 18:18:53,198 INFO Computing glcm
2026-07-29 18:18:53,201 WARNING GLCM is symmetrical, therefore Sum Average = 2 * Joint Average, only 1 needs to be calculated
2026-07-29 18:18:53,207 INFO Calculating features for exponential image
2026-07-29 18:18:53,211 INFO Computing firstorder
2026-07-29 18:18:53,217 INFO Computing glcm
2026-07-29 18:18:53,220 WARNING GLCM is symmetrical, therefore Sum Average = 2 * Joint Average, only 1 needs to be calculated
2026-07-29 18:18:53,223 INFO Calculating features for gradient image
2026-07-29 18:18:53,227 INFO Computing firstorder
2026-07-29 18:18:53,233 INFO Computing glcm
2026-07-29 18:18:53,236 WARNING GLCM is symmetrical, therefore Sum Average = 2 * Joint Average, only 1 needs to be calculated
2026-07-29 18:18:53,263 INFO Calculating features for lbp-2D image
2026-07-29 18:18:53,266 INFO Computing firstorder
2026-07-29 18:18:53,273 INFO Computing glcm
2026-07-29 18:18:53,277 WARNING GLCM is symmetrical, therefore Sum Average = 2 * Joint Average, only 1 needs to be calculated
2026-07-29 18:18:53,278 WARNING LBP 3D only available for 3 dimensional images, found 2 dimensions
2026-07-29 18:18:53,286 INFO Calculating features for logarithm image
2026-07-29 18:18:53,291 INFO Computing firstorder
2026-07-29 18:18:53,297 INFO Computing glcm
2026-07-29 18:18:53,300 WARNING GLCM is symmetrical, therefore Sum Average = 2 * Joint Average, only 1 needs to be calculated
2026-07-29 18:18:53,306 INFO Calculating features for square image
2026-07-29 18:18:53,309 INFO Computing firstorder
2026-07-29 18:18:53,315 INFO Computing glcm
2026-07-29 18:18:53,319 WARNING GLCM is symmetrical, therefore Sum Average = 2 * Joint Average, only 1 needs to be calculated
2026-07-29 18:18:53,325 INFO Calculating features for squareroot image
2026-07-29 18:18:53,329 INFO Computing firstorder
2026-07-29 18:18:53,335 INFO Computing glcm
2026-07-29 18:18:53,339 WARNING GLCM is symmetrical, therefore Sum Average = 2 * Joint Average, only 1 needs to be calculated
2026-07-29 18:18:53,348 INFO Computing Wavelet H
2026-07-29 18:18:53,349 INFO Calculating features for wavelet-H image
2026-07-29 18:18:53,352 INFO Computing firstorder
2026-07-29 18:18:53,359 INFO Computing glcm
2026-07-29 18:18:53,363 WARNING GLCM is symmetrical, therefore Sum Average = 2 * Joint Average, only 1 needs to be calculated
2026-07-29 18:18:53,363 INFO Calculating features for wavelet-L image
2026-07-29 18:18:53,366 INFO Computing firstorder
2026-07-29 18:18:53,373 INFO Computing glcm
2026-07-29 18:18:53,377 WARNING GLCM is symmetrical, therefore Sum Average = 2 * Joint Average, only 1 needs to be calculated
2026-07-29 18:18:53,412 INFO Calculating features with label: 1
2026-07-29 18:18:53,412 INFO Loading image and mask
2026-07-29 18:18:53,451 INFO Computing shape2D
2026-07-29 18:18:53,453 INFO Adding image type "Original" with custom settings: {}
2026-07-29 18:18:53,453 INFO Adding image type "Exponential" with custom settings: {}
2026-07-29 18:18:53,453 INFO Adding image type "Gradient" with custom settings: {}
2026-07-29 18:18:53,453 INFO Adding image type "LBP2D" with custom settings: {}
2026-07-29 18:18:53,453 INFO Adding image type "LBP3D" with custom settings: {}
2026-07-29 18:18:53,453 INFO Adding image type "LoG" with custom settings: {}
2026-07-29 18:18:53,453 INFO Adding image type "Logarithm" with custom settings: {}
2026-07-29 18:18:53,453 INFO Adding image type "Square" with custom settings: {}
2026-07-29 18:18:53,453 INFO Adding image type "SquareRoot" with custom settings: {}
2026-07-29 18:18:53,453 INFO Adding image type "Wavelet" with custom settings: {}
2026-07-29 18:18:53,453 INFO Calculating features for original image
2026-07-29 18:18:53,456 INFO Computing firstorder
2026-07-29 18:18:53,461 INFO Computing glcm
2026-07-29 18:18:53,465 WARNING GLCM is symmetrical, therefore Sum Average = 2 * Joint Average, only 1 needs to be calculated
2026-07-29 18:18:53,470 INFO Calculating features for exponential image
2026-07-29 18:18:53,474 INFO Computing firstorder
2026-07-29 18:18:53,479 INFO Computing glcm
2026-07-29 18:18:53,481 WARNING GLCM is symmetrical, therefore Sum Average = 2 * Joint Average, only 1 needs to be calculated
2026-07-29 18:18:53,485 INFO Calculating features for gradient image
2026-07-29 18:18:53,487 INFO Computing firstorder
2026-07-29 18:18:53,494 INFO Computing glcm
2026-07-29 18:18:53,497 WARNING GLCM is symmetrical, therefore Sum Average = 2 * Joint Average, only 1 needs to be calculated
2026-07-29 18:18:53,521 INFO Calculating features for lbp-2D image
2026-07-29 18:18:53,526 INFO Computing firstorder
2026-07-29 18:18:53,531 INFO Computing glcm
2026-07-29 18:18:53,533 WARNING GLCM is symmetrical, therefore Sum Average = 2 * Joint Average, only 1 needs to be calculated
2026-07-29 18:18:53,534 WARNING LBP 3D only available for 3 dimensional images, found 2 dimensions
2026-07-29 18:18:53,541 INFO Calculating features for logarithm image
2026-07-29 18:18:53,545 INFO Computing firstorder
2026-07-29 18:18:53,550 INFO Computing glcm
2026-07-29 18:18:53,553 WARNING GLCM is symmetrical, therefore Sum Average = 2 * Joint Average, only 1 needs to be calculated
2026-07-29 18:18:53,559 INFO Calculating features for square image
2026-07-29 18:18:53,562 INFO Computing firstorder
2026-07-29 18:18:53,567 INFO Computing glcm
2026-07-29 18:18:53,570 WARNING GLCM is symmetrical, therefore Sum Average = 2 * Joint Average, only 1 needs to be calculated
2026-07-29 18:18:53,576 INFO Calculating features for squareroot image
2026-07-29 18:18:53,579 INFO Computing firstorder
2026-07-29 18:18:53,585 INFO Computing glcm
2026-07-29 18:18:53,589 WARNING GLCM is symmetrical, therefore Sum Average = 2 * Joint Average, only 1 needs to be calculated
2026-07-29 18:18:53,598 INFO Computing Wavelet H
2026-07-29 18:18:53,598 INFO Calculating features for wavelet-H image
2026-07-29 18:18:53,602 INFO Computing firstorder
2026-07-29 18:18:53,609 INFO Computing glcm
2026-07-29 18:18:53,612 WARNING GLCM is symmetrical, therefore Sum Average = 2 * Joint Average, only 1 needs to be calculated
2026-07-29 18:18:53,613 INFO Calculating features for wavelet-L image
2026-07-29 18:18:53,616 INFO Computing firstorder
2026-07-29 18:18:53,622 INFO Computing glcm
2026-07-29 18:18:53,627 WARNING GLCM is symmetrical, therefore Sum Average = 2 * Joint Average, only 1 needs to be calculated
2026-07-29 18:18:53,791 INFO Calculating features with label: 1
2026-07-29 18:18:53,791 INFO Loading image and mask
2026-07-29 18:18:53,835 INFO Computing shape2D
2026-07-29 18:18:53,837 INFO Adding image type "Original" with custom settings: {}
2026-07-29 18:18:53,837 INFO Adding image type "Exponential" with custom settings: {}
2026-07-29 18:18:53,837 INFO Adding image type "Gradient" with custom settings: {}
2026-07-29 18:18:53,837 INFO Adding image type "LBP2D" with custom settings: {}
2026-07-29 18:18:53,837 INFO Adding image type "LBP3D" with custom settings: {}
2026-07-29 18:18:53,837 INFO Adding image type "LoG" with custom settings: {}
2026-07-29 18:18:53,837 INFO Adding image type "Logarithm" with custom settings: {}
2026-07-29 18:18:53,837 INFO Adding image type "Square" with custom settings: {}
2026-07-29 18:18:53,837 INFO Adding image type "SquareRoot" with custom settings: {}
2026-07-29 18:18:53,837 INFO Adding image type "Wavelet" with custom settings: {}
2026-07-29 18:18:53,837 INFO Calculating features for original image
2026-07-29 18:18:53,841 INFO Computing firstorder
2026-07-29 18:18:53,847 INFO Computing glcm
2026-07-29 18:18:53,850 WARNING GLCM is symmetrical, therefore Sum Average = 2 * Joint Average, only 1 needs to be calculated
2026-07-29 18:18:53,856 INFO Calculating features for exponential image
2026-07-29 18:18:53,860 INFO Computing firstorder
2026-07-29 18:18:53,868 INFO Computing glcm
2026-07-29 18:18:53,872 WARNING GLCM is symmetrical, therefore Sum Average = 2 * Joint Average, only 1 needs to be calculated
2026-07-29 18:18:53,875 INFO Calculating features for gradient image
2026-07-29 18:18:53,879 INFO Computing firstorder
2026-07-29 18:18:53,884 INFO Computing glcm
2026-07-29 18:18:53,888 WARNING GLCM is symmetrical, therefore Sum Average = 2 * Joint Average, only 1 needs to be calculated
2026-07-29 18:18:53,913 INFO Calculating features for lbp-2D image
2026-07-29 18:18:53,916 INFO Computing firstorder
2026-07-29 18:18:53,921 INFO Computing glcm
2026-07-29 18:18:53,925 WARNING GLCM is symmetrical, therefore Sum Average = 2 * Joint Average, only 1 needs to be calculated
2026-07-29 18:18:53,925 WARNING LBP 3D only available for 3 dimensional images, found 2 dimensions
2026-07-29 18:18:53,933 INFO Calculating features for logarithm image
2026-07-29 18:18:53,936 INFO Computing firstorder
2026-07-29 18:18:53,942 INFO Computing glcm
2026-07-29 18:18:53,946 WARNING GLCM is symmetrical, therefore Sum Average = 2 * Joint Average, only 1 needs to be calculated
2026-07-29 18:18:53,950 INFO Calculating features for square image
2026-07-29 18:18:53,954 INFO Computing firstorder
2026-07-29 18:18:53,960 INFO Computing glcm
2026-07-29 18:18:53,963 WARNING GLCM is symmetrical, therefore Sum Average = 2 * Joint Average, only 1 needs to be calculated
2026-07-29 18:18:53,969 INFO Calculating features for squareroot image
2026-07-29 18:18:53,974 INFO Computing firstorder
2026-07-29 18:18:53,983 INFO Computing glcm
2026-07-29 18:18:53,987 WARNING GLCM is symmetrical, therefore Sum Average = 2 * Joint Average, only 1 needs to be calculated
2026-07-29 18:18:53,997 INFO Computing Wavelet H
2026-07-29 18:18:53,998 INFO Calculating features for wavelet-H image
2026-07-29 18:18:54,002 INFO Computing firstorder
2026-07-29 18:18:54,008 INFO Computing glcm
2026-07-29 18:18:54,011 WARNING GLCM is symmetrical, therefore Sum Average = 2 * Joint Average, only 1 needs to be calculated
2026-07-29 18:18:54,012 INFO Calculating features for wavelet-L image
2026-07-29 18:18:54,015 INFO Computing firstorder
2026-07-29 18:18:54,021 INFO Computing glcm
2026-07-29 18:18:54,025 WARNING GLCM is symmetrical, therefore Sum Average = 2 * Joint Average, only 1 needs to be calculated
2026-07-29 18:18:54,074 INFO Calculating features with label: 1
2026-07-29 18:18:54,074 INFO Loading image and mask
2026-07-29 18:18:54,128 INFO Computing shape2D
2026-07-29 18:18:54,132 INFO Adding image type "Original" with custom settings: {}
2026-07-29 18:18:54,132 INFO Adding image type "Exponential" with custom settings: {}
2026-07-29 18:18:54,132 INFO Adding image type "Gradient" with custom settings: {}
2026-07-29 18:18:54,132 INFO Adding image type "LBP2D" with custom settings: {}
2026-07-29 18:18:54,132 INFO Adding image type "LBP3D" with custom settings: {}
2026-07-29 18:18:54,132 INFO Adding image type "LoG" with custom settings: {}
2026-07-29 18:18:54,132 INFO Adding image type "Logarithm" with custom settings: {}
2026-07-29 18:18:54,132 INFO Adding image type "Square" with custom settings: {}
2026-07-29 18:18:54,132 INFO Adding image type "SquareRoot" with custom settings: {}
2026-07-29 18:18:54,132 INFO Adding image type "Wavelet" with custom settings: {}
2026-07-29 18:18:54,132 INFO Calculating features for original image
2026-07-29 18:18:54,135 INFO Computing firstorder
2026-07-29 18:18:54,144 INFO Computing glcm
2026-07-29 18:18:54,149 WARNING GLCM is symmetrical, therefore Sum Average = 2 * Joint Average, only 1 needs to be calculated
2026-07-29 18:18:54,155 INFO Calculating features for exponential image
2026-07-29 18:18:54,159 INFO Computing firstorder
2026-07-29 18:18:54,166 INFO Computing glcm
2026-07-29 18:18:54,171 WARNING GLCM is symmetrical, therefore Sum Average = 2 * Joint Average, only 1 needs to be calculated
2026-07-29 18:18:54,176 INFO Calculating features for gradient image
2026-07-29 18:18:54,179 INFO Computing firstorder
2026-07-29 18:18:54,187 INFO Computing glcm
2026-07-29 18:18:54,191 WARNING GLCM is symmetrical, therefore Sum Average = 2 * Joint Average, only 1 needs to be calculated
2026-07-29 18:18:54,216 INFO Calculating features for lbp-2D image
2026-07-29 18:18:54,220 INFO Computing firstorder
2026-07-29 18:18:54,226 INFO Computing glcm
2026-07-29 18:18:54,230 WARNING GLCM is symmetrical, therefore Sum Average = 2 * Joint Average, only 1 needs to be calculated
2026-07-29 18:18:54,231 WARNING LBP 3D only available for 3 dimensional images, found 2 dimensions
2026-07-29 18:18:54,238 INFO Calculating features for logarithm image
2026-07-29 18:18:54,241 INFO Computing firstorder
2026-07-29 18:18:54,248 INFO Computing glcm
2026-07-29 18:18:54,253 WARNING GLCM is symmetrical, therefore Sum Average = 2 * Joint Average, only 1 needs to be calculated
2026-07-29 18:18:54,258 INFO Calculating features for square image
2026-07-29 18:18:54,261 INFO Computing firstorder
2026-07-29 18:18:54,268 INFO Computing glcm
2026-07-29 18:18:54,272 WARNING GLCM is symmetrical, therefore Sum Average = 2 * Joint Average, only 1 needs to be calculated
2026-07-29 18:18:54,279 INFO Calculating features for squareroot image
2026-07-29 18:18:54,282 INFO Computing firstorder
2026-07-29 18:18:54,289 INFO Computing glcm
2026-07-29 18:18:54,294 WARNING GLCM is symmetrical, therefore Sum Average = 2 * Joint Average, only 1 needs to be calculated
2026-07-29 18:18:54,302 INFO Computing Wavelet H
2026-07-29 18:18:54,302 INFO Calculating features for wavelet-H image
2026-07-29 18:18:54,305 INFO Computing firstorder
2026-07-29 18:18:54,318 INFO Computing glcm
2026-07-29 18:18:54,323 WARNING GLCM is symmetrical, therefore Sum Average = 2 * Joint Average, only 1 needs to be calculated
2026-07-29 18:18:54,324 INFO Calculating features for wavelet-L image
2026-07-29 18:18:54,329 INFO Computing firstorder
2026-07-29 18:18:54,338 INFO Computing glcm
2026-07-29 18:18:54,343 WARNING GLCM is symmetrical, therefore Sum Average = 2 * Joint Average, only 1 needs to be calculated
2026-07-29 18:18:54,378 INFO Calculating features with label: 1
2026-07-29 18:18:54,378 INFO Loading image and mask
2026-07-29 18:18:54,423 INFO Computing shape2D
2026-07-29 18:18:54,424 INFO Adding image type "Original" with custom settings: {}
2026-07-29 18:18:54,424 INFO Adding image type "Exponential" with custom settings: {}
2026-07-29 18:18:54,424 INFO Adding image type "Gradient" with custom settings: {}
2026-07-29 18:18:54,424 INFO Adding image type "LBP2D" with custom settings: {}
2026-07-29 18:18:54,424 INFO Adding image type "LBP3D" with custom settings: {}
2026-07-29 18:18:54,424 INFO Adding image type "LoG" with custom settings: {}
2026-07-29 18:18:54,424 INFO Adding image type "Logarithm" with custom settings: {}
2026-07-29 18:18:54,424 INFO Adding image type "Square" with custom settings: {}
2026-07-29 18:18:54,425 INFO Adding image type "SquareRoot" with custom settings: {}
2026-07-29 18:18:54,425 INFO Adding image type "Wavelet" with custom settings: {}
2026-07-29 18:18:54,425 INFO Calculating features for original image
2026-07-29 18:18:54,428 INFO Computing firstorder
2026-07-29 18:18:54,432 INFO Computing glcm
2026-07-29 18:18:54,434 WARNING GLCM is symmetrical, therefore Sum Average = 2 * Joint Average, only 1 needs to be calculated
2026-07-29 18:18:54,441 INFO Calculating features for exponential image
2026-07-29 18:18:54,445 INFO Computing firstorder
2026-07-29 18:18:54,448 INFO Computing glcm
2026-07-29 18:18:54,451 WARNING GLCM is symmetrical, therefore Sum Average = 2 * Joint Average, only 1 needs to be calculated
2026-07-29 18:18:54,455 INFO Calculating features for gradient image
2026-07-29 18:18:54,460 INFO Computing firstorder
2026-07-29 18:18:54,463 INFO Computing glcm
2026-07-29 18:18:54,466 WARNING GLCM is symmetrical, therefore Sum Average = 2 * Joint Average, only 1 needs to be calculated
2026-07-29 18:18:54,491 INFO Calculating features for lbp-2D image
2026-07-29 18:18:54,494 INFO Computing firstorder
2026-07-29 18:18:54,498 INFO Computing glcm
2026-07-29 18:18:54,499 WARNING GLCM is symmetrical, therefore Sum Average = 2 * Joint Average, only 1 needs to be calculated
2026-07-29 18:18:54,500 WARNING LBP 3D only available for 3 dimensional images, found 2 dimensions
2026-07-29 18:18:54,507 INFO Calculating features for logarithm image
2026-07-29 18:18:54,511 INFO Computing firstorder
2026-07-29 18:18:54,514 INFO Computing glcm
2026-07-29 18:18:54,517 WARNING GLCM is symmetrical, therefore Sum Average = 2 * Joint Average, only 1 needs to be calculated
2026-07-29 18:18:54,522 INFO Calculating features for square image
2026-07-29 18:18:54,525 INFO Computing firstorder
2026-07-29 18:18:54,529 INFO Computing glcm
2026-07-29 18:18:54,531 WARNING GLCM is symmetrical, therefore Sum Average = 2 * Joint Average, only 1 needs to be calculated
2026-07-29 18:18:54,537 INFO Calculating features for squareroot image
2026-07-29 18:18:54,540 INFO Computing firstorder
2026-07-29 18:18:54,544 INFO Computing glcm
2026-07-29 18:18:54,547 WARNING GLCM is symmetrical, therefore Sum Average = 2 * Joint Average, only 1 needs to be calculated
2026-07-29 18:18:54,555 INFO Computing Wavelet H
2026-07-29 18:18:54,555 INFO Calculating features for wavelet-H image
2026-07-29 18:18:54,558 INFO Computing firstorder
2026-07-29 18:18:54,562 INFO Computing glcm
2026-07-29 18:18:54,564 WARNING GLCM is symmetrical, therefore Sum Average = 2 * Joint Average, only 1 needs to be calculated
2026-07-29 18:18:54,565 INFO Calculating features for wavelet-L image
2026-07-29 18:18:54,568 INFO Computing firstorder
2026-07-29 18:18:54,571 INFO Computing glcm
2026-07-29 18:18:54,574 WARNING GLCM is symmetrical, therefore Sum Average = 2 * Joint Average, only 1 needs to be calculated
2026-07-29 18:18:54,651 INFO Calculating features with label: 1
2026-07-29 18:18:54,652 INFO Loading image and mask
2026-07-29 18:18:54,698 INFO Computing shape2D
2026-07-29 18:18:54,701 INFO Adding image type "Original" with custom settings: {}
2026-07-29 18:18:54,702 INFO Adding image type "Exponential" with custom settings: {}
2026-07-29 18:18:54,702 INFO Adding image type "Gradient" with custom settings: {}
2026-07-29 18:18:54,702 INFO Adding image type "LBP2D" with custom settings: {}
2026-07-29 18:18:54,702 INFO Adding image type "LBP3D" with custom settings: {}
2026-07-29 18:18:54,702 INFO Adding image type "LoG" with custom settings: {}
2026-07-29 18:18:54,702 INFO Adding image type "Logarithm" with custom settings: {}
2026-07-29 18:18:54,702 INFO Adding image type "Square" with custom settings: {}
2026-07-29 18:18:54,702 INFO Adding image type "SquareRoot" with custom settings: {}
2026-07-29 18:18:54,702 INFO Adding image type "Wavelet" with custom settings: {}
2026-07-29 18:18:54,702 INFO Calculating features for original image
2026-07-29 18:18:54,706 INFO Computing firstorder
2026-07-29 18:18:54,713 INFO Computing glcm
2026-07-29 18:18:54,718 WARNING GLCM is symmetrical, therefore Sum Average = 2 * Joint Average, only 1 needs to be calculated
2026-07-29 18:18:54,724 INFO Calculating features for exponential image
2026-07-29 18:18:54,728 INFO Computing firstorder
2026-07-29 18:18:54,735 INFO Computing glcm
2026-07-29 18:18:54,740 WARNING GLCM is symmetrical, therefore Sum Average = 2 * Joint Average, only 1 needs to be calculated
2026-07-29 18:18:54,743 INFO Calculating features for gradient image
2026-07-29 18:18:54,747 INFO Computing firstorder
2026-07-29 18:18:54,758 INFO Computing glcm
2026-07-29 18:18:54,764 WARNING GLCM is symmetrical, therefore Sum Average = 2 * Joint Average, only 1 needs to be calculated
2026-07-29 18:18:54,789 INFO Calculating features for lbp-2D image
2026-07-29 18:18:54,793 INFO Computing firstorder
2026-07-29 18:18:54,801 INFO Computing glcm
2026-07-29 18:18:54,804 WARNING GLCM is symmetrical, therefore Sum Average = 2 * Joint Average, only 1 needs to be calculated
2026-07-29 18:18:54,805 WARNING LBP 3D only available for 3 dimensional images, found 2 dimensions
2026-07-29 18:18:54,812 INFO Calculating features for logarithm image
2026-07-29 18:18:54,816 INFO Computing firstorder
2026-07-29 18:18:54,823 INFO Computing glcm
2026-07-29 18:18:54,827 WARNING GLCM is symmetrical, therefore Sum Average = 2 * Joint Average, only 1 needs to be calculated
2026-07-29 18:18:54,834 INFO Calculating features for square image
2026-07-29 18:18:54,838 INFO Computing firstorder
2026-07-29 18:18:54,845 INFO Computing glcm
2026-07-29 18:18:54,849 WARNING GLCM is symmetrical, therefore Sum Average = 2 * Joint Average, only 1 needs to be calculated
2026-07-29 18:18:54,856 INFO Calculating features for squareroot image
2026-07-29 18:18:54,859 INFO Computing firstorder
2026-07-29 18:18:54,866 INFO Computing glcm
2026-07-29 18:18:54,870 WARNING GLCM is symmetrical, therefore Sum Average = 2 * Joint Average, only 1 needs to be calculated
2026-07-29 18:18:54,879 INFO Computing Wavelet H
2026-07-29 18:18:54,879 INFO Calculating features for wavelet-H image
2026-07-29 18:18:54,882 INFO Computing firstorder
2026-07-29 18:18:54,890 INFO Computing glcm
2026-07-29 18:18:54,894 WARNING GLCM is symmetrical, therefore Sum Average = 2 * Joint Average, only 1 needs to be calculated
2026-07-29 18:18:54,895 INFO Calculating features for wavelet-L image
2026-07-29 18:18:54,898 INFO Computing firstorder
2026-07-29 18:18:54,906 INFO Computing glcm
2026-07-29 18:18:54,911 WARNING GLCM is symmetrical, therefore Sum Average = 2 * Joint Average, only 1 needs to be calculated
2026-07-29 18:18:54,953 INFO Calculating features with label: 1
2026-07-29 18:18:54,953 INFO Loading image and mask
2026-07-29 18:18:54,994 INFO Computing shape2D
2026-07-29 18:18:54,997 INFO Adding image type "Original" with custom settings: {}
2026-07-29 18:18:54,997 INFO Adding image type "Exponential" with custom settings: {}
2026-07-29 18:18:54,997 INFO Adding image type "Gradient" with custom settings: {}
2026-07-29 18:18:54,997 INFO Adding image type "LBP2D" with custom settings: {}
2026-07-29 18:18:54,997 INFO Adding image type "LBP3D" with custom settings: {}
2026-07-29 18:18:54,997 INFO Adding image type "LoG" with custom settings: {}
2026-07-29 18:18:54,997 INFO Adding image type "Logarithm" with custom settings: {}
2026-07-29 18:18:54,997 INFO Adding image type "Square" with custom settings: {}
2026-07-29 18:18:54,997 INFO Adding image type "SquareRoot" with custom settings: {}
2026-07-29 18:18:54,997 INFO Adding image type "Wavelet" with custom settings: {}
2026-07-29 18:18:54,997 INFO Calculating features for original image
2026-07-29 18:18:55,000 INFO Computing firstorder
2026-07-29 18:18:55,006 INFO Computing glcm
2026-07-29 18:18:55,009 WARNING GLCM is symmetrical, therefore Sum Average = 2 * Joint Average, only 1 needs to be calculated
2026-07-29 18:18:55,015 INFO Calculating features for exponential image
2026-07-29 18:18:55,019 INFO Computing firstorder
2026-07-29 18:18:55,026 INFO Computing glcm
2026-07-29 18:18:55,029 WARNING GLCM is symmetrical, therefore Sum Average = 2 * Joint Average, only 1 needs to be calculated
2026-07-29 18:18:55,032 INFO Calculating features for gradient image
2026-07-29 18:18:55,035 INFO Computing firstorder
2026-07-29 18:18:55,042 INFO Computing glcm
2026-07-29 18:18:55,046 WARNING GLCM is symmetrical, therefore Sum Average = 2 * Joint Average, only 1 needs to be calculated
2026-07-29 18:18:55,071 INFO Calculating features for lbp-2D image
2026-07-29 18:18:55,076 INFO Computing firstorder
2026-07-29 18:18:55,081 INFO Computing glcm
2026-07-29 18:18:55,084 WARNING GLCM is symmetrical, therefore Sum Average = 2 * Joint Average, only 1 needs to be calculated
2026-07-29 18:18:55,085 WARNING LBP 3D only available for 3 dimensional images, found 2 dimensions
2026-07-29 18:18:55,095 INFO Calculating features for logarithm image
2026-07-29 18:18:55,099 INFO Computing firstorder
2026-07-29 18:18:55,107 INFO Computing glcm
2026-07-29 18:18:55,111 WARNING GLCM is symmetrical, therefore Sum Average = 2 * Joint Average, only 1 needs to be calculated
2026-07-29 18:18:55,116 INFO Calculating features for square image
2026-07-29 18:18:55,121 INFO Computing firstorder
2026-07-29 18:18:55,127 INFO Computing glcm
2026-07-29 18:18:55,131 WARNING GLCM is symmetrical, therefore Sum Average = 2 * Joint Average, only 1 needs to be calculated
2026-07-29 18:18:55,141 INFO Calculating features for squareroot image
2026-07-29 18:18:55,145 INFO Computing firstorder
2026-07-29 18:18:55,152 INFO Computing glcm
2026-07-29 18:18:55,156 WARNING GLCM is symmetrical, therefore Sum Average = 2 * Joint Average, only 1 needs to be calculated
2026-07-29 18:18:55,165 INFO Computing Wavelet H
2026-07-29 18:18:55,165 INFO Calculating features for wavelet-H image
2026-07-29 18:18:55,169 INFO Computing firstorder
2026-07-29 18:18:55,177 INFO Computing glcm
2026-07-29 18:18:55,180 WARNING GLCM is symmetrical, therefore Sum Average = 2 * Joint Average, only 1 needs to be calculated
2026-07-29 18:18:55,181 INFO Calculating features for wavelet-L image
2026-07-29 18:18:55,184 INFO Computing firstorder
2026-07-29 18:18:55,191 INFO Computing glcm
2026-07-29 18:18:55,197 WARNING GLCM is symmetrical, therefore Sum Average = 2 * Joint Average, only 1 needs to be calculated
2026-07-29 18:18:55,224 INFO Calculating features with label: 1
2026-07-29 18:18:55,225 INFO Loading image and mask
2026-07-29 18:18:55,273 INFO Computing shape2D
2026-07-29 18:18:55,276 INFO Adding image type "Original" with custom settings: {}
2026-07-29 18:18:55,276 INFO Adding image type "Exponential" with custom settings: {}
2026-07-29 18:18:55,276 INFO Adding image type "Gradient" with custom settings: {}
2026-07-29 18:18:55,276 INFO Adding image type "LBP2D" with custom settings: {}
2026-07-29 18:18:55,276 INFO Adding image type "LBP3D" with custom settings: {}
2026-07-29 18:18:55,276 INFO Adding image type "LoG" with custom settings: {}
2026-07-29 18:18:55,276 INFO Adding image type "Logarithm" with custom settings: {}
2026-07-29 18:18:55,276 INFO Adding image type "Square" with custom settings: {}
2026-07-29 18:18:55,276 INFO Adding image type "SquareRoot" with custom settings: {}
2026-07-29 18:18:55,276 INFO Adding image type "Wavelet" with custom settings: {}
2026-07-29 18:18:55,276 INFO Calculating features for original image
2026-07-29 18:18:55,280 INFO Computing firstorder
2026-07-29 18:18:55,287 INFO Computing glcm
2026-07-29 18:18:55,293 WARNING GLCM is symmetrical, therefore Sum Average = 2 * Joint Average, only 1 needs to be calculated
2026-07-29 18:18:55,299 INFO Calculating features for exponential image
2026-07-29 18:18:55,304 INFO Computing firstorder
2026-07-29 18:18:55,319 INFO Computing glcm
2026-07-29 18:18:55,326 WARNING GLCM is symmetrical, therefore Sum Average = 2 * Joint Average, only 1 needs to be calculated
2026-07-29 18:18:55,335 INFO Calculating features for gradient image
2026-07-29 18:18:55,345 INFO Computing firstorder
2026-07-29 18:18:55,354 INFO Computing glcm
2026-07-29 18:18:55,358 WARNING GLCM is symmetrical, therefore Sum Average = 2 * Joint Average, only 1 needs to be calculated
2026-07-29 18:18:55,391 INFO Calculating features for lbp-2D image
2026-07-29 18:18:55,395 INFO Computing firstorder
2026-07-29 18:18:55,401 INFO Computing glcm
2026-07-29 18:18:55,404 WARNING GLCM is symmetrical, therefore Sum Average = 2 * Joint Average, only 1 needs to be calculated
2026-07-29 18:18:55,405 WARNING LBP 3D only available for 3 dimensional images, found 2 dimensions
2026-07-29 18:18:55,413 INFO Calculating features for logarithm image
2026-07-29 18:18:55,416 INFO Computing firstorder
2026-07-29 18:18:55,423 INFO Computing glcm
2026-07-29 18:18:55,427 WARNING GLCM is symmetrical, therefore Sum Average = 2 * Joint Average, only 1 needs to be calculated
2026-07-29 18:18:55,431 INFO Calculating features for square image
2026-07-29 18:18:55,435 INFO Computing firstorder
2026-07-29 18:18:55,441 INFO Computing glcm
2026-07-29 18:18:55,445 WARNING GLCM is symmetrical, therefore Sum Average = 2 * Joint Average, only 1 needs to be calculated
2026-07-29 18:18:55,451 INFO Calculating features for squareroot image
2026-07-29 18:18:55,455 INFO Computing firstorder
2026-07-29 18:18:55,461 INFO Computing glcm
2026-07-29 18:18:55,466 WARNING GLCM is symmetrical, therefore Sum Average = 2 * Joint Average, only 1 needs to be calculated
2026-07-29 18:18:55,473 INFO Computing Wavelet H
2026-07-29 18:18:55,474 INFO Calculating features for wavelet-H image
2026-07-29 18:18:55,477 INFO Computing firstorder
2026-07-29 18:18:55,484 INFO Computing glcm
2026-07-29 18:18:55,487 WARNING GLCM is symmetrical, therefore Sum Average = 2 * Joint Average, only 1 needs to be calculated
2026-07-29 18:18:55,487 INFO Calculating features for wavelet-L image
2026-07-29 18:18:55,491 INFO Computing firstorder
2026-07-29 18:18:55,497 INFO Computing glcm
2026-07-29 18:18:55,502 WARNING GLCM is symmetrical, therefore Sum Average = 2 * Joint Average, only 1 needs to be calculated
2026-07-29 18:18:55,542 INFO Calculating features with label: 1
2026-07-29 18:18:55,543 INFO Loading image and mask
2026-07-29 18:18:55,582 INFO Computing shape2D
2026-07-29 18:18:55,585 INFO Adding image type "Original" with custom settings: {}
2026-07-29 18:18:55,585 INFO Adding image type "Exponential" with custom settings: {}
2026-07-29 18:18:55,585 INFO Adding image type "Gradient" with custom settings: {}
2026-07-29 18:18:55,585 INFO Adding image type "LBP2D" with custom settings: {}
2026-07-29 18:18:55,585 INFO Adding image type "LBP3D" with custom settings: {}
2026-07-29 18:18:55,585 INFO Adding image type "LoG" with custom settings: {}
2026-07-29 18:18:55,585 INFO Adding image type "Logarithm" with custom settings: {}
2026-07-29 18:18:55,585 INFO Adding image type "Square" with custom settings: {}
2026-07-29 18:18:55,585 INFO Adding image type "SquareRoot" with custom settings: {}
2026-07-29 18:18:55,585 INFO Adding image type "Wavelet" with custom settings: {}
2026-07-29 18:18:55,585 INFO Calculating features for original image
2026-07-29 18:18:55,588 INFO Computing firstorder
2026-07-29 18:18:55,593 INFO Computing glcm
2026-07-29 18:18:55,596 WARNING GLCM is symmetrical, therefore Sum Average = 2 * Joint Average, only 1 needs to be calculated
2026-07-29 18:18:55,602 INFO Calculating features for exponential image
2026-07-29 18:18:55,605 INFO Computing firstorder
2026-07-29 18:18:55,610 INFO Computing glcm
2026-07-29 18:18:55,612 WARNING GLCM is symmetrical, therefore Sum Average = 2 * Joint Average, only 1 needs to be calculated
2026-07-29 18:18:55,615 INFO Calculating features for gradient image
2026-07-29 18:18:55,618 INFO Computing firstorder
2026-07-29 18:18:55,623 INFO Computing glcm
2026-07-29 18:18:55,626 WARNING GLCM is symmetrical, therefore Sum Average = 2 * Joint Average, only 1 needs to be calculated
2026-07-29 18:18:55,650 INFO Calculating features for lbp-2D image
2026-07-29 18:18:55,654 INFO Computing firstorder
2026-07-29 18:18:55,659 INFO Computing glcm
2026-07-29 18:18:55,662 WARNING GLCM is symmetrical, therefore Sum Average = 2 * Joint Average, only 1 needs to be calculated
2026-07-29 18:18:55,663 WARNING LBP 3D only available for 3 dimensional images, found 2 dimensions
2026-07-29 18:18:55,670 INFO Calculating features for logarithm image
2026-07-29 18:18:55,673 INFO Computing firstorder
2026-07-29 18:18:55,679 INFO Computing glcm
2026-07-29 18:18:55,682 WARNING GLCM is symmetrical, therefore Sum Average = 2 * Joint Average, only 1 needs to be calculated
2026-07-29 18:18:55,687 INFO Calculating features for square image
2026-07-29 18:18:55,691 INFO Computing firstorder
2026-07-29 18:18:55,696 INFO Computing glcm
2026-07-29 18:18:55,699 WARNING GLCM is symmetrical, therefore Sum Average = 2 * Joint Average, only 1 needs to be calculated
2026-07-29 18:18:55,705 INFO Calculating features for squareroot image
2026-07-29 18:18:55,709 INFO Computing firstorder
2026-07-29 18:18:55,714 INFO Computing glcm
2026-07-29 18:18:55,718 WARNING GLCM is symmetrical, therefore Sum Average = 2 * Joint Average, only 1 needs to be calculated
2026-07-29 18:18:55,726 INFO Computing Wavelet H
2026-07-29 18:18:55,726 INFO Calculating features for wavelet-H image
2026-07-29 18:18:55,730 INFO Computing firstorder
2026-07-29 18:18:55,736 INFO Computing glcm
2026-07-29 18:18:55,739 WARNING GLCM is symmetrical, therefore Sum Average = 2 * Joint Average, only 1 needs to be calculated
2026-07-29 18:18:55,739 INFO Calculating features for wavelet-L image
2026-07-29 18:18:55,744 INFO Computing firstorder
2026-07-29 18:18:55,748 INFO Computing glcm
2026-07-29 18:18:55,751 WARNING GLCM is symmetrical, therefore Sum Average = 2 * Joint Average, only 1 needs to be calculated
2026-07-29 18:18:55,790 INFO Calculating features with label: 1
2026-07-29 18:18:55,790 INFO Loading image and mask
2026-07-29 18:18:55,831 INFO Computing shape2D
2026-07-29 18:18:55,833 INFO Adding image type "Original" with custom settings: {}
2026-07-29 18:18:55,833 INFO Adding image type "Exponential" with custom settings: {}
2026-07-29 18:18:55,834 INFO Adding image type "Gradient" with custom settings: {}
2026-07-29 18:18:55,834 INFO Adding image type "LBP2D" with custom settings: {}
2026-07-29 18:18:55,834 INFO Adding image type "LBP3D" with custom settings: {}
2026-07-29 18:18:55,834 INFO Adding image type "LoG" with custom settings: {}
2026-07-29 18:18:55,834 INFO Adding image type "Logarithm" with custom settings: {}
2026-07-29 18:18:55,834 INFO Adding image type "Square" with custom settings: {}
2026-07-29 18:18:55,834 INFO Adding image type "SquareRoot" with custom settings: {}
2026-07-29 18:18:55,834 INFO Adding image type "Wavelet" with custom settings: {}
2026-07-29 18:18:55,834 INFO Calculating features for original image
2026-07-29 18:18:55,836 INFO Computing firstorder
2026-07-29 18:18:55,842 INFO Computing glcm
2026-07-29 18:18:55,845 WARNING GLCM is symmetrical, therefore Sum Average = 2 * Joint Average, only 1 needs to be calculated
2026-07-29 18:18:55,851 INFO Calculating features for exponential image
2026-07-29 18:18:55,855 INFO Computing firstorder
2026-07-29 18:18:55,860 INFO Computing glcm
2026-07-29 18:18:55,863 WARNING GLCM is symmetrical, therefore Sum Average = 2 * Joint Average, only 1 needs to be calculated
2026-07-29 18:18:55,865 INFO Calculating features for gradient image
2026-07-29 18:18:55,868 INFO Computing firstorder
2026-07-29 18:18:55,873 INFO Computing glcm
2026-07-29 18:18:55,876 WARNING GLCM is symmetrical, therefore Sum Average = 2 * Joint Average, only 1 needs to be calculated
2026-07-29 18:18:55,901 INFO Calculating features for lbp-2D image
2026-07-29 18:18:55,904 INFO Computing firstorder
2026-07-29 18:18:55,910 INFO Computing glcm
2026-07-29 18:18:55,912 WARNING GLCM is symmetrical, therefore Sum Average = 2 * Joint Average, only 1 needs to be calculated
2026-07-29 18:18:55,913 WARNING LBP 3D only available for 3 dimensional images, found 2 dimensions
2026-07-29 18:18:55,921 INFO Calculating features for logarithm image
2026-07-29 18:18:55,924 INFO Computing firstorder
2026-07-29 18:18:55,930 INFO Computing glcm
2026-07-29 18:18:55,934 WARNING GLCM is symmetrical, therefore Sum Average = 2 * Joint Average, only 1 needs to be calculated
2026-07-29 18:18:55,939 INFO Calculating features for square image
2026-07-29 18:18:55,942 INFO Computing firstorder
2026-07-29 18:18:55,948 INFO Computing glcm
2026-07-29 18:18:55,951 WARNING GLCM is symmetrical, therefore Sum Average = 2 * Joint Average, only 1 needs to be calculated
2026-07-29 18:18:55,957 INFO Calculating features for squareroot image
2026-07-29 18:18:55,961 INFO Computing firstorder
2026-07-29 18:18:55,966 INFO Computing glcm
2026-07-29 18:18:55,970 WARNING GLCM is symmetrical, therefore Sum Average = 2 * Joint Average, only 1 needs to be calculated
2026-07-29 18:18:55,978 INFO Computing Wavelet H
2026-07-29 18:18:55,979 INFO Calculating features for wavelet-H image
2026-07-29 18:18:55,982 INFO Computing firstorder
2026-07-29 18:18:55,988 INFO Computing glcm
2026-07-29 18:18:55,991 WARNING GLCM is symmetrical, therefore Sum Average = 2 * Joint Average, only 1 needs to be calculated
2026-07-29 18:18:55,991 INFO Calculating features for wavelet-L image
2026-07-29 18:18:55,995 INFO Computing firstorder
2026-07-29 18:18:56,000 INFO Computing glcm
2026-07-29 18:18:56,004 WARNING GLCM is symmetrical, therefore Sum Average = 2 * Joint Average, only 1 needs to be calculated
2026-07-29 18:18:56,043 INFO Calculating features with label: 1
2026-07-29 18:18:56,043 INFO Loading image and mask
2026-07-29 18:18:56,084 INFO Computing shape2D
2026-07-29 18:18:56,086 INFO Adding image type "Original" with custom settings: {}
2026-07-29 18:18:56,086 INFO Adding image type "Exponential" with custom settings: {}
2026-07-29 18:18:56,086 INFO Adding image type "Gradient" with custom settings: {}
2026-07-29 18:18:56,086 INFO Adding image type "LBP2D" with custom settings: {}
2026-07-29 18:18:56,086 INFO Adding image type "LBP3D" with custom settings: {}
2026-07-29 18:18:56,086 INFO Adding image type "LoG" with custom settings: {}
2026-07-29 18:18:56,086 INFO Adding image type "Logarithm" with custom settings: {}
2026-07-29 18:18:56,086 INFO Adding image type "Square" with custom settings: {}
2026-07-29 18:18:56,088 INFO Adding image type "SquareRoot" with custom settings: {}
2026-07-29 18:18:56,088 INFO Adding image type "Wavelet" with custom settings: {}
2026-07-29 18:18:56,088 INFO Calculating features for original image
2026-07-29 18:18:56,091 INFO Computing firstorder
2026-07-29 18:18:56,098 INFO Computing glcm
2026-07-29 18:18:56,103 WARNING GLCM is symmetrical, therefore Sum Average = 2 * Joint Average, only 1 needs to be calculated
2026-07-29 18:18:56,109 INFO Calculating features for exponential image
2026-07-29 18:18:56,113 INFO Computing firstorder
2026-07-29 18:18:56,120 INFO Computing glcm
2026-07-29 18:18:56,124 WARNING GLCM is symmetrical, therefore Sum Average = 2 * Joint Average, only 1 needs to be calculated
2026-07-29 18:18:56,128 INFO Calculating features for gradient image
2026-07-29 18:18:56,133 INFO Computing firstorder
2026-07-29 18:18:56,140 INFO Computing glcm
2026-07-29 18:18:56,143 WARNING GLCM is symmetrical, therefore Sum Average = 2 * Joint Average, only 1 needs to be calculated
2026-07-29 18:18:56,169 INFO Calculating features for lbp-2D image
2026-07-29 18:18:56,172 INFO Computing firstorder
2026-07-29 18:18:56,178 INFO Computing glcm
2026-07-29 18:18:56,181 WARNING GLCM is symmetrical, therefore Sum Average = 2 * Joint Average, only 1 needs to be calculated
2026-07-29 18:18:56,182 WARNING LBP 3D only available for 3 dimensional images, found 2 dimensions
2026-07-29 18:18:56,189 INFO Calculating features for logarithm image
2026-07-29 18:18:56,192 INFO Computing firstorder
2026-07-29 18:18:56,200 INFO Computing glcm
2026-07-29 18:18:56,204 WARNING GLCM is symmetrical, therefore Sum Average = 2 * Joint Average, only 1 needs to be calculated
2026-07-29 18:18:56,209 INFO Calculating features for square image
2026-07-29 18:18:56,214 INFO Computing firstorder
2026-07-29 18:18:56,220 INFO Computing glcm
2026-07-29 18:18:56,224 WARNING GLCM is symmetrical, therefore Sum Average = 2 * Joint Average, only 1 needs to be calculated
2026-07-29 18:18:56,230 INFO Calculating features for squareroot image
2026-07-29 18:18:56,235 INFO Computing firstorder
2026-07-29 18:18:56,241 INFO Computing glcm
2026-07-29 18:18:56,245 WARNING GLCM is symmetrical, therefore Sum Average = 2 * Joint Average, only 1 needs to be calculated
2026-07-29 18:18:56,253 INFO Computing Wavelet H
2026-07-29 18:18:56,253 INFO Calculating features for wavelet-H image
2026-07-29 18:18:56,257 INFO Computing firstorder
2026-07-29 18:18:56,264 INFO Computing glcm
2026-07-29 18:18:56,267 WARNING GLCM is symmetrical, therefore Sum Average = 2 * Joint Average, only 1 needs to be calculated
2026-07-29 18:18:56,268 INFO Calculating features for wavelet-L image
2026-07-29 18:18:56,271 INFO Computing firstorder
2026-07-29 18:18:56,277 INFO Computing glcm
2026-07-29 18:18:56,282 WARNING GLCM is symmetrical, therefore Sum Average = 2 * Joint Average, only 1 needs to be calculated
2026-07-29 18:18:56,342 INFO Calculating features with label: 1
2026-07-29 18:18:56,342 INFO Loading image and mask
2026-07-29 18:18:56,381 INFO Computing shape2D
2026-07-29 18:18:56,383 INFO Adding image type "Original" with custom settings: {}
2026-07-29 18:18:56,384 INFO Adding image type "Exponential" with custom settings: {}
2026-07-29 18:18:56,384 INFO Adding image type "Gradient" with custom settings: {}
2026-07-29 18:18:56,384 INFO Adding image type "LBP2D" with custom settings: {}
2026-07-29 18:18:56,384 INFO Adding image type "LBP3D" with custom settings: {}
2026-07-29 18:18:56,384 INFO Adding image type "LoG" with custom settings: {}
2026-07-29 18:18:56,384 INFO Adding image type "Logarithm" with custom settings: {}
2026-07-29 18:18:56,384 INFO Adding image type "Square" with custom settings: {}
2026-07-29 18:18:56,384 INFO Adding image type "SquareRoot" with custom settings: {}
2026-07-29 18:18:56,384 INFO Adding image type "Wavelet" with custom settings: {}
2026-07-29 18:18:56,384 INFO Calculating features for original image
2026-07-29 18:18:56,387 INFO Computing firstorder
2026-07-29 18:18:56,391 INFO Computing glcm
2026-07-29 18:18:56,394 WARNING GLCM is symmetrical, therefore Sum Average = 2 * Joint Average, only 1 needs to be calculated
2026-07-29 18:18:56,399 INFO Calculating features for exponential image
2026-07-29 18:18:56,404 INFO Computing firstorder
2026-07-29 18:18:56,409 INFO Computing glcm
2026-07-29 18:18:56,412 WARNING GLCM is symmetrical, therefore Sum Average = 2 * Joint Average, only 1 needs to be calculated
2026-07-29 18:18:56,417 INFO Calculating features for gradient image
2026-07-29 18:18:56,421 INFO Computing firstorder
2026-07-29 18:18:56,427 INFO Computing glcm
2026-07-29 18:18:56,430 WARNING GLCM is symmetrical, therefore Sum Average = 2 * Joint Average, only 1 needs to be calculated
2026-07-29 18:18:56,455 INFO Calculating features for lbp-2D image
2026-07-29 18:18:56,460 INFO Computing firstorder
2026-07-29 18:18:56,466 INFO Computing glcm
2026-07-29 18:18:56,468 WARNING GLCM is symmetrical, therefore Sum Average = 2 * Joint Average, only 1 needs to be calculated
2026-07-29 18:18:56,469 WARNING LBP 3D only available for 3 dimensional images, found 2 dimensions
2026-07-29 18:18:56,477 INFO Calculating features for logarithm image
2026-07-29 18:18:56,481 INFO Computing firstorder
2026-07-29 18:18:56,486 INFO Computing glcm
2026-07-29 18:18:56,488 WARNING GLCM is symmetrical, therefore Sum Average = 2 * Joint Average, only 1 needs to be calculated
2026-07-29 18:18:56,494 INFO Calculating features for square image
2026-07-29 18:18:56,498 INFO Computing firstorder
2026-07-29 18:18:56,502 INFO Computing glcm
2026-07-29 18:18:56,505 WARNING GLCM is symmetrical, therefore Sum Average = 2 * Joint Average, only 1 needs to be calculated
2026-07-29 18:18:56,511 INFO Calculating features for squareroot image
2026-07-29 18:18:56,515 INFO Computing firstorder
2026-07-29 18:18:56,520 INFO Computing glcm
2026-07-29 18:18:56,524 WARNING GLCM is symmetrical, therefore Sum Average = 2 * Joint Average, only 1 needs to be calculated
2026-07-29 18:18:56,531 INFO Computing Wavelet H
2026-07-29 18:18:56,532 INFO Calculating features for wavelet-H image
2026-07-29 18:18:56,536 INFO Computing firstorder
2026-07-29 18:18:56,542 INFO Computing glcm
2026-07-29 18:18:56,545 WARNING GLCM is symmetrical, therefore Sum Average = 2 * Joint Average, only 1 needs to be calculated
2026-07-29 18:18:56,546 INFO Calculating features for wavelet-L image
2026-07-29 18:18:56,550 INFO Computing firstorder
2026-07-29 18:18:56,555 INFO Computing glcm
2026-07-29 18:18:56,559 WARNING GLCM is symmetrical, therefore Sum Average = 2 * Joint Average, only 1 needs to be calculated
2026-07-29 18:18:56,602 INFO Calculating features with label: 1
2026-07-29 18:18:56,602 INFO Loading image and mask
2026-07-29 18:18:56,650 INFO Computing shape2D
2026-07-29 18:18:56,654 INFO Adding image type "Original" with custom settings: {}
2026-07-29 18:18:56,654 INFO Adding image type "Exponential" with custom settings: {}
2026-07-29 18:18:56,654 INFO Adding image type "Gradient" with custom settings: {}
2026-07-29 18:18:56,654 INFO Adding image type "LBP2D" with custom settings: {}
2026-07-29 18:18:56,654 INFO Adding image type "LBP3D" with custom settings: {}
2026-07-29 18:18:56,654 INFO Adding image type "LoG" with custom settings: {}
2026-07-29 18:18:56,654 INFO Adding image type "Logarithm" with custom settings: {}
2026-07-29 18:18:56,654 INFO Adding image type "Square" with custom settings: {}
2026-07-29 18:18:56,654 INFO Adding image type "SquareRoot" with custom settings: {}
2026-07-29 18:18:56,654 INFO Adding image type "Wavelet" with custom settings: {}
2026-07-29 18:18:56,654 INFO Calculating features for original image
2026-07-29 18:18:56,657 INFO Computing firstorder
2026-07-29 18:18:56,663 INFO Computing glcm
2026-07-29 18:18:56,667 WARNING GLCM is symmetrical, therefore Sum Average = 2 * Joint Average, only 1 needs to be calculated
2026-07-29 18:18:56,673 INFO Calculating features for exponential image
2026-07-29 18:18:56,677 INFO Computing firstorder
2026-07-29 18:18:56,683 INFO Computing glcm
2026-07-29 18:18:56,687 WARNING GLCM is symmetrical, therefore Sum Average = 2 * Joint Average, only 1 needs to be calculated
2026-07-29 18:18:56,689 INFO Calculating features for gradient image
2026-07-29 18:18:56,693 INFO Computing firstorder
2026-07-29 18:18:56,699 INFO Computing glcm
2026-07-29 18:18:56,702 WARNING GLCM is symmetrical, therefore Sum Average = 2 * Joint Average, only 1 needs to be calculated
2026-07-29 18:18:56,726 INFO Calculating features for lbp-2D image
2026-07-29 18:18:56,730 INFO Computing firstorder
2026-07-29 18:18:56,735 INFO Computing glcm
2026-07-29 18:18:56,738 WARNING GLCM is symmetrical, therefore Sum Average = 2 * Joint Average, only 1 needs to be calculated
2026-07-29 18:18:56,739 WARNING LBP 3D only available for 3 dimensional images, found 2 dimensions
2026-07-29 18:18:56,747 INFO Calculating features for logarithm image
2026-07-29 18:18:56,750 INFO Computing firstorder
2026-07-29 18:18:56,755 INFO Computing glcm
2026-07-29 18:18:56,759 WARNING GLCM is symmetrical, therefore Sum Average = 2 * Joint Average, only 1 needs to be calculated
2026-07-29 18:18:56,764 INFO Calculating features for square image
2026-07-29 18:18:56,768 INFO Computing firstorder
2026-07-29 18:18:56,775 INFO Computing glcm
2026-07-29 18:18:56,779 WARNING GLCM is symmetrical, therefore Sum Average = 2 * Joint Average, only 1 needs to be calculated
2026-07-29 18:18:56,785 INFO Calculating features for squareroot image
2026-07-29 18:18:56,788 INFO Computing firstorder
2026-07-29 18:18:56,796 INFO Computing glcm
2026-07-29 18:18:56,800 WARNING GLCM is symmetrical, therefore Sum Average = 2 * Joint Average, only 1 needs to be calculated
2026-07-29 18:18:56,809 INFO Computing Wavelet H
2026-07-29 18:18:56,809 INFO Calculating features for wavelet-H image
2026-07-29 18:18:56,812 INFO Computing firstorder
2026-07-29 18:18:56,819 INFO Computing glcm
2026-07-29 18:18:56,822 WARNING GLCM is symmetrical, therefore Sum Average = 2 * Joint Average, only 1 needs to be calculated
2026-07-29 18:18:56,823 INFO Calculating features for wavelet-L image
2026-07-29 18:18:56,827 INFO Computing firstorder
2026-07-29 18:18:56,833 INFO Computing glcm
2026-07-29 18:18:56,837 WARNING GLCM is symmetrical, therefore Sum Average = 2 * Joint Average, only 1 needs to be calculated
2026-07-29 18:18:56,866 INFO Calculating features with label: 1
2026-07-29 18:18:56,866 INFO Loading image and mask
2026-07-29 18:18:56,906 INFO Computing shape2D
2026-07-29 18:18:56,908 INFO Adding image type "Original" with custom settings: {}
2026-07-29 18:18:56,908 INFO Adding image type "Exponential" with custom settings: {}
2026-07-29 18:18:56,908 INFO Adding image type "Gradient" with custom settings: {}
2026-07-29 18:18:56,910 INFO Adding image type "LBP2D" with custom settings: {}
2026-07-29 18:18:56,910 INFO Adding image type "LBP3D" with custom settings: {}
2026-07-29 18:18:56,910 INFO Adding image type "LoG" with custom settings: {}
2026-07-29 18:18:56,910 INFO Adding image type "Logarithm" with custom settings: {}
2026-07-29 18:18:56,910 INFO Adding image type "Square" with custom settings: {}
2026-07-29 18:18:56,910 INFO Adding image type "SquareRoot" with custom settings: {}
2026-07-29 18:18:56,910 INFO Adding image type "Wavelet" with custom settings: {}
2026-07-29 18:18:56,910 INFO Calculating features for original image
2026-07-29 18:18:56,913 INFO Computing firstorder
2026-07-29 18:18:56,918 INFO Computing glcm
2026-07-29 18:18:56,921 WARNING GLCM is symmetrical, therefore Sum Average = 2 * Joint Average, only 1 needs to be calculated
2026-07-29 18:18:56,926 INFO Calculating features for exponential image
2026-07-29 18:18:56,930 INFO Computing firstorder
2026-07-29 18:18:56,935 INFO Computing glcm
2026-07-29 18:18:56,938 WARNING GLCM is symmetrical, therefore Sum Average = 2 * Joint Average, only 1 needs to be calculated
2026-07-29 18:18:56,941 INFO Calculating features for gradient image
2026-07-29 18:18:56,943 INFO Computing firstorder
2026-07-29 18:18:56,949 INFO Computing glcm
2026-07-29 18:18:56,952 WARNING GLCM is symmetrical, therefore Sum Average = 2 * Joint Average, only 1 needs to be calculated
2026-07-29 18:18:56,977 INFO Calculating features for lbp-2D image
2026-07-29 18:18:56,980 INFO Computing firstorder
2026-07-29 18:18:56,985 INFO Computing glcm
2026-07-29 18:18:56,987 WARNING GLCM is symmetrical, therefore Sum Average = 2 * Joint Average, only 1 needs to be calculated
2026-07-29 18:18:56,989 WARNING LBP 3D only available for 3 dimensional images, found 2 dimensions
2026-07-29 18:18:56,997 INFO Calculating features for logarithm image
2026-07-29 18:18:57,000 INFO Computing firstorder
2026-07-29 18:18:57,005 INFO Computing glcm
2026-07-29 18:18:57,009 WARNING GLCM is symmetrical, therefore Sum Average = 2 * Joint Average, only 1 needs to be calculated
2026-07-29 18:18:57,014 INFO Calculating features for square image
2026-07-29 18:18:57,018 INFO Computing firstorder
2026-07-29 18:18:57,024 INFO Computing glcm
2026-07-29 18:18:57,027 WARNING GLCM is symmetrical, therefore Sum Average = 2 * Joint Average, only 1 needs to be calculated
2026-07-29 18:18:57,034 INFO Calculating features for squareroot image
2026-07-29 18:18:57,038 INFO Computing firstorder
2026-07-29 18:18:57,043 INFO Computing glcm
2026-07-29 18:18:57,047 WARNING GLCM is symmetrical, therefore Sum Average = 2 * Joint Average, only 1 needs to be calculated
2026-07-29 18:18:57,055 INFO Computing Wavelet H
2026-07-29 18:18:57,055 INFO Calculating features for wavelet-H image
2026-07-29 18:18:57,059 INFO Computing firstorder
2026-07-29 18:18:57,065 INFO Computing glcm
2026-07-29 18:18:57,068 WARNING GLCM is symmetrical, therefore Sum Average = 2 * Joint Average, only 1 needs to be calculated
2026-07-29 18:18:57,068 INFO Calculating features for wavelet-L image
2026-07-29 18:18:57,071 INFO Computing firstorder
2026-07-29 18:18:57,078 INFO Computing glcm
2026-07-29 18:18:57,083 WARNING GLCM is symmetrical, therefore Sum Average = 2 * Joint Average, only 1 needs to be calculated
2026-07-29 18:18:57,225 INFO Calculating features with label: 1
2026-07-29 18:18:57,226 INFO Loading image and mask
2026-07-29 18:18:57,264 INFO Computing shape2D
2026-07-29 18:18:57,265 INFO Adding image type "Original" with custom settings: {}
2026-07-29 18:18:57,265 INFO Adding image type "Exponential" with custom settings: {}
2026-07-29 18:18:57,265 INFO Adding image type "Gradient" with custom settings: {}
2026-07-29 18:18:57,265 INFO Adding image type "LBP2D" with custom settings: {}
2026-07-29 18:18:57,265 INFO Adding image type "LBP3D" with custom settings: {}
2026-07-29 18:18:57,265 INFO Adding image type "LoG" with custom settings: {}
2026-07-29 18:18:57,265 INFO Adding image type "Logarithm" with custom settings: {}
2026-07-29 18:18:57,265 INFO Adding image type "Square" with custom settings: {}
2026-07-29 18:18:57,265 INFO Adding image type "SquareRoot" with custom settings: {}
2026-07-29 18:18:57,265 INFO Adding image type "Wavelet" with custom settings: {}
2026-07-29 18:18:57,265 INFO Calculating features for original image
2026-07-29 18:18:57,267 INFO Computing firstorder
2026-07-29 18:18:57,269 INFO Computing glcm
2026-07-29 18:18:57,271 WARNING GLCM is symmetrical, therefore Sum Average = 2 * Joint Average, only 1 needs to be calculated
2026-07-29 18:18:57,277 INFO Calculating features for exponential image
2026-07-29 18:18:57,280 INFO Computing firstorder
2026-07-29 18:18:57,282 INFO Computing glcm
2026-07-29 18:18:57,283 WARNING GLCM is symmetrical, therefore Sum Average = 2 * Joint Average, only 1 needs to be calculated
2026-07-29 18:18:57,286 INFO Calculating features for gradient image
2026-07-29 18:18:57,289 INFO Computing firstorder
2026-07-29 18:18:57,291 INFO Computing glcm
2026-07-29 18:18:57,292 WARNING GLCM is symmetrical, therefore Sum Average = 2 * Joint Average, only 1 needs to be calculated
2026-07-29 18:18:57,316 INFO Calculating features for lbp-2D image
2026-07-29 18:18:57,320 INFO Computing firstorder
2026-07-29 18:18:57,322 INFO Computing glcm
2026-07-29 18:18:57,324 WARNING GLCM is symmetrical, therefore Sum Average = 2 * Joint Average, only 1 needs to be calculated
2026-07-29 18:18:57,324 WARNING LBP 3D only available for 3 dimensional images, found 2 dimensions
2026-07-29 18:18:57,332 INFO Calculating features for logarithm image
2026-07-29 18:18:57,336 INFO Computing firstorder
2026-07-29 18:18:57,338 INFO Computing glcm
2026-07-29 18:18:57,340 WARNING GLCM is symmetrical, therefore Sum Average = 2 * Joint Average, only 1 needs to be calculated
2026-07-29 18:18:57,345 INFO Calculating features for square image
2026-07-29 18:18:57,349 INFO Computing firstorder
2026-07-29 18:18:57,351 INFO Computing glcm
2026-07-29 18:18:57,352 WARNING GLCM is symmetrical, therefore Sum Average = 2 * Joint Average, only 1 needs to be calculated
2026-07-29 18:18:57,358 INFO Calculating features for squareroot image
2026-07-29 18:18:57,362 INFO Computing firstorder
2026-07-29 18:18:57,364 INFO Computing glcm
2026-07-29 18:18:57,366 WARNING GLCM is symmetrical, therefore Sum Average = 2 * Joint Average, only 1 needs to be calculated
2026-07-29 18:18:57,374 INFO Computing Wavelet H
2026-07-29 18:18:57,374 INFO Calculating features for wavelet-H image
2026-07-29 18:18:57,377 INFO Computing firstorder
2026-07-29 18:18:57,379 INFO Computing glcm
2026-07-29 18:18:57,381 WARNING GLCM is symmetrical, therefore Sum Average = 2 * Joint Average, only 1 needs to be calculated
2026-07-29 18:18:57,381 INFO Calculating features for wavelet-L image
2026-07-29 18:18:57,384 INFO Computing firstorder
2026-07-29 18:18:57,386 INFO Computing glcm
2026-07-29 18:18:57,388 WARNING GLCM is symmetrical, therefore Sum Average = 2 * Joint Average, only 1 needs to be calculated
2026-07-29 18:18:57,574 INFO Calculating features with label: 1
2026-07-29 18:18:57,574 INFO Loading image and mask
2026-07-29 18:18:57,613 INFO Computing shape2D
2026-07-29 18:18:57,616 INFO Adding image type "Original" with custom settings: {}
2026-07-29 18:18:57,616 INFO Adding image type "Exponential" with custom settings: {}
2026-07-29 18:18:57,616 INFO Adding image type "Gradient" with custom settings: {}
2026-07-29 18:18:57,616 INFO Adding image type "LBP2D" with custom settings: {}
2026-07-29 18:18:57,617 INFO Adding image type "LBP3D" with custom settings: {}
2026-07-29 18:18:57,617 INFO Adding image type "LoG" with custom settings: {}
2026-07-29 18:18:57,617 INFO Adding image type "Logarithm" with custom settings: {}
2026-07-29 18:18:57,617 INFO Adding image type "Square" with custom settings: {}
2026-07-29 18:18:57,617 INFO Adding image type "SquareRoot" with custom settings: {}
2026-07-29 18:18:57,617 INFO Adding image type "Wavelet" with custom settings: {}
2026-07-29 18:18:57,617 INFO Calculating features for original image
2026-07-29 18:18:57,619 INFO Computing firstorder
2026-07-29 18:18:57,625 INFO Computing glcm
2026-07-29 18:18:57,630 WARNING GLCM is symmetrical, therefore Sum Average = 2 * Joint Average, only 1 needs to be calculated
2026-07-29 18:18:57,635 INFO Calculating features for exponential image
2026-07-29 18:18:57,638 INFO Computing firstorder
2026-07-29 18:18:57,645 INFO Computing glcm
2026-07-29 18:18:57,648 WARNING GLCM is symmetrical, therefore Sum Average = 2 * Joint Average, only 1 needs to be calculated
2026-07-29 18:18:57,651 INFO Calculating features for gradient image
2026-07-29 18:18:57,654 INFO Computing firstorder
2026-07-29 18:18:57,660 INFO Computing glcm
2026-07-29 18:18:57,664 WARNING GLCM is symmetrical, therefore Sum Average = 2 * Joint Average, only 1 needs to be calculated
2026-07-29 18:18:57,689 INFO Calculating features for lbp-2D image
2026-07-29 18:18:57,693 INFO Computing firstorder
2026-07-29 18:18:57,700 INFO Computing glcm
2026-07-29 18:18:57,703 WARNING GLCM is symmetrical, therefore Sum Average = 2 * Joint Average, only 1 needs to be calculated
2026-07-29 18:18:57,704 WARNING LBP 3D only available for 3 dimensional images, found 2 dimensions
2026-07-29 18:18:57,712 INFO Calculating features for logarithm image
2026-07-29 18:18:57,715 INFO Computing firstorder
2026-07-29 18:18:57,722 INFO Computing glcm
2026-07-29 18:18:57,726 WARNING GLCM is symmetrical, therefore Sum Average = 2 * Joint Average, only 1 needs to be calculated
2026-07-29 18:18:57,731 INFO Calculating features for square image
2026-07-29 18:18:57,735 INFO Computing firstorder
2026-07-29 18:18:57,743 INFO Computing glcm
2026-07-29 18:18:57,747 WARNING GLCM is symmetrical, therefore Sum Average = 2 * Joint Average, only 1 needs to be calculated
2026-07-29 18:18:57,753 INFO Calculating features for squareroot image
2026-07-29 18:18:57,757 INFO Computing firstorder
2026-07-29 18:18:57,763 INFO Computing glcm
2026-07-29 18:18:57,767 WARNING GLCM is symmetrical, therefore Sum Average = 2 * Joint Average, only 1 needs to be calculated
2026-07-29 18:18:57,776 INFO Computing Wavelet H
2026-07-29 18:18:57,776 INFO Calculating features for wavelet-H image
2026-07-29 18:18:57,780 INFO Computing firstorder
2026-07-29 18:18:57,787 INFO Computing glcm
2026-07-29 18:18:57,791 WARNING GLCM is symmetrical, therefore Sum Average = 2 * Joint Average, only 1 needs to be calculated
2026-07-29 18:18:57,791 INFO Calculating features for wavelet-L image
2026-07-29 18:18:57,794 INFO Computing firstorder
2026-07-29 18:18:57,801 INFO Computing glcm
2026-07-29 18:18:57,805 WARNING GLCM is symmetrical, therefore Sum Average = 2 * Joint Average, only 1 needs to be calculated
2026-07-29 18:18:57,838 INFO Calculating features with label: 1
2026-07-29 18:18:57,838 INFO Loading image and mask
2026-07-29 18:18:57,876 INFO Computing shape2D
2026-07-29 18:18:57,876 INFO Adding image type "Original" with custom settings: {}
2026-07-29 18:18:57,876 INFO Adding image type "Exponential" with custom settings: {}
2026-07-29 18:18:57,876 INFO Adding image type "Gradient" with custom settings: {}
2026-07-29 18:18:57,876 INFO Adding image type "LBP2D" with custom settings: {}
2026-07-29 18:18:57,876 INFO Adding image type "LBP3D" with custom settings: {}
2026-07-29 18:18:57,876 INFO Adding image type "LoG" with custom settings: {}
2026-07-29 18:18:57,876 INFO Adding image type "Logarithm" with custom settings: {}
2026-07-29 18:18:57,876 INFO Adding image type "Square" with custom settings: {}
2026-07-29 18:18:57,876 INFO Adding image type "SquareRoot" with custom settings: {}
2026-07-29 18:18:57,876 INFO Adding image type "Wavelet" with custom settings: {}
2026-07-29 18:18:57,876 INFO Calculating features for original image
2026-07-29 18:18:57,879 INFO Computing firstorder
2026-07-29 18:18:57,881 INFO Computing glcm
2026-07-29 18:18:57,882 WARNING GLCM is symmetrical, therefore Sum Average = 2 * Joint Average, only 1 needs to be calculated
2026-07-29 18:18:57,887 INFO Calculating features for exponential image
2026-07-29 18:18:57,891 INFO Computing firstorder
2026-07-29 18:18:57,893 INFO Computing glcm
2026-07-29 18:18:57,896 WARNING GLCM is symmetrical, therefore Sum Average = 2 * Joint Average, only 1 needs to be calculated
2026-07-29 18:18:57,901 INFO Calculating features for gradient image
2026-07-29 18:18:57,905 INFO Computing firstorder
2026-07-29 18:18:57,908 INFO Computing glcm
2026-07-29 18:18:57,910 WARNING GLCM is symmetrical, therefore Sum Average = 2 * Joint Average, only 1 needs to be calculated
2026-07-29 18:18:57,941 INFO Calculating features for lbp-2D image
2026-07-29 18:18:57,944 INFO Computing firstorder
2026-07-29 18:18:57,946 INFO Computing glcm
2026-07-29 18:18:57,947 WARNING GLCM is symmetrical, therefore Sum Average = 2 * Joint Average, only 1 needs to be calculated
2026-07-29 18:18:57,948 WARNING LBP 3D only available for 3 dimensional images, found 2 dimensions
2026-07-29 18:18:57,955 INFO Calculating features for logarithm image
2026-07-29 18:18:57,959 INFO Computing firstorder
2026-07-29 18:18:57,962 INFO Computing glcm
2026-07-29 18:18:57,963 WARNING GLCM is symmetrical, therefore Sum Average = 2 * Joint Average, only 1 needs to be calculated
2026-07-29 18:18:57,968 INFO Calculating features for square image
2026-07-29 18:18:57,971 INFO Computing firstorder
2026-07-29 18:18:57,973 INFO Computing glcm
2026-07-29 18:18:57,975 WARNING GLCM is symmetrical, therefore Sum Average = 2 * Joint Average, only 1 needs to be calculated
2026-07-29 18:18:57,980 INFO Calculating features for squareroot image
2026-07-29 18:18:57,983 INFO Computing firstorder
2026-07-29 18:18:57,985 INFO Computing glcm
2026-07-29 18:18:57,987 WARNING GLCM is symmetrical, therefore Sum Average = 2 * Joint Average, only 1 needs to be calculated
2026-07-29 18:18:57,994 INFO Computing Wavelet H
2026-07-29 18:18:57,994 INFO Calculating features for wavelet-H image
2026-07-29 18:18:57,997 INFO Computing firstorder
2026-07-29 18:18:57,999 INFO Computing glcm
2026-07-29 18:18:58,000 WARNING GLCM is symmetrical, therefore Sum Average = 2 * Joint Average, only 1 needs to be calculated
2026-07-29 18:18:58,001 INFO Calculating features for wavelet-L image
2026-07-29 18:18:58,003 INFO Computing firstorder
2026-07-29 18:18:58,006 INFO Computing glcm
2026-07-29 18:18:58,009 WARNING GLCM is symmetrical, therefore Sum Average = 2 * Joint Average, only 1 needs to be calculated
2026-07-29 18:18:58,038 INFO Calculating features with label: 1
2026-07-29 18:18:58,038 INFO Loading image and mask
2026-07-29 18:18:58,075 INFO Computing shape2D
2026-07-29 18:18:58,077 INFO Adding image type "Original" with custom settings: {}
2026-07-29 18:18:58,077 INFO Adding image type "Exponential" with custom settings: {}
2026-07-29 18:18:58,077 INFO Adding image type "Gradient" with custom settings: {}
2026-07-29 18:18:58,077 INFO Adding image type "LBP2D" with custom settings: {}
2026-07-29 18:18:58,078 INFO Adding image type "LBP3D" with custom settings: {}
2026-07-29 18:18:58,078 INFO Adding image type "LoG" with custom settings: {}
2026-07-29 18:18:58,078 INFO Adding image type "Logarithm" with custom settings: {}
2026-07-29 18:18:58,078 INFO Adding image type "Square" with custom settings: {}
2026-07-29 18:18:58,078 INFO Adding image type "SquareRoot" with custom settings: {}
2026-07-29 18:18:58,078 INFO Adding image type "Wavelet" with custom settings: {}
2026-07-29 18:18:58,078 INFO Calculating features for original image
2026-07-29 18:18:58,080 INFO Computing firstorder
2026-07-29 18:18:58,085 INFO Computing glcm
2026-07-29 18:18:58,088 WARNING GLCM is symmetrical, therefore Sum Average = 2 * Joint Average, only 1 needs to be calculated
2026-07-29 18:18:58,094 INFO Calculating features for exponential image
2026-07-29 18:18:58,097 INFO Computing firstorder
2026-07-29 18:18:58,101 INFO Computing glcm
2026-07-29 18:18:58,103 WARNING GLCM is symmetrical, therefore Sum Average = 2 * Joint Average, only 1 needs to be calculated
2026-07-29 18:18:58,106 INFO Calculating features for gradient image
2026-07-29 18:18:58,109 INFO Computing firstorder
2026-07-29 18:18:58,115 INFO Computing glcm
2026-07-29 18:18:58,117 WARNING GLCM is symmetrical, therefore Sum Average = 2 * Joint Average, only 1 needs to be calculated
2026-07-29 18:18:58,142 INFO Calculating features for lbp-2D image
2026-07-29 18:18:58,145 INFO Computing firstorder
2026-07-29 18:18:58,150 INFO Computing glcm
2026-07-29 18:18:58,152 WARNING GLCM is symmetrical, therefore Sum Average = 2 * Joint Average, only 1 needs to be calculated
2026-07-29 18:18:58,153 WARNING LBP 3D only available for 3 dimensional images, found 2 dimensions
2026-07-29 18:18:58,160 INFO Calculating features for logarithm image
2026-07-29 18:18:58,163 INFO Computing firstorder
2026-07-29 18:18:58,168 INFO Computing glcm
2026-07-29 18:18:58,171 WARNING GLCM is symmetrical, therefore Sum Average = 2 * Joint Average, only 1 needs to be calculated
2026-07-29 18:18:58,177 INFO Calculating features for square image
2026-07-29 18:18:58,180 INFO Computing firstorder
2026-07-29 18:18:58,184 INFO Computing glcm
2026-07-29 18:18:58,187 WARNING GLCM is symmetrical, therefore Sum Average = 2 * Joint Average, only 1 needs to be calculated
2026-07-29 18:18:58,194 INFO Calculating features for squareroot image
2026-07-29 18:18:58,198 INFO Computing firstorder
2026-07-29 18:18:58,202 INFO Computing glcm
2026-07-29 18:18:58,206 WARNING GLCM is symmetrical, therefore Sum Average = 2 * Joint Average, only 1 needs to be calculated
2026-07-29 18:18:58,213 INFO Computing Wavelet H
2026-07-29 18:18:58,213 INFO Calculating features for wavelet-H image
2026-07-29 18:18:58,218 INFO Computing firstorder
2026-07-29 18:18:58,223 INFO Computing glcm
2026-07-29 18:18:58,226 WARNING GLCM is symmetrical, therefore Sum Average = 2 * Joint Average, only 1 needs to be calculated
2026-07-29 18:18:58,226 INFO Calculating features for wavelet-L image
2026-07-29 18:18:58,230 INFO Computing firstorder
2026-07-29 18:18:58,234 INFO Computing glcm
2026-07-29 18:18:58,238 WARNING GLCM is symmetrical, therefore Sum Average = 2 * Joint Average, only 1 needs to be calculated
2026-07-29 18:18:58,268 INFO Calculating features with label: 1
2026-07-29 18:18:58,268 INFO Loading image and mask
2026-07-29 18:18:58,309 INFO Computing shape2D
2026-07-29 18:18:58,312 INFO Adding image type "Original" with custom settings: {}
2026-07-29 18:18:58,312 INFO Adding image type "Exponential" with custom settings: {}
2026-07-29 18:18:58,312 INFO Adding image type "Gradient" with custom settings: {}
2026-07-29 18:18:58,312 INFO Adding image type "LBP2D" with custom settings: {}
2026-07-29 18:18:58,312 INFO Adding image type "LBP3D" with custom settings: {}
2026-07-29 18:18:58,312 INFO Adding image type "LoG" with custom settings: {}
2026-07-29 18:18:58,312 INFO Adding image type "Logarithm" with custom settings: {}
2026-07-29 18:18:58,312 INFO Adding image type "Square" with custom settings: {}
2026-07-29 18:18:58,312 INFO Adding image type "SquareRoot" with custom settings: {}
2026-07-29 18:18:58,312 INFO Adding image type "Wavelet" with custom settings: {}
2026-07-29 18:18:58,312 INFO Calculating features for original image
2026-07-29 18:18:58,315 INFO Computing firstorder
2026-07-29 18:18:58,322 INFO Computing glcm
2026-07-29 18:18:58,326 WARNING GLCM is symmetrical, therefore Sum Average = 2 * Joint Average, only 1 needs to be calculated
2026-07-29 18:18:58,331 INFO Calculating features for exponential image
2026-07-29 18:18:58,334 INFO Computing firstorder
2026-07-29 18:18:58,341 INFO Computing glcm
2026-07-29 18:18:58,344 WARNING GLCM is symmetrical, therefore Sum Average = 2 * Joint Average, only 1 needs to be calculated
2026-07-29 18:18:58,347 INFO Calculating features for gradient image
2026-07-29 18:18:58,351 INFO Computing firstorder
2026-07-29 18:18:58,357 INFO Computing glcm
2026-07-29 18:18:58,360 WARNING GLCM is symmetrical, therefore Sum Average = 2 * Joint Average, only 1 needs to be calculated
2026-07-29 18:18:58,385 INFO Calculating features for lbp-2D image
2026-07-29 18:18:58,390 INFO Computing firstorder
2026-07-29 18:18:58,396 INFO Computing glcm
2026-07-29 18:18:58,399 WARNING GLCM is symmetrical, therefore Sum Average = 2 * Joint Average, only 1 needs to be calculated
2026-07-29 18:18:58,400 WARNING LBP 3D only available for 3 dimensional images, found 2 dimensions
2026-07-29 18:18:58,408 INFO Calculating features for logarithm image
2026-07-29 18:18:58,412 INFO Computing firstorder
2026-07-29 18:18:58,419 INFO Computing glcm
2026-07-29 18:18:58,423 WARNING GLCM is symmetrical, therefore Sum Average = 2 * Joint Average, only 1 needs to be calculated
2026-07-29 18:18:58,428 INFO Calculating features for square image
2026-07-29 18:18:58,432 INFO Computing firstorder
2026-07-29 18:18:58,439 INFO Computing glcm
2026-07-29 18:18:58,443 WARNING GLCM is symmetrical, therefore Sum Average = 2 * Joint Average, only 1 needs to be calculated
2026-07-29 18:18:58,450 INFO Calculating features for squareroot image
2026-07-29 18:18:58,452 INFO Computing firstorder
2026-07-29 18:18:58,459 INFO Computing glcm
2026-07-29 18:18:58,463 WARNING GLCM is symmetrical, therefore Sum Average = 2 * Joint Average, only 1 needs to be calculated
2026-07-29 18:18:58,471 INFO Computing Wavelet H
2026-07-29 18:18:58,471 INFO Calculating features for wavelet-H image
2026-07-29 18:18:58,476 INFO Computing firstorder
2026-07-29 18:18:58,483 INFO Computing glcm
2026-07-29 18:18:58,486 WARNING GLCM is symmetrical, therefore Sum Average = 2 * Joint Average, only 1 needs to be calculated
2026-07-29 18:18:58,487 INFO Calculating features for wavelet-L image
2026-07-29 18:18:58,491 INFO Computing firstorder
2026-07-29 18:18:58,498 INFO Computing glcm
2026-07-29 18:18:58,502 WARNING GLCM is symmetrical, therefore Sum Average = 2 * Joint Average, only 1 needs to be calculated
2026-07-29 18:18:58,554 INFO Calculating features with label: 1
2026-07-29 18:18:58,554 INFO Loading image and mask
2026-07-29 18:18:58,595 INFO Computing shape2D
2026-07-29 18:18:58,596 INFO Adding image type "Original" with custom settings: {}
2026-07-29 18:18:58,596 INFO Adding image type "Exponential" with custom settings: {}
2026-07-29 18:18:58,596 INFO Adding image type "Gradient" with custom settings: {}
2026-07-29 18:18:58,596 INFO Adding image type "LBP2D" with custom settings: {}
2026-07-29 18:18:58,596 INFO Adding image type "LBP3D" with custom settings: {}
2026-07-29 18:18:58,596 INFO Adding image type "LoG" with custom settings: {}
2026-07-29 18:18:58,596 INFO Adding image type "Logarithm" with custom settings: {}
2026-07-29 18:18:58,596 INFO Adding image type "Square" with custom settings: {}
2026-07-29 18:18:58,596 INFO Adding image type "SquareRoot" with custom settings: {}
2026-07-29 18:18:58,596 INFO Adding image type "Wavelet" with custom settings: {}
2026-07-29 18:18:58,596 INFO Calculating features for original image
2026-07-29 18:18:58,599 INFO Computing firstorder
2026-07-29 18:18:58,601 INFO Computing glcm
2026-07-29 18:18:58,602 WARNING GLCM is symmetrical, therefore Sum Average = 2 * Joint Average, only 1 needs to be calculated
2026-07-29 18:18:58,608 INFO Calculating features for exponential image
2026-07-29 18:18:58,610 INFO Computing firstorder
2026-07-29 18:18:58,612 INFO Computing glcm
2026-07-29 18:18:58,614 WARNING GLCM is symmetrical, therefore Sum Average = 2 * Joint Average, only 1 needs to be calculated
2026-07-29 18:18:58,618 INFO Calculating features for gradient image
2026-07-29 18:18:58,622 INFO Computing firstorder
2026-07-29 18:18:58,624 INFO Computing glcm
2026-07-29 18:18:58,626 WARNING GLCM is symmetrical, therefore Sum Average = 2 * Joint Average, only 1 needs to be calculated
2026-07-29 18:18:58,650 INFO Calculating features for lbp-2D image
2026-07-29 18:18:58,654 INFO Computing firstorder
2026-07-29 18:18:58,656 INFO Computing glcm
2026-07-29 18:18:58,657 WARNING GLCM is symmetrical, therefore Sum Average = 2 * Joint Average, only 1 needs to be calculated
2026-07-29 18:18:58,658 WARNING LBP 3D only available for 3 dimensional images, found 2 dimensions
2026-07-29 18:18:58,666 INFO Calculating features for logarithm image
2026-07-29 18:18:58,669 INFO Computing firstorder
2026-07-29 18:18:58,671 INFO Computing glcm
2026-07-29 18:18:58,673 WARNING GLCM is symmetrical, therefore Sum Average = 2 * Joint Average, only 1 needs to be calculated
2026-07-29 18:18:58,678 INFO Calculating features for square image
2026-07-29 18:18:58,681 INFO Computing firstorder
2026-07-29 18:18:58,683 INFO Computing glcm
2026-07-29 18:18:58,685 WARNING GLCM is symmetrical, therefore Sum Average = 2 * Joint Average, only 1 needs to be calculated
2026-07-29 18:18:58,690 INFO Calculating features for squareroot image
2026-07-29 18:18:58,693 INFO Computing firstorder
2026-07-29 18:18:58,696 INFO Computing glcm
2026-07-29 18:18:58,697 WARNING GLCM is symmetrical, therefore Sum Average = 2 * Joint Average, only 1 needs to be calculated
2026-07-29 18:18:58,705 INFO Computing Wavelet H
2026-07-29 18:18:58,705 INFO Calculating features for wavelet-H image
2026-07-29 18:18:58,708 INFO Computing firstorder
2026-07-29 18:18:58,710 INFO Computing glcm
2026-07-29 18:18:58,712 WARNING GLCM is symmetrical, therefore Sum Average = 2 * Joint Average, only 1 needs to be calculated
2026-07-29 18:18:58,712 INFO Calculating features for wavelet-L image
2026-07-29 18:18:58,715 INFO Computing firstorder
2026-07-29 18:18:58,717 INFO Computing glcm
2026-07-29 18:18:58,719 WARNING GLCM is symmetrical, therefore Sum Average = 2 * Joint Average, only 1 needs to be calculated
2026-07-29 18:18:58,751 INFO Calculating features with label: 1
2026-07-29 18:18:58,751 INFO Loading image and mask
2026-07-29 18:18:58,790 INFO Computing shape2D
2026-07-29 18:18:58,792 INFO Adding image type "Original" with custom settings: {}
2026-07-29 18:18:58,792 INFO Adding image type "Exponential" with custom settings: {}
2026-07-29 18:18:58,792 INFO Adding image type "Gradient" with custom settings: {}
2026-07-29 18:18:58,792 INFO Adding image type "LBP2D" with custom settings: {}
2026-07-29 18:18:58,792 INFO Adding image type "LBP3D" with custom settings: {}
2026-07-29 18:18:58,792 INFO Adding image type "LoG" with custom settings: {}
2026-07-29 18:18:58,792 INFO Adding image type "Logarithm" with custom settings: {}
2026-07-29 18:18:58,792 INFO Adding image type "Square" with custom settings: {}
2026-07-29 18:18:58,792 INFO Adding image type "SquareRoot" with custom settings: {}
2026-07-29 18:18:58,792 INFO Adding image type "Wavelet" with custom settings: {}
2026-07-29 18:18:58,792 INFO Calculating features for original image
2026-07-29 18:18:58,795 INFO Computing firstorder
2026-07-29 18:18:58,802 INFO Computing glcm
2026-07-29 18:18:58,806 WARNING GLCM is symmetrical, therefore Sum Average = 2 * Joint Average, only 1 needs to be calculated
2026-07-29 18:18:58,812 INFO Calculating features for exponential image
2026-07-29 18:18:58,815 INFO Computing firstorder
2026-07-29 18:18:58,822 INFO Computing glcm
2026-07-29 18:18:58,826 WARNING GLCM is symmetrical, therefore Sum Average = 2 * Joint Average, only 1 needs to be calculated
2026-07-29 18:18:58,829 INFO Calculating features for gradient image
2026-07-29 18:18:58,833 INFO Computing firstorder
2026-07-29 18:18:58,839 INFO Computing glcm
2026-07-29 18:18:58,843 WARNING GLCM is symmetrical, therefore Sum Average = 2 * Joint Average, only 1 needs to be calculated
2026-07-29 18:18:58,868 INFO Calculating features for lbp-2D image
2026-07-29 18:18:58,872 INFO Computing firstorder
2026-07-29 18:18:58,879 INFO Computing glcm
2026-07-29 18:18:58,882 WARNING GLCM is symmetrical, therefore Sum Average = 2 * Joint Average, only 1 needs to be calculated
2026-07-29 18:18:58,883 WARNING LBP 3D only available for 3 dimensional images, found 2 dimensions
2026-07-29 18:18:58,891 INFO Calculating features for logarithm image
2026-07-29 18:18:58,895 INFO Computing firstorder
2026-07-29 18:18:58,903 INFO Computing glcm
2026-07-29 18:18:58,908 WARNING GLCM is symmetrical, therefore Sum Average = 2 * Joint Average, only 1 needs to be calculated
2026-07-29 18:18:58,913 INFO Calculating features for square image
2026-07-29 18:18:58,917 INFO Computing firstorder
2026-07-29 18:18:58,924 INFO Computing glcm
2026-07-29 18:18:58,927 WARNING GLCM is symmetrical, therefore Sum Average = 2 * Joint Average, only 1 needs to be calculated
2026-07-29 18:18:58,935 INFO Calculating features for squareroot image
2026-07-29 18:18:58,939 INFO Computing firstorder
2026-07-29 18:18:58,946 INFO Computing glcm
2026-07-29 18:18:58,951 WARNING GLCM is symmetrical, therefore Sum Average = 2 * Joint Average, only 1 needs to be calculated
2026-07-29 18:18:58,958 INFO Computing Wavelet H
2026-07-29 18:18:58,959 INFO Calculating features for wavelet-H image
2026-07-29 18:18:58,963 INFO Computing firstorder
2026-07-29 18:18:58,970 INFO Computing glcm
2026-07-29 18:18:58,974 WARNING GLCM is symmetrical, therefore Sum Average = 2 * Joint Average, only 1 needs to be calculated
2026-07-29 18:18:58,974 INFO Calculating features for wavelet-L image
2026-07-29 18:18:58,978 INFO Computing firstorder
2026-07-29 18:18:58,985 INFO Computing glcm
2026-07-29 18:18:58,989 WARNING GLCM is symmetrical, therefore Sum Average = 2 * Joint Average, only 1 needs to be calculated
2026-07-29 18:18:59,018 INFO Calculating features with label: 1
2026-07-29 18:18:59,018 INFO Loading image and mask
2026-07-29 18:18:59,023 ERROR s0034
Traceback (most recent call last):
  File "C:\Users\kanishk\OneDrive\Desktop\infant\Corpus_Callosum\radiomic_feature_extraction.py", line 392, in main
    feature_row = process_subject(
                  ^^^^^^^^^^^^^^^^
  File "C:\Users\kanishk\OneDrive\Desktop\infant\Corpus_Callosum\radiomic_feature_extraction.py", line 284, in process_subject
    feature_dict = extract_features(
                   ^^^^^^^^^^^^^^^^^
  File "C:\Users\kanishk\OneDrive\Desktop\infant\Corpus_Callosum\radiomic_feature_extraction.py", line 236, in extract_features
    feature_vector = extractor.execute(
                     ^^^^^^^^^^^^^^^^^^
  File "C:\Users\kanishk\AppData\Roaming\Python\Python311\site-packages\radiomics\featureextractor.py", line 272, in execute
    image, mask = self.loadImage(imageFilepath, maskFilepath, generalInfo, **_settings)
                  ^^^^^^^^^^^^^^^^^^^^^^^^^^^^^^^^^^^^^^^^^^^^^^^^^^^^^^^^^^^^^^^^^^^^^
  File "C:\Users\kanishk\AppData\Roaming\Python\Python311\site-packages\radiomics\featureextractor.py", line 385, in loadImage
    mask = imageoperations.getMask(mask, **kwargs)
           ^^^^^^^^^^^^^^^^^^^^^^^^^^^^^^^^^^^^^^^
  File "C:\Users\kanishk\AppData\Roaming\Python\Python311\site-packages\radiomics\imageoperations.py", line 49, in getMask
    raise ValueError('No labels found in this mask (i.e. nothing is segmented)!')
ValueError: No labels found in this mask (i.e. nothing is segmented)!
2026-07-29 18:18:59,126 INFO Calculating features with label: 1
2026-07-29 18:18:59,126 INFO Loading image and mask
2026-07-29 18:18:59,166 INFO Computing shape2D
2026-07-29 18:18:59,167 INFO Adding image type "Original" with custom settings: {}
2026-07-29 18:18:59,167 INFO Adding image type "Exponential" with custom settings: {}
2026-07-29 18:18:59,167 INFO Adding image type "Gradient" with custom settings: {}
2026-07-29 18:18:59,167 INFO Adding image type "LBP2D" with custom settings: {}
2026-07-29 18:18:59,167 INFO Adding image type "LBP3D" with custom settings: {}
2026-07-29 18:18:59,167 INFO Adding image type "LoG" with custom settings: {}
2026-07-29 18:18:59,167 INFO Adding image type "Logarithm" with custom settings: {}
2026-07-29 18:18:59,167 INFO Adding image type "Square" with custom settings: {}
2026-07-29 18:18:59,167 INFO Adding image type "SquareRoot" with custom settings: {}
2026-07-29 18:18:59,167 INFO Adding image type "Wavelet" with custom settings: {}
2026-07-29 18:18:59,167 INFO Calculating features for original image
2026-07-29 18:18:59,169 INFO Computing firstorder
2026-07-29 18:18:59,171 INFO Computing glcm
2026-07-29 18:18:59,173 WARNING GLCM is symmetrical, therefore Sum Average = 2 * Joint Average, only 1 needs to be calculated
2026-07-29 18:18:59,178 INFO Calculating features for exponential image
2026-07-29 18:18:59,181 INFO Computing firstorder
2026-07-29 18:18:59,182 INFO Computing glcm
2026-07-29 18:18:59,183 WARNING GLCM is symmetrical, therefore Sum Average = 2 * Joint Average, only 1 needs to be calculated
2026-07-29 18:18:59,185 INFO Calculating features for gradient image
2026-07-29 18:18:59,188 INFO Computing firstorder
2026-07-29 18:18:59,190 INFO Computing glcm
2026-07-29 18:18:59,191 WARNING GLCM is symmetrical, therefore Sum Average = 2 * Joint Average, only 1 needs to be calculated
2026-07-29 18:18:59,217 INFO Calculating features for lbp-2D image
2026-07-29 18:18:59,220 INFO Computing firstorder
2026-07-29 18:18:59,222 INFO Computing glcm
2026-07-29 18:18:59,223 WARNING GLCM is symmetrical, therefore Sum Average = 2 * Joint Average, only 1 needs to be calculated
2026-07-29 18:18:59,224 WARNING LBP 3D only available for 3 dimensional images, found 2 dimensions
2026-07-29 18:18:59,231 INFO Calculating features for logarithm image
2026-07-29 18:18:59,234 INFO Computing firstorder
2026-07-29 18:18:59,236 INFO Computing glcm
2026-07-29 18:18:59,237 WARNING GLCM is symmetrical, therefore Sum Average = 2 * Joint Average, only 1 needs to be calculated
2026-07-29 18:18:59,245 INFO Calculating features for square image
2026-07-29 18:18:59,251 INFO Computing firstorder
2026-07-29 18:18:59,254 INFO Computing glcm
2026-07-29 18:18:59,256 WARNING GLCM is symmetrical, therefore Sum Average = 2 * Joint Average, only 1 needs to be calculated
2026-07-29 18:18:59,263 INFO Calculating features for squareroot image
2026-07-29 18:18:59,267 INFO Computing firstorder
2026-07-29 18:18:59,269 INFO Computing glcm
2026-07-29 18:18:59,271 WARNING GLCM is symmetrical, therefore Sum Average = 2 * Joint Average, only 1 needs to be calculated
2026-07-29 18:18:59,279 INFO Computing Wavelet H
2026-07-29 18:18:59,280 INFO Calculating features for wavelet-H image
2026-07-29 18:18:59,283 INFO Computing firstorder
2026-07-29 18:18:59,285 INFO Computing glcm
2026-07-29 18:18:59,286 WARNING GLCM is symmetrical, therefore Sum Average = 2 * Joint Average, only 1 needs to be calculated
2026-07-29 18:18:59,286 INFO Calculating features for wavelet-L image
2026-07-29 18:18:59,289 INFO Computing firstorder
2026-07-29 18:18:59,291 INFO Computing glcm
2026-07-29 18:18:59,292 WARNING GLCM is symmetrical, therefore Sum Average = 2 * Joint Average, only 1 needs to be calculated
2026-07-29 18:18:59,334 INFO Calculating features with label: 1
2026-07-29 18:18:59,334 INFO Loading image and mask
2026-07-29 18:18:59,374 INFO Computing shape2D
2026-07-29 18:18:59,376 INFO Adding image type "Original" with custom settings: {}
2026-07-29 18:18:59,376 INFO Adding image type "Exponential" with custom settings: {}
2026-07-29 18:18:59,376 INFO Adding image type "Gradient" with custom settings: {}
2026-07-29 18:18:59,376 INFO Adding image type "LBP2D" with custom settings: {}
2026-07-29 18:18:59,376 INFO Adding image type "LBP3D" with custom settings: {}
2026-07-29 18:18:59,376 INFO Adding image type "LoG" with custom settings: {}
2026-07-29 18:18:59,376 INFO Adding image type "Logarithm" with custom settings: {}
2026-07-29 18:18:59,376 INFO Adding image type "Square" with custom settings: {}
2026-07-29 18:18:59,376 INFO Adding image type "SquareRoot" with custom settings: {}
2026-07-29 18:18:59,376 INFO Adding image type "Wavelet" with custom settings: {}
2026-07-29 18:18:59,376 INFO Calculating features for original image
2026-07-29 18:18:59,379 INFO Computing firstorder
2026-07-29 18:18:59,384 INFO Computing glcm
2026-07-29 18:18:59,387 WARNING GLCM is symmetrical, therefore Sum Average = 2 * Joint Average, only 1 needs to be calculated
2026-07-29 18:18:59,393 INFO Calculating features for exponential image
2026-07-29 18:18:59,396 INFO Computing firstorder
2026-07-29 18:18:59,401 INFO Computing glcm
2026-07-29 18:18:59,404 WARNING GLCM is symmetrical, therefore Sum Average = 2 * Joint Average, only 1 needs to be calculated
2026-07-29 18:18:59,406 INFO Calculating features for gradient image
2026-07-29 18:18:59,410 INFO Computing firstorder
2026-07-29 18:18:59,414 INFO Computing glcm
2026-07-29 18:18:59,417 WARNING GLCM is symmetrical, therefore Sum Average = 2 * Joint Average, only 1 needs to be calculated
2026-07-29 18:18:59,442 INFO Calculating features for lbp-2D image
2026-07-29 18:18:59,445 INFO Computing firstorder
2026-07-29 18:18:59,449 INFO Computing glcm
2026-07-29 18:18:59,452 WARNING GLCM is symmetrical, therefore Sum Average = 2 * Joint Average, only 1 needs to be calculated
2026-07-29 18:18:59,452 WARNING LBP 3D only available for 3 dimensional images, found 2 dimensions
2026-07-29 18:18:59,460 INFO Calculating features for logarithm image
2026-07-29 18:18:59,463 INFO Computing firstorder
2026-07-29 18:18:59,468 INFO Computing glcm
2026-07-29 18:18:59,471 WARNING GLCM is symmetrical, therefore Sum Average = 2 * Joint Average, only 1 needs to be calculated
2026-07-29 18:18:59,476 INFO Calculating features for square image
2026-07-29 18:18:59,479 INFO Computing firstorder
2026-07-29 18:18:59,484 INFO Computing glcm
2026-07-29 18:18:59,486 WARNING GLCM is symmetrical, therefore Sum Average = 2 * Joint Average, only 1 needs to be calculated
2026-07-29 18:18:59,493 INFO Calculating features for squareroot image
2026-07-29 18:18:59,496 INFO Computing firstorder
2026-07-29 18:18:59,501 INFO Computing glcm
2026-07-29 18:18:59,505 WARNING GLCM is symmetrical, therefore Sum Average = 2 * Joint Average, only 1 needs to be calculated
2026-07-29 18:18:59,513 INFO Computing Wavelet H
2026-07-29 18:18:59,513 INFO Calculating features for wavelet-H image
2026-07-29 18:18:59,516 INFO Computing firstorder
2026-07-29 18:18:59,522 INFO Computing glcm
2026-07-29 18:18:59,525 WARNING GLCM is symmetrical, therefore Sum Average = 2 * Joint Average, only 1 needs to be calculated
2026-07-29 18:18:59,526 INFO Calculating features for wavelet-L image
2026-07-29 18:18:59,529 INFO Computing firstorder
2026-07-29 18:18:59,534 INFO Computing glcm
2026-07-29 18:18:59,538 WARNING GLCM is symmetrical, therefore Sum Average = 2 * Joint Average, only 1 needs to be calculated
2026-07-29 18:18:59,576 INFO Calculating features with label: 1
2026-07-29 18:18:59,576 INFO Loading image and mask
2026-07-29 18:18:59,615 INFO Computing shape2D
2026-07-29 18:18:59,616 INFO Adding image type "Original" with custom settings: {}
2026-07-29 18:18:59,616 INFO Adding image type "Exponential" with custom settings: {}
2026-07-29 18:18:59,616 INFO Adding image type "Gradient" with custom settings: {}
2026-07-29 18:18:59,616 INFO Adding image type "LBP2D" with custom settings: {}
2026-07-29 18:18:59,616 INFO Adding image type "LBP3D" with custom settings: {}
2026-07-29 18:18:59,616 INFO Adding image type "LoG" with custom settings: {}
2026-07-29 18:18:59,616 INFO Adding image type "Logarithm" with custom settings: {}
2026-07-29 18:18:59,616 INFO Adding image type "Square" with custom settings: {}
2026-07-29 18:18:59,616 INFO Adding image type "SquareRoot" with custom settings: {}
2026-07-29 18:18:59,616 INFO Adding image type "Wavelet" with custom settings: {}
2026-07-29 18:18:59,616 INFO Calculating features for original image
2026-07-29 18:18:59,619 INFO Computing firstorder
2026-07-29 18:18:59,621 INFO Computing glcm
2026-07-29 18:18:59,623 WARNING GLCM is symmetrical, therefore Sum Average = 2 * Joint Average, only 1 needs to be calculated
2026-07-29 18:18:59,628 INFO Calculating features for exponential image
2026-07-29 18:18:59,632 INFO Computing firstorder
2026-07-29 18:18:59,635 INFO Computing glcm
2026-07-29 18:18:59,636 WARNING GLCM is symmetrical, therefore Sum Average = 2 * Joint Average, only 1 needs to be calculated
2026-07-29 18:18:59,639 INFO Calculating features for gradient image
2026-07-29 18:18:59,642 INFO Computing firstorder
2026-07-29 18:18:59,644 INFO Computing glcm
2026-07-29 18:18:59,646 WARNING GLCM is symmetrical, therefore Sum Average = 2 * Joint Average, only 1 needs to be calculated
2026-07-29 18:18:59,671 INFO Calculating features for lbp-2D image
2026-07-29 18:18:59,674 INFO Computing firstorder
2026-07-29 18:18:59,677 INFO Computing glcm
2026-07-29 18:18:59,678 WARNING GLCM is symmetrical, therefore Sum Average = 2 * Joint Average, only 1 needs to be calculated
2026-07-29 18:18:59,679 WARNING LBP 3D only available for 3 dimensional images, found 2 dimensions
2026-07-29 18:18:59,686 INFO Calculating features for logarithm image
2026-07-29 18:18:59,690 INFO Computing firstorder
2026-07-29 18:18:59,692 INFO Computing glcm
2026-07-29 18:18:59,694 WARNING GLCM is symmetrical, therefore Sum Average = 2 * Joint Average, only 1 needs to be calculated
2026-07-29 18:18:59,698 INFO Calculating features for square image
2026-07-29 18:18:59,701 INFO Computing firstorder
2026-07-29 18:18:59,704 INFO Computing glcm
2026-07-29 18:18:59,706 WARNING GLCM is symmetrical, therefore Sum Average = 2 * Joint Average, only 1 needs to be calculated
2026-07-29 18:18:59,711 INFO Calculating features for squareroot image
2026-07-29 18:18:59,715 INFO Computing firstorder
2026-07-29 18:18:59,717 INFO Computing glcm
2026-07-29 18:18:59,719 WARNING GLCM is symmetrical, therefore Sum Average = 2 * Joint Average, only 1 needs to be calculated
2026-07-29 18:18:59,727 INFO Computing Wavelet H
2026-07-29 18:18:59,728 INFO Calculating features for wavelet-H image
2026-07-29 18:18:59,731 INFO Computing firstorder
2026-07-29 18:18:59,734 INFO Computing glcm
2026-07-29 18:18:59,735 WARNING GLCM is symmetrical, therefore Sum Average = 2 * Joint Average, only 1 needs to be calculated
2026-07-29 18:18:59,736 INFO Calculating features for wavelet-L image
2026-07-29 18:18:59,739 INFO Computing firstorder
2026-07-29 18:18:59,741 INFO Computing glcm
2026-07-29 18:18:59,743 WARNING GLCM is symmetrical, therefore Sum Average = 2 * Joint Average, only 1 needs to be calculated
2026-07-29 18:18:59,770 INFO Calculating features with label: 1
2026-07-29 18:18:59,770 INFO Loading image and mask
2026-07-29 18:18:59,806 INFO Computing shape2D
2026-07-29 18:18:59,808 INFO Adding image type "Original" with custom settings: {}
2026-07-29 18:18:59,808 INFO Adding image type "Exponential" with custom settings: {}
2026-07-29 18:18:59,808 INFO Adding image type "Gradient" with custom settings: {}
2026-07-29 18:18:59,808 INFO Adding image type "LBP2D" with custom settings: {}
2026-07-29 18:18:59,808 INFO Adding image type "LBP3D" with custom settings: {}
2026-07-29 18:18:59,808 INFO Adding image type "LoG" with custom settings: {}
2026-07-29 18:18:59,808 INFO Adding image type "Logarithm" with custom settings: {}
2026-07-29 18:18:59,808 INFO Adding image type "Square" with custom settings: {}
2026-07-29 18:18:59,808 INFO Adding image type "SquareRoot" with custom settings: {}
2026-07-29 18:18:59,808 INFO Adding image type "Wavelet" with custom settings: {}
2026-07-29 18:18:59,808 INFO Calculating features for original image
2026-07-29 18:18:59,810 INFO Computing firstorder
2026-07-29 18:18:59,815 INFO Computing glcm
2026-07-29 18:18:59,818 WARNING GLCM is symmetrical, therefore Sum Average = 2 * Joint Average, only 1 needs to be calculated
2026-07-29 18:18:59,823 INFO Calculating features for exponential image
2026-07-29 18:18:59,826 INFO Computing firstorder
2026-07-29 18:18:59,830 INFO Computing glcm
2026-07-29 18:18:59,833 WARNING GLCM is symmetrical, therefore Sum Average = 2 * Joint Average, only 1 needs to be calculated
2026-07-29 18:18:59,836 INFO Calculating features for gradient image
2026-07-29 18:18:59,839 INFO Computing firstorder
2026-07-29 18:18:59,843 INFO Computing glcm
2026-07-29 18:18:59,846 WARNING GLCM is symmetrical, therefore Sum Average = 2 * Joint Average, only 1 needs to be calculated
2026-07-29 18:18:59,870 INFO Calculating features for lbp-2D image
2026-07-29 18:18:59,873 INFO Computing firstorder
2026-07-29 18:18:59,878 INFO Computing glcm
2026-07-29 18:18:59,880 WARNING GLCM is symmetrical, therefore Sum Average = 2 * Joint Average, only 1 needs to be calculated
2026-07-29 18:18:59,881 WARNING LBP 3D only available for 3 dimensional images, found 2 dimensions
2026-07-29 18:18:59,888 INFO Calculating features for logarithm image
2026-07-29 18:18:59,892 INFO Computing firstorder
2026-07-29 18:18:59,896 INFO Computing glcm
2026-07-29 18:18:59,899 WARNING GLCM is symmetrical, therefore Sum Average = 2 * Joint Average, only 1 needs to be calculated
2026-07-29 18:18:59,904 INFO Calculating features for square image
2026-07-29 18:18:59,908 INFO Computing firstorder
2026-07-29 18:18:59,912 INFO Computing glcm
2026-07-29 18:18:59,915 WARNING GLCM is symmetrical, therefore Sum Average = 2 * Joint Average, only 1 needs to be calculated
2026-07-29 18:18:59,921 INFO Calculating features for squareroot image
2026-07-29 18:18:59,924 INFO Computing firstorder
2026-07-29 18:18:59,929 INFO Computing glcm
2026-07-29 18:18:59,932 WARNING GLCM is symmetrical, therefore Sum Average = 2 * Joint Average, only 1 needs to be calculated
2026-07-29 18:18:59,940 INFO Computing Wavelet H
2026-07-29 18:18:59,940 INFO Calculating features for wavelet-H image
2026-07-29 18:18:59,943 INFO Computing firstorder
2026-07-29 18:18:59,948 INFO Computing glcm
2026-07-29 18:18:59,950 WARNING GLCM is symmetrical, therefore Sum Average = 2 * Joint Average, only 1 needs to be calculated
2026-07-29 18:18:59,951 INFO Calculating features for wavelet-L image
2026-07-29 18:18:59,954 INFO Computing firstorder
2026-07-29 18:18:59,960 INFO Computing glcm
2026-07-29 18:18:59,964 WARNING GLCM is symmetrical, therefore Sum Average = 2 * Joint Average, only 1 needs to be calculated
2026-07-29 18:19:00,005 INFO Calculating features with label: 1
2026-07-29 18:19:00,005 INFO Loading image and mask
2026-07-29 18:19:00,044 INFO Computing shape2D
2026-07-29 18:19:00,046 INFO Adding image type "Original" with custom settings: {}
2026-07-29 18:19:00,046 INFO Adding image type "Exponential" with custom settings: {}
2026-07-29 18:19:00,046 INFO Adding image type "Gradient" with custom settings: {}
2026-07-29 18:19:00,046 INFO Adding image type "LBP2D" with custom settings: {}
2026-07-29 18:19:00,046 INFO Adding image type "LBP3D" with custom settings: {}
2026-07-29 18:19:00,046 INFO Adding image type "LoG" with custom settings: {}
2026-07-29 18:19:00,046 INFO Adding image type "Logarithm" with custom settings: {}
2026-07-29 18:19:00,046 INFO Adding image type "Square" with custom settings: {}
2026-07-29 18:19:00,046 INFO Adding image type "SquareRoot" with custom settings: {}
2026-07-29 18:19:00,046 INFO Adding image type "Wavelet" with custom settings: {}
2026-07-29 18:19:00,046 INFO Calculating features for original image
2026-07-29 18:19:00,049 INFO Computing firstorder
2026-07-29 18:19:00,053 INFO Computing glcm
2026-07-29 18:19:00,057 WARNING GLCM is symmetrical, therefore Sum Average = 2 * Joint Average, only 1 needs to be calculated
2026-07-29 18:19:00,062 INFO Calculating features for exponential image
2026-07-29 18:19:00,066 INFO Computing firstorder
2026-07-29 18:19:00,070 INFO Computing glcm
2026-07-29 18:19:00,072 WARNING GLCM is symmetrical, therefore Sum Average = 2 * Joint Average, only 1 needs to be calculated
2026-07-29 18:19:00,077 INFO Calculating features for gradient image
2026-07-29 18:19:00,083 INFO Computing firstorder
2026-07-29 18:19:00,087 INFO Computing glcm
2026-07-29 18:19:00,091 WARNING GLCM is symmetrical, therefore Sum Average = 2 * Joint Average, only 1 needs to be calculated
2026-07-29 18:19:00,116 INFO Calculating features for lbp-2D image
2026-07-29 18:19:00,121 INFO Computing firstorder
2026-07-29 18:19:00,125 INFO Computing glcm
2026-07-29 18:19:00,127 WARNING GLCM is symmetrical, therefore Sum Average = 2 * Joint Average, only 1 needs to be calculated
2026-07-29 18:19:00,127 WARNING LBP 3D only available for 3 dimensional images, found 2 dimensions
2026-07-29 18:19:00,136 INFO Calculating features for logarithm image
2026-07-29 18:19:00,140 INFO Computing firstorder
2026-07-29 18:19:00,144 INFO Computing glcm
2026-07-29 18:19:00,147 WARNING GLCM is symmetrical, therefore Sum Average = 2 * Joint Average, only 1 needs to be calculated
2026-07-29 18:19:00,152 INFO Calculating features for square image
2026-07-29 18:19:00,156 INFO Computing firstorder
2026-07-29 18:19:00,159 INFO Computing glcm
2026-07-29 18:19:00,162 WARNING GLCM is symmetrical, therefore Sum Average = 2 * Joint Average, only 1 needs to be calculated
2026-07-29 18:19:00,168 INFO Calculating features for squareroot image
2026-07-29 18:19:00,172 INFO Computing firstorder
2026-07-29 18:19:00,177 INFO Computing glcm
2026-07-29 18:19:00,180 WARNING GLCM is symmetrical, therefore Sum Average = 2 * Joint Average, only 1 needs to be calculated
2026-07-29 18:19:00,188 INFO Computing Wavelet H
2026-07-29 18:19:00,188 INFO Calculating features for wavelet-H image
2026-07-29 18:19:00,193 INFO Computing firstorder
2026-07-29 18:19:00,197 INFO Computing glcm
2026-07-29 18:19:00,199 WARNING GLCM is symmetrical, therefore Sum Average = 2 * Joint Average, only 1 needs to be calculated
2026-07-29 18:19:00,200 INFO Calculating features for wavelet-L image
2026-07-29 18:19:00,203 INFO Computing firstorder
2026-07-29 18:19:00,207 INFO Computing glcm
2026-07-29 18:19:00,212 WARNING GLCM is symmetrical, therefore Sum Average = 2 * Joint Average, only 1 needs to be calculated
2026-07-29 18:19:00,242 INFO Calculating features with label: 1
2026-07-29 18:19:00,242 INFO Loading image and mask
2026-07-29 18:19:00,282 INFO Computing shape2D
2026-07-29 18:19:00,284 INFO Adding image type "Original" with custom settings: {}
2026-07-29 18:19:00,284 INFO Adding image type "Exponential" with custom settings: {}
2026-07-29 18:19:00,284 INFO Adding image type "Gradient" with custom settings: {}
2026-07-29 18:19:00,284 INFO Adding image type "LBP2D" with custom settings: {}
2026-07-29 18:19:00,284 INFO Adding image type "LBP3D" with custom settings: {}
2026-07-29 18:19:00,284 INFO Adding image type "LoG" with custom settings: {}
2026-07-29 18:19:00,284 INFO Adding image type "Logarithm" with custom settings: {}
2026-07-29 18:19:00,284 INFO Adding image type "Square" with custom settings: {}
2026-07-29 18:19:00,284 INFO Adding image type "SquareRoot" with custom settings: {}
2026-07-29 18:19:00,284 INFO Adding image type "Wavelet" with custom settings: {}
2026-07-29 18:19:00,284 INFO Calculating features for original image
2026-07-29 18:19:00,287 INFO Computing firstorder
2026-07-29 18:19:00,293 INFO Computing glcm
2026-07-29 18:19:00,297 WARNING GLCM is symmetrical, therefore Sum Average = 2 * Joint Average, only 1 needs to be calculated
2026-07-29 18:19:00,302 INFO Calculating features for exponential image
2026-07-29 18:19:00,306 INFO Computing firstorder
2026-07-29 18:19:00,312 INFO Computing glcm
2026-07-29 18:19:00,315 WARNING GLCM is symmetrical, therefore Sum Average = 2 * Joint Average, only 1 needs to be calculated
2026-07-29 18:19:00,317 INFO Calculating features for gradient image
2026-07-29 18:19:00,321 INFO Computing firstorder
2026-07-29 18:19:00,327 INFO Computing glcm
2026-07-29 18:19:00,330 WARNING GLCM is symmetrical, therefore Sum Average = 2 * Joint Average, only 1 needs to be calculated
2026-07-29 18:19:00,354 INFO Calculating features for lbp-2D image
2026-07-29 18:19:00,359 INFO Computing firstorder
2026-07-29 18:19:00,364 INFO Computing glcm
2026-07-29 18:19:00,367 WARNING GLCM is symmetrical, therefore Sum Average = 2 * Joint Average, only 1 needs to be calculated
2026-07-29 18:19:00,367 WARNING LBP 3D only available for 3 dimensional images, found 2 dimensions
2026-07-29 18:19:00,376 INFO Calculating features for logarithm image
2026-07-29 18:19:00,379 INFO Computing firstorder
2026-07-29 18:19:00,385 INFO Computing glcm
2026-07-29 18:19:00,388 WARNING GLCM is symmetrical, therefore Sum Average = 2 * Joint Average, only 1 needs to be calculated
2026-07-29 18:19:00,394 INFO Calculating features for square image
2026-07-29 18:19:00,398 INFO Computing firstorder
2026-07-29 18:19:00,403 INFO Computing glcm
2026-07-29 18:19:00,407 WARNING GLCM is symmetrical, therefore Sum Average = 2 * Joint Average, only 1 needs to be calculated
2026-07-29 18:19:00,413 INFO Calculating features for squareroot image
2026-07-29 18:19:00,417 INFO Computing firstorder
2026-07-29 18:19:00,423 INFO Computing glcm
2026-07-29 18:19:00,426 WARNING GLCM is symmetrical, therefore Sum Average = 2 * Joint Average, only 1 needs to be calculated
2026-07-29 18:19:00,435 INFO Computing Wavelet H
2026-07-29 18:19:00,435 INFO Calculating features for wavelet-H image
2026-07-29 18:19:00,439 INFO Computing firstorder
2026-07-29 18:19:00,445 INFO Computing glcm
2026-07-29 18:19:00,448 WARNING GLCM is symmetrical, therefore Sum Average = 2 * Joint Average, only 1 needs to be calculated
2026-07-29 18:19:00,449 INFO Calculating features for wavelet-L image
2026-07-29 18:19:00,453 INFO Computing firstorder
2026-07-29 18:19:00,458 INFO Computing glcm
2026-07-29 18:19:00,463 WARNING GLCM is symmetrical, therefore Sum Average = 2 * Joint Average, only 1 needs to be calculated
2026-07-29 18:19:00,506 INFO Calculating features with label: 1
2026-07-29 18:19:00,506 INFO Loading image and mask
2026-07-29 18:19:00,544 INFO Computing shape2D
2026-07-29 18:19:00,545 INFO Adding image type "Original" with custom settings: {}
2026-07-29 18:19:00,545 INFO Adding image type "Exponential" with custom settings: {}
2026-07-29 18:19:00,545 INFO Adding image type "Gradient" with custom settings: {}
2026-07-29 18:19:00,545 INFO Adding image type "LBP2D" with custom settings: {}
2026-07-29 18:19:00,545 INFO Adding image type "LBP3D" with custom settings: {}
2026-07-29 18:19:00,545 INFO Adding image type "LoG" with custom settings: {}
2026-07-29 18:19:00,545 INFO Adding image type "Logarithm" with custom settings: {}
2026-07-29 18:19:00,545 INFO Adding image type "Square" with custom settings: {}
2026-07-29 18:19:00,545 INFO Adding image type "SquareRoot" with custom settings: {}
2026-07-29 18:19:00,545 INFO Adding image type "Wavelet" with custom settings: {}
2026-07-29 18:19:00,545 INFO Calculating features for original image
2026-07-29 18:19:00,547 INFO Computing firstorder
2026-07-29 18:19:00,549 INFO Computing glcm
2026-07-29 18:19:00,551 WARNING GLCM is symmetrical, therefore Sum Average = 2 * Joint Average, only 1 needs to be calculated
2026-07-29 18:19:00,556 INFO Calculating features for exponential image
2026-07-29 18:19:00,558 INFO Computing firstorder
2026-07-29 18:19:00,560 INFO Computing glcm
2026-07-29 18:19:00,561 WARNING GLCM is symmetrical, therefore Sum Average = 2 * Joint Average, only 1 needs to be calculated
2026-07-29 18:19:00,563 INFO Calculating features for gradient image
2026-07-29 18:19:00,566 INFO Computing firstorder
2026-07-29 18:19:00,568 INFO Computing glcm
2026-07-29 18:19:00,569 WARNING GLCM is symmetrical, therefore Sum Average = 2 * Joint Average, only 1 needs to be calculated
2026-07-29 18:19:00,593 INFO Calculating features for lbp-2D image
2026-07-29 18:19:00,596 INFO Computing firstorder
2026-07-29 18:19:00,598 INFO Computing glcm
2026-07-29 18:19:00,599 WARNING GLCM is symmetrical, therefore Sum Average = 2 * Joint Average, only 1 needs to be calculated
2026-07-29 18:19:00,600 WARNING LBP 3D only available for 3 dimensional images, found 2 dimensions
2026-07-29 18:19:00,607 INFO Calculating features for logarithm image
2026-07-29 18:19:00,611 INFO Computing firstorder
2026-07-29 18:19:00,613 INFO Computing glcm
2026-07-29 18:19:00,614 WARNING GLCM is symmetrical, therefore Sum Average = 2 * Joint Average, only 1 needs to be calculated
2026-07-29 18:19:00,619 INFO Calculating features for square image
2026-07-29 18:19:00,622 INFO Computing firstorder
2026-07-29 18:19:00,624 INFO Computing glcm
2026-07-29 18:19:00,626 WARNING GLCM is symmetrical, therefore Sum Average = 2 * Joint Average, only 1 needs to be calculated
2026-07-29 18:19:00,631 INFO Calculating features for squareroot image
2026-07-29 18:19:00,634 INFO Computing firstorder
2026-07-29 18:19:00,636 INFO Computing glcm
2026-07-29 18:19:00,638 WARNING GLCM is symmetrical, therefore Sum Average = 2 * Joint Average, only 1 needs to be calculated
2026-07-29 18:19:00,646 INFO Computing Wavelet H
2026-07-29 18:19:00,646 INFO Calculating features for wavelet-H image
2026-07-29 18:19:00,650 INFO Computing firstorder
2026-07-29 18:19:00,652 INFO Computing glcm
2026-07-29 18:19:00,653 WARNING GLCM is symmetrical, therefore Sum Average = 2 * Joint Average, only 1 needs to be calculated
2026-07-29 18:19:00,654 INFO Calculating features for wavelet-L image
2026-07-29 18:19:00,657 INFO Computing firstorder
2026-07-29 18:19:00,659 INFO Computing glcm
2026-07-29 18:19:00,662 WARNING GLCM is symmetrical, therefore Sum Average = 2 * Joint Average, only 1 needs to be calculated
2026-07-29 18:19:00,698 INFO Calculating features with label: 1
2026-07-29 18:19:00,698 INFO Loading image and mask
2026-07-29 18:19:00,736 INFO Computing shape2D
2026-07-29 18:19:00,737 INFO Adding image type "Original" with custom settings: {}
2026-07-29 18:19:00,737 INFO Adding image type "Exponential" with custom settings: {}
2026-07-29 18:19:00,737 INFO Adding image type "Gradient" with custom settings: {}
2026-07-29 18:19:00,737 INFO Adding image type "LBP2D" with custom settings: {}
2026-07-29 18:19:00,737 INFO Adding image type "LBP3D" with custom settings: {}
2026-07-29 18:19:00,737 INFO Adding image type "LoG" with custom settings: {}
2026-07-29 18:19:00,737 INFO Adding image type "Logarithm" with custom settings: {}
2026-07-29 18:19:00,737 INFO Adding image type "Square" with custom settings: {}
2026-07-29 18:19:00,737 INFO Adding image type "SquareRoot" with custom settings: {}
2026-07-29 18:19:00,737 INFO Adding image type "Wavelet" with custom settings: {}
2026-07-29 18:19:00,737 INFO Calculating features for original image
2026-07-29 18:19:00,740 INFO Computing firstorder
2026-07-29 18:19:00,742 INFO Computing glcm
2026-07-29 18:19:00,744 WARNING GLCM is symmetrical, therefore Sum Average = 2 * Joint Average, only 1 needs to be calculated
2026-07-29 18:19:00,749 INFO Calculating features for exponential image
2026-07-29 18:19:00,752 INFO Computing firstorder
2026-07-29 18:19:00,754 INFO Computing glcm
2026-07-29 18:19:00,755 WARNING GLCM is symmetrical, therefore Sum Average = 2 * Joint Average, only 1 needs to be calculated
2026-07-29 18:19:00,758 INFO Calculating features for gradient image
2026-07-29 18:19:00,761 INFO Computing firstorder
2026-07-29 18:19:00,763 INFO Computing glcm
2026-07-29 18:19:00,764 WARNING GLCM is symmetrical, therefore Sum Average = 2 * Joint Average, only 1 needs to be calculated
2026-07-29 18:19:00,788 INFO Calculating features for lbp-2D image
2026-07-29 18:19:00,792 INFO Computing firstorder
2026-07-29 18:19:00,794 INFO Computing glcm
2026-07-29 18:19:00,795 WARNING GLCM is symmetrical, therefore Sum Average = 2 * Joint Average, only 1 needs to be calculated
2026-07-29 18:19:00,796 WARNING LBP 3D only available for 3 dimensional images, found 2 dimensions
2026-07-29 18:19:00,802 INFO Calculating features for logarithm image
2026-07-29 18:19:00,806 INFO Computing firstorder
2026-07-29 18:19:00,808 INFO Computing glcm
2026-07-29 18:19:00,810 WARNING GLCM is symmetrical, therefore Sum Average = 2 * Joint Average, only 1 needs to be calculated
2026-07-29 18:19:00,815 INFO Calculating features for square image
2026-07-29 18:19:00,817 INFO Computing firstorder
2026-07-29 18:19:00,820 INFO Computing glcm
2026-07-29 18:19:00,822 WARNING GLCM is symmetrical, therefore Sum Average = 2 * Joint Average, only 1 needs to be calculated
2026-07-29 18:19:00,827 INFO Calculating features for squareroot image
2026-07-29 18:19:00,831 INFO Computing firstorder
2026-07-29 18:19:00,833 INFO Computing glcm
2026-07-29 18:19:00,835 WARNING GLCM is symmetrical, therefore Sum Average = 2 * Joint Average, only 1 needs to be calculated
2026-07-29 18:19:00,843 INFO Computing Wavelet H
2026-07-29 18:19:00,843 INFO Calculating features for wavelet-H image
2026-07-29 18:19:00,846 INFO Computing firstorder
2026-07-29 18:19:00,848 INFO Computing glcm
2026-07-29 18:19:00,850 WARNING GLCM is symmetrical, therefore Sum Average = 2 * Joint Average, only 1 needs to be calculated
2026-07-29 18:19:00,850 INFO Calculating features for wavelet-L image
2026-07-29 18:19:00,853 INFO Computing firstorder
2026-07-29 18:19:00,855 INFO Computing glcm
2026-07-29 18:19:00,857 WARNING GLCM is symmetrical, therefore Sum Average = 2 * Joint Average, only 1 needs to be calculated
2026-07-29 18:19:00,884 INFO Calculating features with label: 1
2026-07-29 18:19:00,884 INFO Loading image and mask
2026-07-29 18:19:00,922 INFO Computing shape2D
2026-07-29 18:19:00,923 INFO Adding image type "Original" with custom settings: {}
2026-07-29 18:19:00,923 INFO Adding image type "Exponential" with custom settings: {}
2026-07-29 18:19:00,923 INFO Adding image type "Gradient" with custom settings: {}
2026-07-29 18:19:00,924 INFO Adding image type "LBP2D" with custom settings: {}
2026-07-29 18:19:00,924 INFO Adding image type "LBP3D" with custom settings: {}
2026-07-29 18:19:00,924 INFO Adding image type "LoG" with custom settings: {}
2026-07-29 18:19:00,924 INFO Adding image type "Logarithm" with custom settings: {}
2026-07-29 18:19:00,924 INFO Adding image type "Square" with custom settings: {}
2026-07-29 18:19:00,924 INFO Adding image type "SquareRoot" with custom settings: {}
2026-07-29 18:19:00,924 INFO Adding image type "Wavelet" with custom settings: {}
2026-07-29 18:19:00,924 INFO Calculating features for original image
2026-07-29 18:19:00,926 INFO Computing firstorder
2026-07-29 18:19:00,929 INFO Computing glcm
2026-07-29 18:19:00,931 WARNING GLCM is symmetrical, therefore Sum Average = 2 * Joint Average, only 1 needs to be calculated
2026-07-29 18:19:00,936 INFO Calculating features for exponential image
2026-07-29 18:19:00,939 INFO Computing firstorder
2026-07-29 18:19:00,942 INFO Computing glcm
2026-07-29 18:19:00,944 WARNING GLCM is symmetrical, therefore Sum Average = 2 * Joint Average, only 1 needs to be calculated
2026-07-29 18:19:00,946 INFO Calculating features for gradient image
2026-07-29 18:19:00,949 INFO Computing firstorder
2026-07-29 18:19:00,952 INFO Computing glcm
2026-07-29 18:19:00,953 WARNING GLCM is symmetrical, therefore Sum Average = 2 * Joint Average, only 1 needs to be calculated
2026-07-29 18:19:00,978 INFO Calculating features for lbp-2D image
2026-07-29 18:19:00,981 INFO Computing firstorder
2026-07-29 18:19:00,984 INFO Computing glcm
2026-07-29 18:19:00,985 WARNING GLCM is symmetrical, therefore Sum Average = 2 * Joint Average, only 1 needs to be calculated
2026-07-29 18:19:00,986 WARNING LBP 3D only available for 3 dimensional images, found 2 dimensions
2026-07-29 18:19:00,993 INFO Calculating features for logarithm image
2026-07-29 18:19:00,996 INFO Computing firstorder
2026-07-29 18:19:00,999 INFO Computing glcm
2026-07-29 18:19:01,001 WARNING GLCM is symmetrical, therefore Sum Average = 2 * Joint Average, only 1 needs to be calculated
2026-07-29 18:19:01,006 INFO Calculating features for square image
2026-07-29 18:19:01,011 INFO Computing firstorder
2026-07-29 18:19:01,014 INFO Computing glcm
2026-07-29 18:19:01,015 WARNING GLCM is symmetrical, therefore Sum Average = 2 * Joint Average, only 1 needs to be calculated
2026-07-29 18:19:01,021 INFO Calculating features for squareroot image
2026-07-29 18:19:01,025 INFO Computing firstorder
2026-07-29 18:19:01,028 INFO Computing glcm
2026-07-29 18:19:01,030 WARNING GLCM is symmetrical, therefore Sum Average = 2 * Joint Average, only 1 needs to be calculated
2026-07-29 18:19:01,038 INFO Computing Wavelet H
2026-07-29 18:19:01,038 INFO Calculating features for wavelet-H image
2026-07-29 18:19:01,042 INFO Computing firstorder
2026-07-29 18:19:01,045 INFO Computing glcm
2026-07-29 18:19:01,047 WARNING GLCM is symmetrical, therefore Sum Average = 2 * Joint Average, only 1 needs to be calculated
2026-07-29 18:19:01,047 INFO Calculating features for wavelet-L image
2026-07-29 18:19:01,050 INFO Computing firstorder
2026-07-29 18:19:01,053 INFO Computing glcm
2026-07-29 18:19:01,056 WARNING GLCM is symmetrical, therefore Sum Average = 2 * Joint Average, only 1 needs to be calculated
2026-07-29 18:19:01,096 INFO Calculating features with label: 1
2026-07-29 18:19:01,096 INFO Loading image and mask
2026-07-29 18:19:01,134 INFO Computing shape2D
2026-07-29 18:19:01,138 INFO Adding image type "Original" with custom settings: {}
2026-07-29 18:19:01,138 INFO Adding image type "Exponential" with custom settings: {}
2026-07-29 18:19:01,138 INFO Adding image type "Gradient" with custom settings: {}
2026-07-29 18:19:01,138 INFO Adding image type "LBP2D" with custom settings: {}
2026-07-29 18:19:01,138 INFO Adding image type "LBP3D" with custom settings: {}
2026-07-29 18:19:01,138 INFO Adding image type "LoG" with custom settings: {}
2026-07-29 18:19:01,138 INFO Adding image type "Logarithm" with custom settings: {}
2026-07-29 18:19:01,138 INFO Adding image type "Square" with custom settings: {}
2026-07-29 18:19:01,138 INFO Adding image type "SquareRoot" with custom settings: {}
2026-07-29 18:19:01,138 INFO Adding image type "Wavelet" with custom settings: {}
2026-07-29 18:19:01,138 INFO Calculating features for original image
2026-07-29 18:19:01,141 INFO Computing firstorder
2026-07-29 18:19:01,149 INFO Computing glcm
2026-07-29 18:19:01,153 WARNING GLCM is symmetrical, therefore Sum Average = 2 * Joint Average, only 1 needs to be calculated
2026-07-29 18:19:01,159 INFO Calculating features for exponential image
2026-07-29 18:19:01,163 INFO Computing firstorder
2026-07-29 18:19:01,170 INFO Computing glcm
2026-07-29 18:19:01,174 WARNING GLCM is symmetrical, therefore Sum Average = 2 * Joint Average, only 1 needs to be calculated
2026-07-29 18:19:01,177 INFO Calculating features for gradient image
2026-07-29 18:19:01,180 INFO Computing firstorder
2026-07-29 18:19:01,187 INFO Computing glcm
2026-07-29 18:19:01,191 WARNING GLCM is symmetrical, therefore Sum Average = 2 * Joint Average, only 1 needs to be calculated
2026-07-29 18:19:01,215 INFO Calculating features for lbp-2D image
2026-07-29 18:19:01,219 INFO Computing firstorder
2026-07-29 18:19:01,226 INFO Computing glcm
2026-07-29 18:19:01,230 WARNING GLCM is symmetrical, therefore Sum Average = 2 * Joint Average, only 1 needs to be calculated
2026-07-29 18:19:01,231 WARNING LBP 3D only available for 3 dimensional images, found 2 dimensions
2026-07-29 18:19:01,239 INFO Calculating features for logarithm image
2026-07-29 18:19:01,243 INFO Computing firstorder
2026-07-29 18:19:01,250 INFO Computing glcm
2026-07-29 18:19:01,255 WARNING GLCM is symmetrical, therefore Sum Average = 2 * Joint Average, only 1 needs to be calculated
2026-07-29 18:19:01,259 INFO Calculating features for square image
2026-07-29 18:19:01,264 INFO Computing firstorder
2026-07-29 18:19:01,272 INFO Computing glcm
2026-07-29 18:19:01,276 WARNING GLCM is symmetrical, therefore Sum Average = 2 * Joint Average, only 1 needs to be calculated
2026-07-29 18:19:01,282 INFO Calculating features for squareroot image
2026-07-29 18:19:01,286 INFO Computing firstorder
2026-07-29 18:19:01,292 INFO Computing glcm
2026-07-29 18:19:01,298 WARNING GLCM is symmetrical, therefore Sum Average = 2 * Joint Average, only 1 needs to be calculated
2026-07-29 18:19:01,306 INFO Computing Wavelet H
2026-07-29 18:19:01,306 INFO Calculating features for wavelet-H image
2026-07-29 18:19:01,310 INFO Computing firstorder
2026-07-29 18:19:01,318 INFO Computing glcm
2026-07-29 18:19:01,322 WARNING GLCM is symmetrical, therefore Sum Average = 2 * Joint Average, only 1 needs to be calculated
2026-07-29 18:19:01,323 INFO Calculating features for wavelet-L image
2026-07-29 18:19:01,327 INFO Computing firstorder
2026-07-29 18:19:01,334 INFO Computing glcm
2026-07-29 18:19:01,339 WARNING GLCM is symmetrical, therefore Sum Average = 2 * Joint Average, only 1 needs to be calculated
2026-07-29 18:19:01,377 INFO Calculating features with label: 1
2026-07-29 18:19:01,377 INFO Loading image and mask
2026-07-29 18:19:01,423 INFO Computing shape2D
2026-07-29 18:19:01,426 INFO Adding image type "Original" with custom settings: {}
2026-07-29 18:19:01,426 INFO Adding image type "Exponential" with custom settings: {}
2026-07-29 18:19:01,427 INFO Adding image type "Gradient" with custom settings: {}
2026-07-29 18:19:01,427 INFO Adding image type "LBP2D" with custom settings: {}
2026-07-29 18:19:01,427 INFO Adding image type "LBP3D" with custom settings: {}
2026-07-29 18:19:01,427 INFO Adding image type "LoG" with custom settings: {}
2026-07-29 18:19:01,427 INFO Adding image type "Logarithm" with custom settings: {}
2026-07-29 18:19:01,427 INFO Adding image type "Square" with custom settings: {}
2026-07-29 18:19:01,427 INFO Adding image type "SquareRoot" with custom settings: {}
2026-07-29 18:19:01,427 INFO Adding image type "Wavelet" with custom settings: {}
2026-07-29 18:19:01,427 INFO Calculating features for original image
2026-07-29 18:19:01,431 INFO Computing firstorder
2026-07-29 18:19:01,438 INFO Computing glcm
2026-07-29 18:19:01,442 WARNING GLCM is symmetrical, therefore Sum Average = 2 * Joint Average, only 1 needs to be calculated
2026-07-29 18:19:01,448 INFO Calculating features for exponential image
2026-07-29 18:19:01,452 INFO Computing firstorder
2026-07-29 18:19:01,458 INFO Computing glcm
2026-07-29 18:19:01,461 WARNING GLCM is symmetrical, therefore Sum Average = 2 * Joint Average, only 1 needs to be calculated
2026-07-29 18:19:01,464 INFO Calculating features for gradient image
2026-07-29 18:19:01,467 INFO Computing firstorder
2026-07-29 18:19:01,473 INFO Computing glcm
2026-07-29 18:19:01,476 WARNING GLCM is symmetrical, therefore Sum Average = 2 * Joint Average, only 1 needs to be calculated
2026-07-29 18:19:01,500 INFO Calculating features for lbp-2D image
2026-07-29 18:19:01,504 INFO Computing firstorder
2026-07-29 18:19:01,510 INFO Computing glcm
2026-07-29 18:19:01,513 WARNING GLCM is symmetrical, therefore Sum Average = 2 * Joint Average, only 1 needs to be calculated
2026-07-29 18:19:01,514 WARNING LBP 3D only available for 3 dimensional images, found 2 dimensions
2026-07-29 18:19:01,521 INFO Calculating features for logarithm image
2026-07-29 18:19:01,525 INFO Computing firstorder
2026-07-29 18:19:01,532 INFO Computing glcm
2026-07-29 18:19:01,536 WARNING GLCM is symmetrical, therefore Sum Average = 2 * Joint Average, only 1 needs to be calculated
2026-07-29 18:19:01,541 INFO Calculating features for square image
2026-07-29 18:19:01,545 INFO Computing firstorder
2026-07-29 18:19:01,551 INFO Computing glcm
2026-07-29 18:19:01,555 WARNING GLCM is symmetrical, therefore Sum Average = 2 * Joint Average, only 1 needs to be calculated
2026-07-29 18:19:01,561 INFO Calculating features for squareroot image
2026-07-29 18:19:01,565 INFO Computing firstorder
2026-07-29 18:19:01,571 INFO Computing glcm
2026-07-29 18:19:01,575 WARNING GLCM is symmetrical, therefore Sum Average = 2 * Joint Average, only 1 needs to be calculated
2026-07-29 18:19:01,583 INFO Computing Wavelet H
2026-07-29 18:19:01,583 INFO Calculating features for wavelet-H image
2026-07-29 18:19:01,587 INFO Computing firstorder
2026-07-29 18:19:01,595 INFO Computing glcm
2026-07-29 18:19:01,598 WARNING GLCM is symmetrical, therefore Sum Average = 2 * Joint Average, only 1 needs to be calculated
2026-07-29 18:19:01,599 INFO Calculating features for wavelet-L image
2026-07-29 18:19:01,603 INFO Computing firstorder
2026-07-29 18:19:01,610 INFO Computing glcm
2026-07-29 18:19:01,614 WARNING GLCM is symmetrical, therefore Sum Average = 2 * Joint Average, only 1 needs to be calculated
2026-07-29 18:19:01,652 INFO Calculating features with label: 1
2026-07-29 18:19:01,653 INFO Loading image and mask
2026-07-29 18:19:01,688 INFO Computing shape2D
2026-07-29 18:19:01,689 INFO Adding image type "Original" with custom settings: {}
2026-07-29 18:19:01,689 INFO Adding image type "Exponential" with custom settings: {}
2026-07-29 18:19:01,689 INFO Adding image type "Gradient" with custom settings: {}
2026-07-29 18:19:01,689 INFO Adding image type "LBP2D" with custom settings: {}
2026-07-29 18:19:01,689 INFO Adding image type "LBP3D" with custom settings: {}
2026-07-29 18:19:01,689 INFO Adding image type "LoG" with custom settings: {}
2026-07-29 18:19:01,689 INFO Adding image type "Logarithm" with custom settings: {}
2026-07-29 18:19:01,689 INFO Adding image type "Square" with custom settings: {}
2026-07-29 18:19:01,689 INFO Adding image type "SquareRoot" with custom settings: {}
2026-07-29 18:19:01,689 INFO Adding image type "Wavelet" with custom settings: {}
2026-07-29 18:19:01,689 INFO Calculating features for original image
2026-07-29 18:19:01,692 INFO Computing firstorder
2026-07-29 18:19:01,694 INFO Computing glcm
2026-07-29 18:19:01,697 WARNING GLCM is symmetrical, therefore Sum Average = 2 * Joint Average, only 1 needs to be calculated
2026-07-29 18:19:01,703 INFO Calculating features for exponential image
2026-07-29 18:19:01,706 INFO Computing firstorder
2026-07-29 18:19:01,709 INFO Computing glcm
2026-07-29 18:19:01,711 WARNING GLCM is symmetrical, therefore Sum Average = 2 * Joint Average, only 1 needs to be calculated
2026-07-29 18:19:01,713 INFO Calculating features for gradient image
2026-07-29 18:19:01,715 INFO Computing firstorder
2026-07-29 18:19:01,718 INFO Computing glcm
2026-07-29 18:19:01,720 WARNING GLCM is symmetrical, therefore Sum Average = 2 * Joint Average, only 1 needs to be calculated
2026-07-29 18:19:01,745 INFO Calculating features for lbp-2D image
2026-07-29 18:19:01,748 INFO Computing firstorder
2026-07-29 18:19:01,751 INFO Computing glcm
2026-07-29 18:19:01,753 WARNING GLCM is symmetrical, therefore Sum Average = 2 * Joint Average, only 1 needs to be calculated
2026-07-29 18:19:01,754 WARNING LBP 3D only available for 3 dimensional images, found 2 dimensions
2026-07-29 18:19:01,761 INFO Calculating features for logarithm image
2026-07-29 18:19:01,764 INFO Computing firstorder
2026-07-29 18:19:01,767 INFO Computing glcm
2026-07-29 18:19:01,769 WARNING GLCM is symmetrical, therefore Sum Average = 2 * Joint Average, only 1 needs to be calculated
2026-07-29 18:19:01,774 INFO Calculating features for square image
2026-07-29 18:19:01,777 INFO Computing firstorder
2026-07-29 18:19:01,780 INFO Computing glcm
2026-07-29 18:19:01,782 WARNING GLCM is symmetrical, therefore Sum Average = 2 * Joint Average, only 1 needs to be calculated
2026-07-29 18:19:01,787 INFO Calculating features for squareroot image
2026-07-29 18:19:01,790 INFO Computing firstorder
2026-07-29 18:19:01,794 INFO Computing glcm
2026-07-29 18:19:01,796 WARNING GLCM is symmetrical, therefore Sum Average = 2 * Joint Average, only 1 needs to be calculated
2026-07-29 18:19:01,803 INFO Computing Wavelet H
2026-07-29 18:19:01,803 INFO Calculating features for wavelet-H image
2026-07-29 18:19:01,807 INFO Computing firstorder
2026-07-29 18:19:01,810 INFO Computing glcm
2026-07-29 18:19:01,812 WARNING GLCM is symmetrical, therefore Sum Average = 2 * Joint Average, only 1 needs to be calculated
2026-07-29 18:19:01,812 INFO Calculating features for wavelet-L image
2026-07-29 18:19:01,815 INFO Computing firstorder
2026-07-29 18:19:01,818 INFO Computing glcm
2026-07-29 18:19:01,821 WARNING GLCM is symmetrical, therefore Sum Average = 2 * Joint Average, only 1 needs to be calculated
2026-07-29 18:19:01,859 INFO Calculating features with label: 1
2026-07-29 18:19:01,860 INFO Loading image and mask
2026-07-29 18:19:01,898 INFO Computing shape2D
2026-07-29 18:19:01,899 INFO Adding image type "Original" with custom settings: {}
2026-07-29 18:19:01,899 INFO Adding image type "Exponential" with custom settings: {}
2026-07-29 18:19:01,899 INFO Adding image type "Gradient" with custom settings: {}
2026-07-29 18:19:01,899 INFO Adding image type "LBP2D" with custom settings: {}
2026-07-29 18:19:01,899 INFO Adding image type "LBP3D" with custom settings: {}
2026-07-29 18:19:01,899 INFO Adding image type "LoG" with custom settings: {}
2026-07-29 18:19:01,899 INFO Adding image type "Logarithm" with custom settings: {}
2026-07-29 18:19:01,899 INFO Adding image type "Square" with custom settings: {}
2026-07-29 18:19:01,899 INFO Adding image type "SquareRoot" with custom settings: {}
2026-07-29 18:19:01,899 INFO Adding image type "Wavelet" with custom settings: {}
2026-07-29 18:19:01,899 INFO Calculating features for original image
2026-07-29 18:19:01,902 INFO Computing firstorder
2026-07-29 18:19:01,903 INFO Computing glcm
2026-07-29 18:19:01,905 WARNING GLCM is symmetrical, therefore Sum Average = 2 * Joint Average, only 1 needs to be calculated
2026-07-29 18:19:01,911 INFO Calculating features for exponential image
2026-07-29 18:19:01,913 INFO Computing firstorder
2026-07-29 18:19:01,915 INFO Computing glcm
2026-07-29 18:19:01,916 WARNING GLCM is symmetrical, therefore Sum Average = 2 * Joint Average, only 1 needs to be calculated
2026-07-29 18:19:01,919 INFO Calculating features for gradient image
2026-07-29 18:19:01,922 INFO Computing firstorder
2026-07-29 18:19:01,924 INFO Computing glcm
2026-07-29 18:19:01,925 WARNING GLCM is symmetrical, therefore Sum Average = 2 * Joint Average, only 1 needs to be calculated
2026-07-29 18:19:01,949 INFO Calculating features for lbp-2D image
2026-07-29 18:19:01,952 INFO Computing firstorder
2026-07-29 18:19:01,954 INFO Computing glcm
2026-07-29 18:19:01,955 WARNING GLCM is symmetrical, therefore Sum Average = 2 * Joint Average, only 1 needs to be calculated
2026-07-29 18:19:01,956 WARNING LBP 3D only available for 3 dimensional images, found 2 dimensions
2026-07-29 18:19:01,964 INFO Calculating features for logarithm image
2026-07-29 18:19:01,967 INFO Computing firstorder
2026-07-29 18:19:01,969 INFO Computing glcm
2026-07-29 18:19:01,970 WARNING GLCM is symmetrical, therefore Sum Average = 2 * Joint Average, only 1 needs to be calculated
2026-07-29 18:19:01,975 INFO Calculating features for square image
2026-07-29 18:19:01,978 INFO Computing firstorder
2026-07-29 18:19:01,980 INFO Computing glcm
2026-07-29 18:19:01,981 WARNING GLCM is symmetrical, therefore Sum Average = 2 * Joint Average, only 1 needs to be calculated
2026-07-29 18:19:01,986 INFO Calculating features for squareroot image
2026-07-29 18:19:01,989 INFO Computing firstorder
2026-07-29 18:19:01,991 INFO Computing glcm
2026-07-29 18:19:01,993 WARNING GLCM is symmetrical, therefore Sum Average = 2 * Joint Average, only 1 needs to be calculated
2026-07-29 18:19:02,000 INFO Computing Wavelet H
2026-07-29 18:19:02,000 INFO Calculating features for wavelet-H image
2026-07-29 18:19:02,004 INFO Computing firstorder
2026-07-29 18:19:02,006 INFO Computing glcm
2026-07-29 18:19:02,007 WARNING GLCM is symmetrical, therefore Sum Average = 2 * Joint Average, only 1 needs to be calculated
2026-07-29 18:19:02,007 INFO Calculating features for wavelet-L image
2026-07-29 18:19:02,010 INFO Computing firstorder
2026-07-29 18:19:02,012 INFO Computing glcm
2026-07-29 18:19:02,014 WARNING GLCM is symmetrical, therefore Sum Average = 2 * Joint Average, only 1 needs to be calculated
2026-07-29 18:19:02,051 INFO Calculating features with label: 1
2026-07-29 18:19:02,051 INFO Loading image and mask
2026-07-29 18:19:02,087 INFO Computing shape2D
2026-07-29 18:19:02,088 INFO Adding image type "Original" with custom settings: {}
2026-07-29 18:19:02,089 INFO Adding image type "Exponential" with custom settings: {}
2026-07-29 18:19:02,089 INFO Adding image type "Gradient" with custom settings: {}
2026-07-29 18:19:02,089 INFO Adding image type "LBP2D" with custom settings: {}
2026-07-29 18:19:02,089 INFO Adding image type "LBP3D" with custom settings: {}
2026-07-29 18:19:02,089 INFO Adding image type "LoG" with custom settings: {}
2026-07-29 18:19:02,089 INFO Adding image type "Logarithm" with custom settings: {}
2026-07-29 18:19:02,089 INFO Adding image type "Square" with custom settings: {}
2026-07-29 18:19:02,089 INFO Adding image type "SquareRoot" with custom settings: {}
2026-07-29 18:19:02,089 INFO Adding image type "Wavelet" with custom settings: {}
2026-07-29 18:19:02,089 INFO Calculating features for original image
2026-07-29 18:19:02,091 INFO Computing firstorder
2026-07-29 18:19:02,096 INFO Computing glcm
2026-07-29 18:19:02,099 WARNING GLCM is symmetrical, therefore Sum Average = 2 * Joint Average, only 1 needs to be calculated
2026-07-29 18:19:02,104 INFO Calculating features for exponential image
2026-07-29 18:19:02,107 INFO Computing firstorder
2026-07-29 18:19:02,110 INFO Computing glcm
2026-07-29 18:19:02,113 WARNING GLCM is symmetrical, therefore Sum Average = 2 * Joint Average, only 1 needs to be calculated
2026-07-29 18:19:02,115 INFO Calculating features for gradient image
2026-07-29 18:19:02,118 INFO Computing firstorder
2026-07-29 18:19:02,122 INFO Computing glcm
2026-07-29 18:19:02,125 WARNING GLCM is symmetrical, therefore Sum Average = 2 * Joint Average, only 1 needs to be calculated
2026-07-29 18:19:02,149 INFO Calculating features for lbp-2D image
2026-07-29 18:19:02,152 INFO Computing firstorder
2026-07-29 18:19:02,156 INFO Computing glcm
2026-07-29 18:19:02,159 WARNING GLCM is symmetrical, therefore Sum Average = 2 * Joint Average, only 1 needs to be calculated
2026-07-29 18:19:02,159 WARNING LBP 3D only available for 3 dimensional images, found 2 dimensions
2026-07-29 18:19:02,166 INFO Calculating features for logarithm image
2026-07-29 18:19:02,170 INFO Computing firstorder
2026-07-29 18:19:02,174 INFO Computing glcm
2026-07-29 18:19:02,177 WARNING GLCM is symmetrical, therefore Sum Average = 2 * Joint Average, only 1 needs to be calculated
2026-07-29 18:19:02,182 INFO Calculating features for square image
2026-07-29 18:19:02,185 INFO Computing firstorder
2026-07-29 18:19:02,189 INFO Computing glcm
2026-07-29 18:19:02,192 WARNING GLCM is symmetrical, therefore Sum Average = 2 * Joint Average, only 1 needs to be calculated
2026-07-29 18:19:02,197 INFO Calculating features for squareroot image
2026-07-29 18:19:02,201 INFO Computing firstorder
2026-07-29 18:19:02,205 INFO Computing glcm
2026-07-29 18:19:02,208 WARNING GLCM is symmetrical, therefore Sum Average = 2 * Joint Average, only 1 needs to be calculated
2026-07-29 18:19:02,216 INFO Computing Wavelet H
2026-07-29 18:19:02,216 INFO Calculating features for wavelet-H image
2026-07-29 18:19:02,219 INFO Computing firstorder
2026-07-29 18:19:02,225 INFO Computing glcm
2026-07-29 18:19:02,227 WARNING GLCM is symmetrical, therefore Sum Average = 2 * Joint Average, only 1 needs to be calculated
2026-07-29 18:19:02,227 INFO Calculating features for wavelet-L image
2026-07-29 18:19:02,230 INFO Computing firstorder
2026-07-29 18:19:02,234 INFO Computing glcm
2026-07-29 18:19:02,237 WARNING GLCM is symmetrical, therefore Sum Average = 2 * Joint Average, only 1 needs to be calculated
2026-07-29 18:19:02,275 INFO Calculating features with label: 1
2026-07-29 18:19:02,275 INFO Loading image and mask
2026-07-29 18:19:02,317 INFO Computing shape2D
2026-07-29 18:19:02,320 INFO Adding image type "Original" with custom settings: {}
2026-07-29 18:19:02,321 INFO Adding image type "Exponential" with custom settings: {}
2026-07-29 18:19:02,321 INFO Adding image type "Gradient" with custom settings: {}
2026-07-29 18:19:02,321 INFO Adding image type "LBP2D" with custom settings: {}
2026-07-29 18:19:02,321 INFO Adding image type "LBP3D" with custom settings: {}
2026-07-29 18:19:02,321 INFO Adding image type "LoG" with custom settings: {}
2026-07-29 18:19:02,321 INFO Adding image type "Logarithm" with custom settings: {}
2026-07-29 18:19:02,321 INFO Adding image type "Square" with custom settings: {}
2026-07-29 18:19:02,321 INFO Adding image type "SquareRoot" with custom settings: {}
2026-07-29 18:19:02,321 INFO Adding image type "Wavelet" with custom settings: {}
2026-07-29 18:19:02,321 INFO Calculating features for original image
2026-07-29 18:19:02,324 INFO Computing firstorder
2026-07-29 18:19:02,330 INFO Computing glcm
2026-07-29 18:19:02,335 WARNING GLCM is symmetrical, therefore Sum Average = 2 * Joint Average, only 1 needs to be calculated
2026-07-29 18:19:02,340 INFO Calculating features for exponential image
2026-07-29 18:19:02,344 INFO Computing firstorder
2026-07-29 18:19:02,350 INFO Computing glcm
2026-07-29 18:19:02,354 WARNING GLCM is symmetrical, therefore Sum Average = 2 * Joint Average, only 1 needs to be calculated
2026-07-29 18:19:02,357 INFO Calculating features for gradient image
2026-07-29 18:19:02,361 INFO Computing firstorder
2026-07-29 18:19:02,367 INFO Computing glcm
2026-07-29 18:19:02,371 WARNING GLCM is symmetrical, therefore Sum Average = 2 * Joint Average, only 1 needs to be calculated
2026-07-29 18:19:02,395 INFO Calculating features for lbp-2D image
2026-07-29 18:19:02,399 INFO Computing firstorder
2026-07-29 18:19:02,406 INFO Computing glcm
2026-07-29 18:19:02,410 WARNING GLCM is symmetrical, therefore Sum Average = 2 * Joint Average, only 1 needs to be calculated
2026-07-29 18:19:02,411 WARNING LBP 3D only available for 3 dimensional images, found 2 dimensions
2026-07-29 18:19:02,418 INFO Calculating features for logarithm image
2026-07-29 18:19:02,423 INFO Computing firstorder
2026-07-29 18:19:02,429 INFO Computing glcm
2026-07-29 18:19:02,434 WARNING GLCM is symmetrical, therefore Sum Average = 2 * Joint Average, only 1 needs to be calculated
2026-07-29 18:19:02,438 INFO Calculating features for square image
2026-07-29 18:19:02,442 INFO Computing firstorder
2026-07-29 18:19:02,449 INFO Computing glcm
2026-07-29 18:19:02,453 WARNING GLCM is symmetrical, therefore Sum Average = 2 * Joint Average, only 1 needs to be calculated
2026-07-29 18:19:02,459 INFO Calculating features for squareroot image
2026-07-29 18:19:02,463 INFO Computing firstorder
2026-07-29 18:19:02,470 INFO Computing glcm
2026-07-29 18:19:02,475 WARNING GLCM is symmetrical, therefore Sum Average = 2 * Joint Average, only 1 needs to be calculated
2026-07-29 18:19:02,482 INFO Computing Wavelet H
2026-07-29 18:19:02,483 INFO Calculating features for wavelet-H image
2026-07-29 18:19:02,486 INFO Computing firstorder
2026-07-29 18:19:02,493 INFO Computing glcm
2026-07-29 18:19:02,497 WARNING GLCM is symmetrical, therefore Sum Average = 2 * Joint Average, only 1 needs to be calculated
2026-07-29 18:19:02,498 INFO Calculating features for wavelet-L image
2026-07-29 18:19:02,502 INFO Computing firstorder
2026-07-29 18:19:02,509 INFO Computing glcm
2026-07-29 18:19:02,514 WARNING GLCM is symmetrical, therefore Sum Average = 2 * Joint Average, only 1 needs to be calculated
2026-07-29 18:19:02,552 INFO Calculating features with label: 1
2026-07-29 18:19:02,552 INFO Loading image and mask
2026-07-29 18:19:02,590 INFO Computing shape2D
2026-07-29 18:19:02,591 INFO Adding image type "Original" with custom settings: {}
2026-07-29 18:19:02,591 INFO Adding image type "Exponential" with custom settings: {}
2026-07-29 18:19:02,591 INFO Adding image type "Gradient" with custom settings: {}
2026-07-29 18:19:02,591 INFO Adding image type "LBP2D" with custom settings: {}
2026-07-29 18:19:02,591 INFO Adding image type "LBP3D" with custom settings: {}
2026-07-29 18:19:02,591 INFO Adding image type "LoG" with custom settings: {}
2026-07-29 18:19:02,591 INFO Adding image type "Logarithm" with custom settings: {}
2026-07-29 18:19:02,591 INFO Adding image type "Square" with custom settings: {}
2026-07-29 18:19:02,591 INFO Adding image type "SquareRoot" with custom settings: {}
2026-07-29 18:19:02,591 INFO Adding image type "Wavelet" with custom settings: {}
2026-07-29 18:19:02,591 INFO Calculating features for original image
2026-07-29 18:19:02,593 INFO Computing firstorder
2026-07-29 18:19:02,595 INFO Computing glcm
2026-07-29 18:19:02,597 WARNING GLCM is symmetrical, therefore Sum Average = 2 * Joint Average, only 1 needs to be calculated
2026-07-29 18:19:02,601 INFO Calculating features for exponential image
2026-07-29 18:19:02,604 INFO Computing firstorder
2026-07-29 18:19:02,607 INFO Computing glcm
2026-07-29 18:19:02,608 WARNING GLCM is symmetrical, therefore Sum Average = 2 * Joint Average, only 1 needs to be calculated
2026-07-29 18:19:02,611 INFO Calculating features for gradient image
2026-07-29 18:19:02,613 INFO Computing firstorder
2026-07-29 18:19:02,615 INFO Computing glcm
2026-07-29 18:19:02,617 WARNING GLCM is symmetrical, therefore Sum Average = 2 * Joint Average, only 1 needs to be calculated
2026-07-29 18:19:02,646 INFO Calculating features for lbp-2D image
2026-07-29 18:19:02,649 INFO Computing firstorder
2026-07-29 18:19:02,652 INFO Computing glcm
2026-07-29 18:19:02,653 WARNING GLCM is symmetrical, therefore Sum Average = 2 * Joint Average, only 1 needs to be calculated
2026-07-29 18:19:02,653 WARNING LBP 3D only available for 3 dimensional images, found 2 dimensions
2026-07-29 18:19:02,662 INFO Calculating features for logarithm image
2026-07-29 18:19:02,667 INFO Computing firstorder
2026-07-29 18:19:02,669 INFO Computing glcm
2026-07-29 18:19:02,671 WARNING GLCM is symmetrical, therefore Sum Average = 2 * Joint Average, only 1 needs to be calculated
2026-07-29 18:19:02,676 INFO Calculating features for square image
2026-07-29 18:19:02,680 INFO Computing firstorder
2026-07-29 18:19:02,682 INFO Computing glcm
2026-07-29 18:19:02,684 WARNING GLCM is symmetrical, therefore Sum Average = 2 * Joint Average, only 1 needs to be calculated
2026-07-29 18:19:02,690 INFO Calculating features for squareroot image
2026-07-29 18:19:02,693 INFO Computing firstorder
2026-07-29 18:19:02,696 INFO Computing glcm
2026-07-29 18:19:02,698 WARNING GLCM is symmetrical, therefore Sum Average = 2 * Joint Average, only 1 needs to be calculated
2026-07-29 18:19:02,705 INFO Computing Wavelet H
2026-07-29 18:19:02,706 INFO Calculating features for wavelet-H image
2026-07-29 18:19:02,710 INFO Computing firstorder
2026-07-29 18:19:02,712 INFO Computing glcm
2026-07-29 18:19:02,713 WARNING GLCM is symmetrical, therefore Sum Average = 2 * Joint Average, only 1 needs to be calculated
2026-07-29 18:19:02,714 INFO Calculating features for wavelet-L image
2026-07-29 18:19:02,717 INFO Computing firstorder
2026-07-29 18:19:02,719 INFO Computing glcm
2026-07-29 18:19:02,722 WARNING GLCM is symmetrical, therefore Sum Average = 2 * Joint Average, only 1 needs to be calculated
2026-07-29 18:19:02,759 INFO Calculating features with label: 1
2026-07-29 18:19:02,759 INFO Loading image and mask
2026-07-29 18:19:02,799 INFO Computing shape2D
2026-07-29 18:19:02,800 INFO Adding image type "Original" with custom settings: {}
2026-07-29 18:19:02,800 INFO Adding image type "Exponential" with custom settings: {}
2026-07-29 18:19:02,800 INFO Adding image type "Gradient" with custom settings: {}
2026-07-29 18:19:02,800 INFO Adding image type "LBP2D" with custom settings: {}
2026-07-29 18:19:02,800 INFO Adding image type "LBP3D" with custom settings: {}
2026-07-29 18:19:02,800 INFO Adding image type "LoG" with custom settings: {}
2026-07-29 18:19:02,800 INFO Adding image type "Logarithm" with custom settings: {}
2026-07-29 18:19:02,800 INFO Adding image type "Square" with custom settings: {}
2026-07-29 18:19:02,800 INFO Adding image type "SquareRoot" with custom settings: {}
2026-07-29 18:19:02,800 INFO Adding image type "Wavelet" with custom settings: {}
2026-07-29 18:19:02,800 INFO Calculating features for original image
2026-07-29 18:19:02,803 INFO Computing firstorder
2026-07-29 18:19:02,806 INFO Computing glcm
2026-07-29 18:19:02,808 WARNING GLCM is symmetrical, therefore Sum Average = 2 * Joint Average, only 1 needs to be calculated
2026-07-29 18:19:02,813 INFO Calculating features for exponential image
2026-07-29 18:19:02,817 INFO Computing firstorder
2026-07-29 18:19:02,819 INFO Computing glcm
2026-07-29 18:19:02,820 WARNING GLCM is symmetrical, therefore Sum Average = 2 * Joint Average, only 1 needs to be calculated
2026-07-29 18:19:02,823 INFO Calculating features for gradient image
2026-07-29 18:19:02,826 INFO Computing firstorder
2026-07-29 18:19:02,828 INFO Computing glcm
2026-07-29 18:19:02,829 WARNING GLCM is symmetrical, therefore Sum Average = 2 * Joint Average, only 1 needs to be calculated
2026-07-29 18:19:02,854 INFO Calculating features for lbp-2D image
2026-07-29 18:19:02,857 INFO Computing firstorder
2026-07-29 18:19:02,860 INFO Computing glcm
2026-07-29 18:19:02,861 WARNING GLCM is symmetrical, therefore Sum Average = 2 * Joint Average, only 1 needs to be calculated
2026-07-29 18:19:02,861 WARNING LBP 3D only available for 3 dimensional images, found 2 dimensions
2026-07-29 18:19:02,869 INFO Calculating features for logarithm image
2026-07-29 18:19:02,873 INFO Computing firstorder
2026-07-29 18:19:02,875 INFO Computing glcm
2026-07-29 18:19:02,877 WARNING GLCM is symmetrical, therefore Sum Average = 2 * Joint Average, only 1 needs to be calculated
2026-07-29 18:19:02,881 INFO Calculating features for square image
2026-07-29 18:19:02,884 INFO Computing firstorder
2026-07-29 18:19:02,887 INFO Computing glcm
2026-07-29 18:19:02,889 WARNING GLCM is symmetrical, therefore Sum Average = 2 * Joint Average, only 1 needs to be calculated
2026-07-29 18:19:02,895 INFO Calculating features for squareroot image
2026-07-29 18:19:02,898 INFO Computing firstorder
2026-07-29 18:19:02,900 INFO Computing glcm
2026-07-29 18:19:02,902 WARNING GLCM is symmetrical, therefore Sum Average = 2 * Joint Average, only 1 needs to be calculated
2026-07-29 18:19:02,911 INFO Computing Wavelet H
2026-07-29 18:19:02,911 INFO Calculating features for wavelet-H image
2026-07-29 18:19:02,914 INFO Computing firstorder
2026-07-29 18:19:02,916 INFO Computing glcm
2026-07-29 18:19:02,917 WARNING GLCM is symmetrical, therefore Sum Average = 2 * Joint Average, only 1 needs to be calculated
2026-07-29 18:19:02,917 INFO Calculating features for wavelet-L image
2026-07-29 18:19:02,920 INFO Computing firstorder
2026-07-29 18:19:02,923 INFO Computing glcm
2026-07-29 18:19:02,925 WARNING GLCM is symmetrical, therefore Sum Average = 2 * Joint Average, only 1 needs to be calculated
2026-07-29 18:19:02,959 INFO Calculating features with label: 1
2026-07-29 18:19:02,959 INFO Loading image and mask
2026-07-29 18:19:03,000 INFO Computing shape2D
2026-07-29 18:19:03,002 INFO Adding image type "Original" with custom settings: {}
2026-07-29 18:19:03,002 INFO Adding image type "Exponential" with custom settings: {}
2026-07-29 18:19:03,002 INFO Adding image type "Gradient" with custom settings: {}
2026-07-29 18:19:03,002 INFO Adding image type "LBP2D" with custom settings: {}
2026-07-29 18:19:03,002 INFO Adding image type "LBP3D" with custom settings: {}
2026-07-29 18:19:03,002 INFO Adding image type "LoG" with custom settings: {}
2026-07-29 18:19:03,002 INFO Adding image type "Logarithm" with custom settings: {}
2026-07-29 18:19:03,002 INFO Adding image type "Square" with custom settings: {}
2026-07-29 18:19:03,002 INFO Adding image type "SquareRoot" with custom settings: {}
2026-07-29 18:19:03,002 INFO Adding image type "Wavelet" with custom settings: {}
2026-07-29 18:19:03,002 INFO Calculating features for original image
2026-07-29 18:19:03,005 INFO Computing firstorder
2026-07-29 18:19:03,009 INFO Computing glcm
2026-07-29 18:19:03,013 WARNING GLCM is symmetrical, therefore Sum Average = 2 * Joint Average, only 1 needs to be calculated
2026-07-29 18:19:03,018 INFO Calculating features for exponential image
2026-07-29 18:19:03,021 INFO Computing firstorder
2026-07-29 18:19:03,025 INFO Computing glcm
2026-07-29 18:19:03,028 WARNING GLCM is symmetrical, therefore Sum Average = 2 * Joint Average, only 1 needs to be calculated
2026-07-29 18:19:03,031 INFO Calculating features for gradient image
2026-07-29 18:19:03,034 INFO Computing firstorder
2026-07-29 18:19:03,039 INFO Computing glcm
2026-07-29 18:19:03,041 WARNING GLCM is symmetrical, therefore Sum Average = 2 * Joint Average, only 1 needs to be calculated
2026-07-29 18:19:03,065 INFO Calculating features for lbp-2D image
2026-07-29 18:19:03,069 INFO Computing firstorder
2026-07-29 18:19:03,075 INFO Computing glcm
2026-07-29 18:19:03,078 WARNING GLCM is symmetrical, therefore Sum Average = 2 * Joint Average, only 1 needs to be calculated
2026-07-29 18:19:03,079 WARNING LBP 3D only available for 3 dimensional images, found 2 dimensions
2026-07-29 18:19:03,086 INFO Calculating features for logarithm image
2026-07-29 18:19:03,090 INFO Computing firstorder
2026-07-29 18:19:03,095 INFO Computing glcm
2026-07-29 18:19:03,098 WARNING GLCM is symmetrical, therefore Sum Average = 2 * Joint Average, only 1 needs to be calculated
2026-07-29 18:19:03,102 INFO Calculating features for square image
2026-07-29 18:19:03,106 INFO Computing firstorder
2026-07-29 18:19:03,111 INFO Computing glcm
2026-07-29 18:19:03,113 WARNING GLCM is symmetrical, therefore Sum Average = 2 * Joint Average, only 1 needs to be calculated
2026-07-29 18:19:03,119 INFO Calculating features for squareroot image
2026-07-29 18:19:03,122 INFO Computing firstorder
2026-07-29 18:19:03,127 INFO Computing glcm
2026-07-29 18:19:03,131 WARNING GLCM is symmetrical, therefore Sum Average = 2 * Joint Average, only 1 needs to be calculated
2026-07-29 18:19:03,139 INFO Computing Wavelet H
2026-07-29 18:19:03,139 INFO Calculating features for wavelet-H image
2026-07-29 18:19:03,143 INFO Computing firstorder
2026-07-29 18:19:03,148 INFO Computing glcm
2026-07-29 18:19:03,151 WARNING GLCM is symmetrical, therefore Sum Average = 2 * Joint Average, only 1 needs to be calculated
2026-07-29 18:19:03,151 INFO Calculating features for wavelet-L image
2026-07-29 18:19:03,155 INFO Computing firstorder
2026-07-29 18:19:03,160 INFO Computing glcm
2026-07-29 18:19:03,164 WARNING GLCM is symmetrical, therefore Sum Average = 2 * Joint Average, only 1 needs to be calculated
2026-07-29 18:19:03,202 INFO Calculating features with label: 1
2026-07-29 18:19:03,202 INFO Loading image and mask
2026-07-29 18:19:03,243 INFO Computing shape2D
2026-07-29 18:19:03,246 INFO Adding image type "Original" with custom settings: {}
2026-07-29 18:19:03,246 INFO Adding image type "Exponential" with custom settings: {}
2026-07-29 18:19:03,246 INFO Adding image type "Gradient" with custom settings: {}
2026-07-29 18:19:03,246 INFO Adding image type "LBP2D" with custom settings: {}
2026-07-29 18:19:03,246 INFO Adding image type "LBP3D" with custom settings: {}
2026-07-29 18:19:03,246 INFO Adding image type "LoG" with custom settings: {}
2026-07-29 18:19:03,246 INFO Adding image type "Logarithm" with custom settings: {}
2026-07-29 18:19:03,246 INFO Adding image type "Square" with custom settings: {}
2026-07-29 18:19:03,246 INFO Adding image type "SquareRoot" with custom settings: {}
2026-07-29 18:19:03,246 INFO Adding image type "Wavelet" with custom settings: {}
2026-07-29 18:19:03,246 INFO Calculating features for original image
2026-07-29 18:19:03,248 INFO Computing firstorder
2026-07-29 18:19:03,254 INFO Computing glcm
2026-07-29 18:19:03,258 WARNING GLCM is symmetrical, therefore Sum Average = 2 * Joint Average, only 1 needs to be calculated
2026-07-29 18:19:03,263 INFO Calculating features for exponential image
2026-07-29 18:19:03,267 INFO Computing firstorder
2026-07-29 18:19:03,273 INFO Computing glcm
2026-07-29 18:19:03,276 WARNING GLCM is symmetrical, therefore Sum Average = 2 * Joint Average, only 1 needs to be calculated
2026-07-29 18:19:03,279 INFO Calculating features for gradient image
2026-07-29 18:19:03,283 INFO Computing firstorder
2026-07-29 18:19:03,289 INFO Computing glcm
2026-07-29 18:19:03,292 WARNING GLCM is symmetrical, therefore Sum Average = 2 * Joint Average, only 1 needs to be calculated
2026-07-29 18:19:03,317 INFO Calculating features for lbp-2D image
2026-07-29 18:19:03,321 INFO Computing firstorder
2026-07-29 18:19:03,326 INFO Computing glcm
2026-07-29 18:19:03,329 WARNING GLCM is symmetrical, therefore Sum Average = 2 * Joint Average, only 1 needs to be calculated
2026-07-29 18:19:03,330 WARNING LBP 3D only available for 3 dimensional images, found 2 dimensions
2026-07-29 18:19:03,337 INFO Calculating features for logarithm image
2026-07-29 18:19:03,342 INFO Computing firstorder
2026-07-29 18:19:03,347 INFO Computing glcm
2026-07-29 18:19:03,351 WARNING GLCM is symmetrical, therefore Sum Average = 2 * Joint Average, only 1 needs to be calculated
2026-07-29 18:19:03,356 INFO Calculating features for square image
2026-07-29 18:19:03,360 INFO Computing firstorder
2026-07-29 18:19:03,366 INFO Computing glcm
2026-07-29 18:19:03,370 WARNING GLCM is symmetrical, therefore Sum Average = 2 * Joint Average, only 1 needs to be calculated
2026-07-29 18:19:03,376 INFO Calculating features for squareroot image
2026-07-29 18:19:03,380 INFO Computing firstorder
2026-07-29 18:19:03,386 INFO Computing glcm
2026-07-29 18:19:03,390 WARNING GLCM is symmetrical, therefore Sum Average = 2 * Joint Average, only 1 needs to be calculated
2026-07-29 18:19:03,398 INFO Computing Wavelet H
2026-07-29 18:19:03,398 INFO Calculating features for wavelet-H image
2026-07-29 18:19:03,401 INFO Computing firstorder
2026-07-29 18:19:03,408 INFO Computing glcm
2026-07-29 18:19:03,411 WARNING GLCM is symmetrical, therefore Sum Average = 2 * Joint Average, only 1 needs to be calculated
2026-07-29 18:19:03,412 INFO Calculating features for wavelet-L image
2026-07-29 18:19:03,416 INFO Computing firstorder
2026-07-29 18:19:03,422 INFO Computing glcm
2026-07-29 18:19:03,426 WARNING GLCM is symmetrical, therefore Sum Average = 2 * Joint Average, only 1 needs to be calculated
2026-07-29 18:19:03,464 INFO Calculating features with label: 1
2026-07-29 18:19:03,464 INFO Loading image and mask
2026-07-29 18:19:03,503 INFO Computing shape2D
2026-07-29 18:19:03,505 INFO Adding image type "Original" with custom settings: {}
2026-07-29 18:19:03,505 INFO Adding image type "Exponential" with custom settings: {}
2026-07-29 18:19:03,505 INFO Adding image type "Gradient" with custom settings: {}
2026-07-29 18:19:03,505 INFO Adding image type "LBP2D" with custom settings: {}
2026-07-29 18:19:03,505 INFO Adding image type "LBP3D" with custom settings: {}
2026-07-29 18:19:03,505 INFO Adding image type "LoG" with custom settings: {}
2026-07-29 18:19:03,505 INFO Adding image type "Logarithm" with custom settings: {}
2026-07-29 18:19:03,505 INFO Adding image type "Square" with custom settings: {}
2026-07-29 18:19:03,505 INFO Adding image type "SquareRoot" with custom settings: {}
2026-07-29 18:19:03,505 INFO Adding image type "Wavelet" with custom settings: {}
2026-07-29 18:19:03,505 INFO Calculating features for original image
2026-07-29 18:19:03,508 INFO Computing firstorder
2026-07-29 18:19:03,511 INFO Computing glcm
2026-07-29 18:19:03,514 WARNING GLCM is symmetrical, therefore Sum Average = 2 * Joint Average, only 1 needs to be calculated
2026-07-29 18:19:03,519 INFO Calculating features for exponential image
2026-07-29 18:19:03,522 INFO Computing firstorder
2026-07-29 18:19:03,525 INFO Computing glcm
2026-07-29 18:19:03,527 WARNING GLCM is symmetrical, therefore Sum Average = 2 * Joint Average, only 1 needs to be calculated
2026-07-29 18:19:03,529 INFO Calculating features for gradient image
2026-07-29 18:19:03,532 INFO Computing firstorder
2026-07-29 18:19:03,536 INFO Computing glcm
2026-07-29 18:19:03,538 WARNING GLCM is symmetrical, therefore Sum Average = 2 * Joint Average, only 1 needs to be calculated
2026-07-29 18:19:03,563 INFO Calculating features for lbp-2D image
2026-07-29 18:19:03,567 INFO Computing firstorder
2026-07-29 18:19:03,570 INFO Computing glcm
2026-07-29 18:19:03,572 WARNING GLCM is symmetrical, therefore Sum Average = 2 * Joint Average, only 1 needs to be calculated
2026-07-29 18:19:03,573 WARNING LBP 3D only available for 3 dimensional images, found 2 dimensions
2026-07-29 18:19:03,580 INFO Calculating features for logarithm image
2026-07-29 18:19:03,583 INFO Computing firstorder
2026-07-29 18:19:03,587 INFO Computing glcm
2026-07-29 18:19:03,590 WARNING GLCM is symmetrical, therefore Sum Average = 2 * Joint Average, only 1 needs to be calculated
2026-07-29 18:19:03,594 INFO Calculating features for square image
2026-07-29 18:19:03,599 INFO Computing firstorder
2026-07-29 18:19:03,602 INFO Computing glcm
2026-07-29 18:19:03,605 WARNING GLCM is symmetrical, therefore Sum Average = 2 * Joint Average, only 1 needs to be calculated
2026-07-29 18:19:03,615 INFO Calculating features for squareroot image
2026-07-29 18:19:03,619 INFO Computing firstorder
2026-07-29 18:19:03,626 INFO Computing glcm
2026-07-29 18:19:03,629 WARNING GLCM is symmetrical, therefore Sum Average = 2 * Joint Average, only 1 needs to be calculated
2026-07-29 18:19:03,637 INFO Computing Wavelet H
2026-07-29 18:19:03,638 INFO Calculating features for wavelet-H image
2026-07-29 18:19:03,642 INFO Computing firstorder
2026-07-29 18:19:03,646 INFO Computing glcm
2026-07-29 18:19:03,648 WARNING GLCM is symmetrical, therefore Sum Average = 2 * Joint Average, only 1 needs to be calculated
2026-07-29 18:19:03,648 INFO Calculating features for wavelet-L image
2026-07-29 18:19:03,652 INFO Computing firstorder
2026-07-29 18:19:03,655 INFO Computing glcm
2026-07-29 18:19:03,659 WARNING GLCM is symmetrical, therefore Sum Average = 2 * Joint Average, only 1 needs to be calculated
2026-07-29 18:19:03,697 INFO Calculating features with label: 1
2026-07-29 18:19:03,698 INFO Loading image and mask
2026-07-29 18:19:03,737 INFO Computing shape2D
2026-07-29 18:19:03,738 INFO Adding image type "Original" with custom settings: {}
2026-07-29 18:19:03,738 INFO Adding image type "Exponential" with custom settings: {}
2026-07-29 18:19:03,738 INFO Adding image type "Gradient" with custom settings: {}
2026-07-29 18:19:03,738 INFO Adding image type "LBP2D" with custom settings: {}
2026-07-29 18:19:03,738 INFO Adding image type "LBP3D" with custom settings: {}
2026-07-29 18:19:03,738 INFO Adding image type "LoG" with custom settings: {}
2026-07-29 18:19:03,738 INFO Adding image type "Logarithm" with custom settings: {}
2026-07-29 18:19:03,738 INFO Adding image type "Square" with custom settings: {}
2026-07-29 18:19:03,738 INFO Adding image type "SquareRoot" with custom settings: {}
2026-07-29 18:19:03,738 INFO Adding image type "Wavelet" with custom settings: {}
2026-07-29 18:19:03,738 INFO Calculating features for original image
2026-07-29 18:19:03,741 INFO Computing firstorder
2026-07-29 18:19:03,745 INFO Computing glcm
2026-07-29 18:19:03,747 WARNING GLCM is symmetrical, therefore Sum Average = 2 * Joint Average, only 1 needs to be calculated
2026-07-29 18:19:03,753 INFO Calculating features for exponential image
2026-07-29 18:19:03,756 INFO Computing firstorder
2026-07-29 18:19:03,759 INFO Computing glcm
2026-07-29 18:19:03,762 WARNING GLCM is symmetrical, therefore Sum Average = 2 * Joint Average, only 1 needs to be calculated
2026-07-29 18:19:03,764 INFO Calculating features for gradient image
2026-07-29 18:19:03,767 INFO Computing firstorder
2026-07-29 18:19:03,771 INFO Computing glcm
2026-07-29 18:19:03,773 WARNING GLCM is symmetrical, therefore Sum Average = 2 * Joint Average, only 1 needs to be calculated
2026-07-29 18:19:03,797 INFO Calculating features for lbp-2D image
2026-07-29 18:19:03,801 INFO Computing firstorder
2026-07-29 18:19:03,804 INFO Computing glcm
2026-07-29 18:19:03,806 WARNING GLCM is symmetrical, therefore Sum Average = 2 * Joint Average, only 1 needs to be calculated
2026-07-29 18:19:03,807 WARNING LBP 3D only available for 3 dimensional images, found 2 dimensions
2026-07-29 18:19:03,815 INFO Calculating features for logarithm image
2026-07-29 18:19:03,819 INFO Computing firstorder
2026-07-29 18:19:03,823 INFO Computing glcm
2026-07-29 18:19:03,827 WARNING GLCM is symmetrical, therefore Sum Average = 2 * Joint Average, only 1 needs to be calculated
2026-07-29 18:19:03,831 INFO Calculating features for square image
2026-07-29 18:19:03,834 INFO Computing firstorder
2026-07-29 18:19:03,838 INFO Computing glcm
2026-07-29 18:19:03,840 WARNING GLCM is symmetrical, therefore Sum Average = 2 * Joint Average, only 1 needs to be calculated
2026-07-29 18:19:03,846 INFO Calculating features for squareroot image
2026-07-29 18:19:03,849 INFO Computing firstorder
2026-07-29 18:19:03,853 INFO Computing glcm
2026-07-29 18:19:03,857 WARNING GLCM is symmetrical, therefore Sum Average = 2 * Joint Average, only 1 needs to be calculated
2026-07-29 18:19:03,863 INFO Computing Wavelet H
2026-07-29 18:19:03,863 INFO Calculating features for wavelet-H image
2026-07-29 18:19:03,866 INFO Computing firstorder
2026-07-29 18:19:03,871 INFO Computing glcm
2026-07-29 18:19:03,873 WARNING GLCM is symmetrical, therefore Sum Average = 2 * Joint Average, only 1 needs to be calculated
2026-07-29 18:19:03,874 INFO Calculating features for wavelet-L image
2026-07-29 18:19:03,877 INFO Computing firstorder
2026-07-29 18:19:03,881 INFO Computing glcm
2026-07-29 18:19:03,884 WARNING GLCM is symmetrical, therefore Sum Average = 2 * Joint Average, only 1 needs to be calculated
2026-07-29 18:19:03,920 INFO Calculating features with label: 1
2026-07-29 18:19:03,920 INFO Loading image and mask
2026-07-29 18:19:03,958 INFO Computing shape2D
2026-07-29 18:19:03,960 INFO Adding image type "Original" with custom settings: {}
2026-07-29 18:19:03,961 INFO Adding image type "Exponential" with custom settings: {}
2026-07-29 18:19:03,961 INFO Adding image type "Gradient" with custom settings: {}
2026-07-29 18:19:03,961 INFO Adding image type "LBP2D" with custom settings: {}
2026-07-29 18:19:03,961 INFO Adding image type "LBP3D" with custom settings: {}
2026-07-29 18:19:03,961 INFO Adding image type "LoG" with custom settings: {}
2026-07-29 18:19:03,961 INFO Adding image type "Logarithm" with custom settings: {}
2026-07-29 18:19:03,961 INFO Adding image type "Square" with custom settings: {}
2026-07-29 18:19:03,961 INFO Adding image type "SquareRoot" with custom settings: {}
2026-07-29 18:19:03,961 INFO Adding image type "Wavelet" with custom settings: {}
2026-07-29 18:19:03,961 INFO Calculating features for original image
2026-07-29 18:19:03,964 INFO Computing firstorder
2026-07-29 18:19:03,970 INFO Computing glcm
2026-07-29 18:19:03,976 WARNING GLCM is symmetrical, therefore Sum Average = 2 * Joint Average, only 1 needs to be calculated
2026-07-29 18:19:03,981 INFO Calculating features for exponential image
2026-07-29 18:19:03,985 INFO Computing firstorder
2026-07-29 18:19:03,991 INFO Computing glcm
2026-07-29 18:19:03,994 WARNING GLCM is symmetrical, therefore Sum Average = 2 * Joint Average, only 1 needs to be calculated
2026-07-29 18:19:03,997 INFO Calculating features for gradient image
2026-07-29 18:19:04,001 INFO Computing firstorder
2026-07-29 18:19:04,006 INFO Computing glcm
2026-07-29 18:19:04,009 WARNING GLCM is symmetrical, therefore Sum Average = 2 * Joint Average, only 1 needs to be calculated
2026-07-29 18:19:04,034 INFO Calculating features for lbp-2D image
2026-07-29 18:19:04,037 INFO Computing firstorder
2026-07-29 18:19:04,042 INFO Computing glcm
2026-07-29 18:19:04,045 WARNING GLCM is symmetrical, therefore Sum Average = 2 * Joint Average, only 1 needs to be calculated
2026-07-29 18:19:04,046 WARNING LBP 3D only available for 3 dimensional images, found 2 dimensions
2026-07-29 18:19:04,054 INFO Calculating features for logarithm image
2026-07-29 18:19:04,057 INFO Computing firstorder
2026-07-29 18:19:04,063 INFO Computing glcm
2026-07-29 18:19:04,067 WARNING GLCM is symmetrical, therefore Sum Average = 2 * Joint Average, only 1 needs to be calculated
2026-07-29 18:19:04,073 INFO Calculating features for square image
2026-07-29 18:19:04,076 INFO Computing firstorder
2026-07-29 18:19:04,082 INFO Computing glcm
2026-07-29 18:19:04,085 WARNING GLCM is symmetrical, therefore Sum Average = 2 * Joint Average, only 1 needs to be calculated
2026-07-29 18:19:04,091 INFO Calculating features for squareroot image
2026-07-29 18:19:04,094 INFO Computing firstorder
2026-07-29 18:19:04,101 INFO Computing glcm
2026-07-29 18:19:04,104 WARNING GLCM is symmetrical, therefore Sum Average = 2 * Joint Average, only 1 needs to be calculated
2026-07-29 18:19:04,113 INFO Computing Wavelet H
2026-07-29 18:19:04,113 INFO Calculating features for wavelet-H image
2026-07-29 18:19:04,117 INFO Computing firstorder
2026-07-29 18:19:04,124 INFO Computing glcm
2026-07-29 18:19:04,127 WARNING GLCM is symmetrical, therefore Sum Average = 2 * Joint Average, only 1 needs to be calculated
2026-07-29 18:19:04,128 INFO Calculating features for wavelet-L image
2026-07-29 18:19:04,131 INFO Computing firstorder
2026-07-29 18:19:04,138 INFO Computing glcm
2026-07-29 18:19:04,142 WARNING GLCM is symmetrical, therefore Sum Average = 2 * Joint Average, only 1 needs to be calculated
2026-07-29 18:19:04,169 INFO Calculating features with label: 1
2026-07-29 18:19:04,169 INFO Loading image and mask
2026-07-29 18:19:04,207 INFO Computing shape2D
2026-07-29 18:19:04,209 INFO Adding image type "Original" with custom settings: {}
2026-07-29 18:19:04,209 INFO Adding image type "Exponential" with custom settings: {}
2026-07-29 18:19:04,209 INFO Adding image type "Gradient" with custom settings: {}
2026-07-29 18:19:04,209 INFO Adding image type "LBP2D" with custom settings: {}
2026-07-29 18:19:04,209 INFO Adding image type "LBP3D" with custom settings: {}
2026-07-29 18:19:04,210 INFO Adding image type "LoG" with custom settings: {}
2026-07-29 18:19:04,210 INFO Adding image type "Logarithm" with custom settings: {}
2026-07-29 18:19:04,210 INFO Adding image type "Square" with custom settings: {}
2026-07-29 18:19:04,210 INFO Adding image type "SquareRoot" with custom settings: {}
2026-07-29 18:19:04,210 INFO Adding image type "Wavelet" with custom settings: {}
2026-07-29 18:19:04,210 INFO Calculating features for original image
2026-07-29 18:19:04,212 INFO Computing firstorder
2026-07-29 18:19:04,218 INFO Computing glcm
2026-07-29 18:19:04,222 WARNING GLCM is symmetrical, therefore Sum Average = 2 * Joint Average, only 1 needs to be calculated
2026-07-29 18:19:04,227 INFO Calculating features for exponential image
2026-07-29 18:19:04,231 INFO Computing firstorder
2026-07-29 18:19:04,236 INFO Computing glcm
2026-07-29 18:19:04,239 WARNING GLCM is symmetrical, therefore Sum Average = 2 * Joint Average, only 1 needs to be calculated
2026-07-29 18:19:04,243 INFO Calculating features for gradient image
2026-07-29 18:19:04,246 INFO Computing firstorder
2026-07-29 18:19:04,251 INFO Computing glcm
2026-07-29 18:19:04,255 WARNING GLCM is symmetrical, therefore Sum Average = 2 * Joint Average, only 1 needs to be calculated
2026-07-29 18:19:04,281 INFO Calculating features for lbp-2D image
2026-07-29 18:19:04,284 INFO Computing firstorder
2026-07-29 18:19:04,290 INFO Computing glcm
2026-07-29 18:19:04,292 WARNING GLCM is symmetrical, therefore Sum Average = 2 * Joint Average, only 1 needs to be calculated
2026-07-29 18:19:04,293 WARNING LBP 3D only available for 3 dimensional images, found 2 dimensions
2026-07-29 18:19:04,302 INFO Calculating features for logarithm image
2026-07-29 18:19:04,306 INFO Computing firstorder
2026-07-29 18:19:04,312 INFO Computing glcm
2026-07-29 18:19:04,315 WARNING GLCM is symmetrical, therefore Sum Average = 2 * Joint Average, only 1 needs to be calculated
2026-07-29 18:19:04,321 INFO Calculating features for square image
2026-07-29 18:19:04,326 INFO Computing firstorder
2026-07-29 18:19:04,331 INFO Computing glcm
2026-07-29 18:19:04,335 WARNING GLCM is symmetrical, therefore Sum Average = 2 * Joint Average, only 1 needs to be calculated
2026-07-29 18:19:04,341 INFO Calculating features for squareroot image
2026-07-29 18:19:04,345 INFO Computing firstorder
2026-07-29 18:19:04,351 INFO Computing glcm
2026-07-29 18:19:04,354 WARNING GLCM is symmetrical, therefore Sum Average = 2 * Joint Average, only 1 needs to be calculated
2026-07-29 18:19:04,363 INFO Computing Wavelet H
2026-07-29 18:19:04,363 INFO Calculating features for wavelet-H image
2026-07-29 18:19:04,367 INFO Computing firstorder
2026-07-29 18:19:04,373 INFO Computing glcm
2026-07-29 18:19:04,377 WARNING GLCM is symmetrical, therefore Sum Average = 2 * Joint Average, only 1 needs to be calculated
2026-07-29 18:19:04,378 INFO Calculating features for wavelet-L image
2026-07-29 18:19:04,383 INFO Computing firstorder
2026-07-29 18:19:04,388 INFO Computing glcm
2026-07-29 18:19:04,393 WARNING GLCM is symmetrical, therefore Sum Average = 2 * Joint Average, only 1 needs to be calculated
2026-07-29 18:19:04,429 INFO Calculating features with label: 1
2026-07-29 18:19:04,430 INFO Loading image and mask
2026-07-29 18:19:04,467 INFO Computing shape2D
2026-07-29 18:19:04,469 INFO Adding image type "Original" with custom settings: {}
2026-07-29 18:19:04,469 INFO Adding image type "Exponential" with custom settings: {}
2026-07-29 18:19:04,469 INFO Adding image type "Gradient" with custom settings: {}
2026-07-29 18:19:04,469 INFO Adding image type "LBP2D" with custom settings: {}
2026-07-29 18:19:04,469 INFO Adding image type "LBP3D" with custom settings: {}
2026-07-29 18:19:04,469 INFO Adding image type "LoG" with custom settings: {}
2026-07-29 18:19:04,469 INFO Adding image type "Logarithm" with custom settings: {}
2026-07-29 18:19:04,469 INFO Adding image type "Square" with custom settings: {}
2026-07-29 18:19:04,469 INFO Adding image type "SquareRoot" with custom settings: {}
2026-07-29 18:19:04,469 INFO Adding image type "Wavelet" with custom settings: {}
2026-07-29 18:19:04,469 INFO Calculating features for original image
2026-07-29 18:19:04,472 INFO Computing firstorder
2026-07-29 18:19:04,477 INFO Computing glcm
2026-07-29 18:19:04,480 WARNING GLCM is symmetrical, therefore Sum Average = 2 * Joint Average, only 1 needs to be calculated
2026-07-29 18:19:04,485 INFO Calculating features for exponential image
2026-07-29 18:19:04,488 INFO Computing firstorder
2026-07-29 18:19:04,493 INFO Computing glcm
2026-07-29 18:19:04,495 WARNING GLCM is symmetrical, therefore Sum Average = 2 * Joint Average, only 1 needs to be calculated
2026-07-29 18:19:04,499 INFO Calculating features for gradient image
2026-07-29 18:19:04,501 INFO Computing firstorder
2026-07-29 18:19:04,508 INFO Computing glcm
2026-07-29 18:19:04,511 WARNING GLCM is symmetrical, therefore Sum Average = 2 * Joint Average, only 1 needs to be calculated
2026-07-29 18:19:04,535 INFO Calculating features for lbp-2D image
2026-07-29 18:19:04,539 INFO Computing firstorder
2026-07-29 18:19:04,543 INFO Computing glcm
2026-07-29 18:19:04,546 WARNING GLCM is symmetrical, therefore Sum Average = 2 * Joint Average, only 1 needs to be calculated
2026-07-29 18:19:04,546 WARNING LBP 3D only available for 3 dimensional images, found 2 dimensions
2026-07-29 18:19:04,554 INFO Calculating features for logarithm image
2026-07-29 18:19:04,558 INFO Computing firstorder
2026-07-29 18:19:04,563 INFO Computing glcm
2026-07-29 18:19:04,566 WARNING GLCM is symmetrical, therefore Sum Average = 2 * Joint Average, only 1 needs to be calculated
2026-07-29 18:19:04,571 INFO Calculating features for square image
2026-07-29 18:19:04,575 INFO Computing firstorder
2026-07-29 18:19:04,580 INFO Computing glcm
2026-07-29 18:19:04,582 WARNING GLCM is symmetrical, therefore Sum Average = 2 * Joint Average, only 1 needs to be calculated
2026-07-29 18:19:04,588 INFO Calculating features for squareroot image
2026-07-29 18:19:04,592 INFO Computing firstorder
2026-07-29 18:19:04,597 INFO Computing glcm
2026-07-29 18:19:04,600 WARNING GLCM is symmetrical, therefore Sum Average = 2 * Joint Average, only 1 needs to be calculated
2026-07-29 18:19:04,609 INFO Computing Wavelet H
2026-07-29 18:19:04,609 INFO Calculating features for wavelet-H image
2026-07-29 18:19:04,613 INFO Computing firstorder
2026-07-29 18:19:04,618 INFO Computing glcm
2026-07-29 18:19:04,621 WARNING GLCM is symmetrical, therefore Sum Average = 2 * Joint Average, only 1 needs to be calculated
2026-07-29 18:19:04,621 INFO Calculating features for wavelet-L image
2026-07-29 18:19:04,625 INFO Computing firstorder
2026-07-29 18:19:04,630 INFO Computing glcm
2026-07-29 18:19:04,633 WARNING GLCM is symmetrical, therefore Sum Average = 2 * Joint Average, only 1 needs to be calculated
2026-07-29 18:19:04,668 INFO Calculating features with label: 1
2026-07-29 18:19:04,668 INFO Loading image and mask
2026-07-29 18:19:04,705 INFO Computing shape2D
2026-07-29 18:19:04,707 INFO Adding image type "Original" with custom settings: {}
2026-07-29 18:19:04,707 INFO Adding image type "Exponential" with custom settings: {}
2026-07-29 18:19:04,707 INFO Adding image type "Gradient" with custom settings: {}
2026-07-29 18:19:04,707 INFO Adding image type "LBP2D" with custom settings: {}
2026-07-29 18:19:04,707 INFO Adding image type "LBP3D" with custom settings: {}
2026-07-29 18:19:04,707 INFO Adding image type "LoG" with custom settings: {}
2026-07-29 18:19:04,707 INFO Adding image type "Logarithm" with custom settings: {}
2026-07-29 18:19:04,707 INFO Adding image type "Square" with custom settings: {}
2026-07-29 18:19:04,707 INFO Adding image type "SquareRoot" with custom settings: {}
2026-07-29 18:19:04,707 INFO Adding image type "Wavelet" with custom settings: {}
2026-07-29 18:19:04,707 INFO Calculating features for original image
2026-07-29 18:19:04,710 INFO Computing firstorder
2026-07-29 18:19:04,713 INFO Computing glcm
2026-07-29 18:19:04,716 WARNING GLCM is symmetrical, therefore Sum Average = 2 * Joint Average, only 1 needs to be calculated
2026-07-29 18:19:04,722 INFO Calculating features for exponential image
2026-07-29 18:19:04,724 INFO Computing firstorder
2026-07-29 18:19:04,728 INFO Computing glcm
2026-07-29 18:19:04,730 WARNING GLCM is symmetrical, therefore Sum Average = 2 * Joint Average, only 1 needs to be calculated
2026-07-29 18:19:04,733 INFO Calculating features for gradient image
2026-07-29 18:19:04,736 INFO Computing firstorder
2026-07-29 18:19:04,740 INFO Computing glcm
2026-07-29 18:19:04,743 WARNING GLCM is symmetrical, therefore Sum Average = 2 * Joint Average, only 1 needs to be calculated
2026-07-29 18:19:04,774 INFO Calculating features for lbp-2D image
2026-07-29 18:19:04,778 INFO Computing firstorder
2026-07-29 18:19:04,781 INFO Computing glcm
2026-07-29 18:19:04,783 WARNING GLCM is symmetrical, therefore Sum Average = 2 * Joint Average, only 1 needs to be calculated
2026-07-29 18:19:04,784 WARNING LBP 3D only available for 3 dimensional images, found 2 dimensions
2026-07-29 18:19:04,791 INFO Calculating features for logarithm image
2026-07-29 18:19:04,795 INFO Computing firstorder
2026-07-29 18:19:04,799 INFO Computing glcm
2026-07-29 18:19:04,801 WARNING GLCM is symmetrical, therefore Sum Average = 2 * Joint Average, only 1 needs to be calculated
2026-07-29 18:19:04,806 INFO Calculating features for square image
2026-07-29 18:19:04,810 INFO Computing firstorder
2026-07-29 18:19:04,814 INFO Computing glcm
2026-07-29 18:19:04,816 WARNING GLCM is symmetrical, therefore Sum Average = 2 * Joint Average, only 1 needs to be calculated
2026-07-29 18:19:04,822 INFO Calculating features for squareroot image
2026-07-29 18:19:04,826 INFO Computing firstorder
2026-07-29 18:19:04,829 INFO Computing glcm
2026-07-29 18:19:04,832 WARNING GLCM is symmetrical, therefore Sum Average = 2 * Joint Average, only 1 needs to be calculated
2026-07-29 18:19:04,841 INFO Computing Wavelet H
2026-07-29 18:19:04,841 INFO Calculating features for wavelet-H image
2026-07-29 18:19:04,844 INFO Computing firstorder
2026-07-29 18:19:04,848 INFO Computing glcm
2026-07-29 18:19:04,850 WARNING GLCM is symmetrical, therefore Sum Average = 2 * Joint Average, only 1 needs to be calculated
2026-07-29 18:19:04,851 INFO Calculating features for wavelet-L image
2026-07-29 18:19:04,854 INFO Computing firstorder
2026-07-29 18:19:04,858 INFO Computing glcm
2026-07-29 18:19:04,861 WARNING GLCM is symmetrical, therefore Sum Average = 2 * Joint Average, only 1 needs to be calculated
2026-07-29 18:19:04,897 INFO Calculating features with label: 1
2026-07-29 18:19:04,897 INFO Loading image and mask
2026-07-29 18:19:04,902 ERROR s0060
Traceback (most recent call last):
  File "C:\Users\kanishk\OneDrive\Desktop\infant\Corpus_Callosum\radiomic_feature_extraction.py", line 392, in main
    feature_row = process_subject(
                  ^^^^^^^^^^^^^^^^
  File "C:\Users\kanishk\OneDrive\Desktop\infant\Corpus_Callosum\radiomic_feature_extraction.py", line 284, in process_subject
    feature_dict = extract_features(
                   ^^^^^^^^^^^^^^^^^
  File "C:\Users\kanishk\OneDrive\Desktop\infant\Corpus_Callosum\radiomic_feature_extraction.py", line 236, in extract_features
    feature_vector = extractor.execute(
                     ^^^^^^^^^^^^^^^^^^
  File "C:\Users\kanishk\AppData\Roaming\Python\Python311\site-packages\radiomics\featureextractor.py", line 272, in execute
    image, mask = self.loadImage(imageFilepath, maskFilepath, generalInfo, **_settings)
                  ^^^^^^^^^^^^^^^^^^^^^^^^^^^^^^^^^^^^^^^^^^^^^^^^^^^^^^^^^^^^^^^^^^^^^
  File "C:\Users\kanishk\AppData\Roaming\Python\Python311\site-packages\radiomics\featureextractor.py", line 385, in loadImage
    mask = imageoperations.getMask(mask, **kwargs)
           ^^^^^^^^^^^^^^^^^^^^^^^^^^^^^^^^^^^^^^^
  File "C:\Users\kanishk\AppData\Roaming\Python\Python311\site-packages\radiomics\imageoperations.py", line 49, in getMask
    raise ValueError('No labels found in this mask (i.e. nothing is segmented)!')
ValueError: No labels found in this mask (i.e. nothing is segmented)!
2026-07-29 18:19:04,938 INFO Calculating features with label: 1
2026-07-29 18:19:04,938 INFO Loading image and mask
2026-07-29 18:19:04,978 INFO Computing shape2D
2026-07-29 18:19:04,981 INFO Adding image type "Original" with custom settings: {}
2026-07-29 18:19:04,981 INFO Adding image type "Exponential" with custom settings: {}
2026-07-29 18:19:04,981 INFO Adding image type "Gradient" with custom settings: {}
2026-07-29 18:19:04,981 INFO Adding image type "LBP2D" with custom settings: {}
2026-07-29 18:19:04,981 INFO Adding image type "LBP3D" with custom settings: {}
2026-07-29 18:19:04,981 INFO Adding image type "LoG" with custom settings: {}
2026-07-29 18:19:04,981 INFO Adding image type "Logarithm" with custom settings: {}
2026-07-29 18:19:04,981 INFO Adding image type "Square" with custom settings: {}
2026-07-29 18:19:04,981 INFO Adding image type "SquareRoot" with custom settings: {}
2026-07-29 18:19:04,981 INFO Adding image type "Wavelet" with custom settings: {}
2026-07-29 18:19:04,981 INFO Calculating features for original image
2026-07-29 18:19:04,983 INFO Computing firstorder
2026-07-29 18:19:04,990 INFO Computing glcm
2026-07-29 18:19:04,994 WARNING GLCM is symmetrical, therefore Sum Average = 2 * Joint Average, only 1 needs to be calculated
2026-07-29 18:19:04,999 INFO Calculating features for exponential image
2026-07-29 18:19:05,002 INFO Computing firstorder
2026-07-29 18:19:05,009 INFO Computing glcm
2026-07-29 18:19:05,012 WARNING GLCM is symmetrical, therefore Sum Average = 2 * Joint Average, only 1 needs to be calculated
2026-07-29 18:19:05,015 INFO Calculating features for gradient image
2026-07-29 18:19:05,018 INFO Computing firstorder
2026-07-29 18:19:05,024 INFO Computing glcm
2026-07-29 18:19:05,028 WARNING GLCM is symmetrical, therefore Sum Average = 2 * Joint Average, only 1 needs to be calculated
2026-07-29 18:19:05,052 INFO Calculating features for lbp-2D image
2026-07-29 18:19:05,056 INFO Computing firstorder
2026-07-29 18:19:05,062 INFO Computing glcm
2026-07-29 18:19:05,065 WARNING GLCM is symmetrical, therefore Sum Average = 2 * Joint Average, only 1 needs to be calculated
2026-07-29 18:19:05,066 WARNING LBP 3D only available for 3 dimensional images, found 2 dimensions
2026-07-29 18:19:05,074 INFO Calculating features for logarithm image
2026-07-29 18:19:05,078 INFO Computing firstorder
2026-07-29 18:19:05,084 INFO Computing glcm
2026-07-29 18:19:05,089 WARNING GLCM is symmetrical, therefore Sum Average = 2 * Joint Average, only 1 needs to be calculated
2026-07-29 18:19:05,093 INFO Calculating features for square image
2026-07-29 18:19:05,097 INFO Computing firstorder
2026-07-29 18:19:05,103 INFO Computing glcm
2026-07-29 18:19:05,107 WARNING GLCM is symmetrical, therefore Sum Average = 2 * Joint Average, only 1 needs to be calculated
2026-07-29 18:19:05,112 INFO Calculating features for squareroot image
2026-07-29 18:19:05,116 INFO Computing firstorder
2026-07-29 18:19:05,123 INFO Computing glcm
2026-07-29 18:19:05,127 WARNING GLCM is symmetrical, therefore Sum Average = 2 * Joint Average, only 1 needs to be calculated
2026-07-29 18:19:05,134 INFO Computing Wavelet H
2026-07-29 18:19:05,135 INFO Calculating features for wavelet-H image
2026-07-29 18:19:05,139 INFO Computing firstorder
2026-07-29 18:19:05,146 INFO Computing glcm
2026-07-29 18:19:05,149 WARNING GLCM is symmetrical, therefore Sum Average = 2 * Joint Average, only 1 needs to be calculated
2026-07-29 18:19:05,150 INFO Calculating features for wavelet-L image
2026-07-29 18:19:05,154 INFO Computing firstorder
2026-07-29 18:19:05,160 INFO Computing glcm
2026-07-29 18:19:05,164 WARNING GLCM is symmetrical, therefore Sum Average = 2 * Joint Average, only 1 needs to be calculated
2026-07-29 18:19:05,201 INFO Calculating features with label: 1
2026-07-29 18:19:05,201 INFO Loading image and mask
2026-07-29 18:19:05,239 INFO Computing shape2D
2026-07-29 18:19:05,240 INFO Adding image type "Original" with custom settings: {}
2026-07-29 18:19:05,240 INFO Adding image type "Exponential" with custom settings: {}
2026-07-29 18:19:05,240 INFO Adding image type "Gradient" with custom settings: {}
2026-07-29 18:19:05,240 INFO Adding image type "LBP2D" with custom settings: {}
2026-07-29 18:19:05,240 INFO Adding image type "LBP3D" with custom settings: {}
2026-07-29 18:19:05,240 INFO Adding image type "LoG" with custom settings: {}
2026-07-29 18:19:05,240 INFO Adding image type "Logarithm" with custom settings: {}
2026-07-29 18:19:05,240 INFO Adding image type "Square" with custom settings: {}
2026-07-29 18:19:05,240 INFO Adding image type "SquareRoot" with custom settings: {}
2026-07-29 18:19:05,241 INFO Adding image type "Wavelet" with custom settings: {}
2026-07-29 18:19:05,241 INFO Calculating features for original image
2026-07-29 18:19:05,243 INFO Computing firstorder
2026-07-29 18:19:05,245 INFO Computing glcm
2026-07-29 18:19:05,247 WARNING GLCM is symmetrical, therefore Sum Average = 2 * Joint Average, only 1 needs to be calculated
2026-07-29 18:19:05,252 INFO Calculating features for exponential image
2026-07-29 18:19:05,255 INFO Computing firstorder
2026-07-29 18:19:05,257 INFO Computing glcm
2026-07-29 18:19:05,258 WARNING GLCM is symmetrical, therefore Sum Average = 2 * Joint Average, only 1 needs to be calculated
2026-07-29 18:19:05,261 INFO Calculating features for gradient image
2026-07-29 18:19:05,264 INFO Computing firstorder
2026-07-29 18:19:05,266 INFO Computing glcm
2026-07-29 18:19:05,268 WARNING GLCM is symmetrical, therefore Sum Average = 2 * Joint Average, only 1 needs to be calculated
2026-07-29 18:19:05,292 INFO Calculating features for lbp-2D image
2026-07-29 18:19:05,295 INFO Computing firstorder
2026-07-29 18:19:05,297 INFO Computing glcm
2026-07-29 18:19:05,298 WARNING GLCM is symmetrical, therefore Sum Average = 2 * Joint Average, only 1 needs to be calculated
2026-07-29 18:19:05,299 WARNING LBP 3D only available for 3 dimensional images, found 2 dimensions
2026-07-29 18:19:05,306 INFO Calculating features for logarithm image
2026-07-29 18:19:05,310 INFO Computing firstorder
2026-07-29 18:19:05,312 INFO Computing glcm
2026-07-29 18:19:05,314 WARNING GLCM is symmetrical, therefore Sum Average = 2 * Joint Average, only 1 needs to be calculated
2026-07-29 18:19:05,318 INFO Calculating features for square image
2026-07-29 18:19:05,322 INFO Computing firstorder
2026-07-29 18:19:05,324 INFO Computing glcm
2026-07-29 18:19:05,326 WARNING GLCM is symmetrical, therefore Sum Average = 2 * Joint Average, only 1 needs to be calculated
2026-07-29 18:19:05,331 INFO Calculating features for squareroot image
2026-07-29 18:19:05,335 INFO Computing firstorder
2026-07-29 18:19:05,338 INFO Computing glcm
2026-07-29 18:19:05,340 WARNING GLCM is symmetrical, therefore Sum Average = 2 * Joint Average, only 1 needs to be calculated
2026-07-29 18:19:05,348 INFO Computing Wavelet H
2026-07-29 18:19:05,348 INFO Calculating features for wavelet-H image
2026-07-29 18:19:05,352 INFO Computing firstorder
2026-07-29 18:19:05,354 INFO Computing glcm
2026-07-29 18:19:05,356 WARNING GLCM is symmetrical, therefore Sum Average = 2 * Joint Average, only 1 needs to be calculated
2026-07-29 18:19:05,357 INFO Calculating features for wavelet-L image
2026-07-29 18:19:05,360 INFO Computing firstorder
2026-07-29 18:19:05,362 INFO Computing glcm
2026-07-29 18:19:05,364 WARNING GLCM is symmetrical, therefore Sum Average = 2 * Joint Average, only 1 needs to be calculated
2026-07-29 18:19:05,401 INFO Calculating features with label: 1
2026-07-29 18:19:05,401 INFO Loading image and mask
2026-07-29 18:19:05,440 INFO Computing shape2D
2026-07-29 18:19:05,443 INFO Adding image type "Original" with custom settings: {}
2026-07-29 18:19:05,443 INFO Adding image type "Exponential" with custom settings: {}
2026-07-29 18:19:05,443 INFO Adding image type "Gradient" with custom settings: {}
2026-07-29 18:19:05,443 INFO Adding image type "LBP2D" with custom settings: {}
2026-07-29 18:19:05,443 INFO Adding image type "LBP3D" with custom settings: {}
2026-07-29 18:19:05,443 INFO Adding image type "LoG" with custom settings: {}
2026-07-29 18:19:05,443 INFO Adding image type "Logarithm" with custom settings: {}
2026-07-29 18:19:05,443 INFO Adding image type "Square" with custom settings: {}
2026-07-29 18:19:05,443 INFO Adding image type "SquareRoot" with custom settings: {}
2026-07-29 18:19:05,443 INFO Adding image type "Wavelet" with custom settings: {}
2026-07-29 18:19:05,443 INFO Calculating features for original image
2026-07-29 18:19:05,445 INFO Computing firstorder
2026-07-29 18:19:05,452 INFO Computing glcm
2026-07-29 18:19:05,456 WARNING GLCM is symmetrical, therefore Sum Average = 2 * Joint Average, only 1 needs to be calculated
2026-07-29 18:19:05,461 INFO Calculating features for exponential image
2026-07-29 18:19:05,465 INFO Computing firstorder
2026-07-29 18:19:05,470 INFO Computing glcm
2026-07-29 18:19:05,474 WARNING GLCM is symmetrical, therefore Sum Average = 2 * Joint Average, only 1 needs to be calculated
2026-07-29 18:19:05,477 INFO Calculating features for gradient image
2026-07-29 18:19:05,480 INFO Computing firstorder
2026-07-29 18:19:05,486 INFO Computing glcm
2026-07-29 18:19:05,489 WARNING GLCM is symmetrical, therefore Sum Average = 2 * Joint Average, only 1 needs to be calculated
2026-07-29 18:19:05,514 INFO Calculating features for lbp-2D image
2026-07-29 18:19:05,518 INFO Computing firstorder
2026-07-29 18:19:05,524 INFO Computing glcm
2026-07-29 18:19:05,527 WARNING GLCM is symmetrical, therefore Sum Average = 2 * Joint Average, only 1 needs to be calculated
2026-07-29 18:19:05,528 WARNING LBP 3D only available for 3 dimensional images, found 2 dimensions
2026-07-29 18:19:05,536 INFO Calculating features for logarithm image
2026-07-29 18:19:05,540 INFO Computing firstorder
2026-07-29 18:19:05,546 INFO Computing glcm
2026-07-29 18:19:05,550 WARNING GLCM is symmetrical, therefore Sum Average = 2 * Joint Average, only 1 needs to be calculated
2026-07-29 18:19:05,555 INFO Calculating features for square image
2026-07-29 18:19:05,559 INFO Computing firstorder
2026-07-29 18:19:05,565 INFO Computing glcm
2026-07-29 18:19:05,569 WARNING GLCM is symmetrical, therefore Sum Average = 2 * Joint Average, only 1 needs to be calculated
2026-07-29 18:19:05,575 INFO Calculating features for squareroot image
2026-07-29 18:19:05,579 INFO Computing firstorder
2026-07-29 18:19:05,585 INFO Computing glcm
2026-07-29 18:19:05,590 WARNING GLCM is symmetrical, therefore Sum Average = 2 * Joint Average, only 1 needs to be calculated
2026-07-29 18:19:05,598 INFO Computing Wavelet H
2026-07-29 18:19:05,598 INFO Calculating features for wavelet-H image
2026-07-29 18:19:05,602 INFO Computing firstorder
2026-07-29 18:19:05,610 INFO Computing glcm
2026-07-29 18:19:05,613 WARNING GLCM is symmetrical, therefore Sum Average = 2 * Joint Average, only 1 needs to be calculated
2026-07-29 18:19:05,613 INFO Calculating features for wavelet-L image
2026-07-29 18:19:05,617 INFO Computing firstorder
2026-07-29 18:19:05,624 INFO Computing glcm
2026-07-29 18:19:05,628 WARNING GLCM is symmetrical, therefore Sum Average = 2 * Joint Average, only 1 needs to be calculated
2026-07-29 18:19:05,656 INFO Calculating features with label: 1
2026-07-29 18:19:05,656 INFO Loading image and mask
2026-07-29 18:19:05,661 ERROR s0064
Traceback (most recent call last):
  File "C:\Users\kanishk\OneDrive\Desktop\infant\Corpus_Callosum\radiomic_feature_extraction.py", line 392, in main
    feature_row = process_subject(
                  ^^^^^^^^^^^^^^^^
  File "C:\Users\kanishk\OneDrive\Desktop\infant\Corpus_Callosum\radiomic_feature_extraction.py", line 284, in process_subject
    feature_dict = extract_features(
                   ^^^^^^^^^^^^^^^^^
  File "C:\Users\kanishk\OneDrive\Desktop\infant\Corpus_Callosum\radiomic_feature_extraction.py", line 236, in extract_features
    feature_vector = extractor.execute(
                     ^^^^^^^^^^^^^^^^^^
  File "C:\Users\kanishk\AppData\Roaming\Python\Python311\site-packages\radiomics\featureextractor.py", line 272, in execute
    image, mask = self.loadImage(imageFilepath, maskFilepath, generalInfo, **_settings)
                  ^^^^^^^^^^^^^^^^^^^^^^^^^^^^^^^^^^^^^^^^^^^^^^^^^^^^^^^^^^^^^^^^^^^^^
  File "C:\Users\kanishk\AppData\Roaming\Python\Python311\site-packages\radiomics\featureextractor.py", line 385, in loadImage
    mask = imageoperations.getMask(mask, **kwargs)
           ^^^^^^^^^^^^^^^^^^^^^^^^^^^^^^^^^^^^^^^
  File "C:\Users\kanishk\AppData\Roaming\Python\Python311\site-packages\radiomics\imageoperations.py", line 49, in getMask
    raise ValueError('No labels found in this mask (i.e. nothing is segmented)!')
ValueError: No labels found in this mask (i.e. nothing is segmented)!
2026-07-29 18:19:05,699 INFO Calculating features with label: 1
2026-07-29 18:19:05,699 INFO Loading image and mask
2026-07-29 18:19:05,704 ERROR s0065
Traceback (most recent call last):
  File "C:\Users\kanishk\OneDrive\Desktop\infant\Corpus_Callosum\radiomic_feature_extraction.py", line 392, in main
    feature_row = process_subject(
                  ^^^^^^^^^^^^^^^^
  File "C:\Users\kanishk\OneDrive\Desktop\infant\Corpus_Callosum\radiomic_feature_extraction.py", line 284, in process_subject
    feature_dict = extract_features(
                   ^^^^^^^^^^^^^^^^^
  File "C:\Users\kanishk\OneDrive\Desktop\infant\Corpus_Callosum\radiomic_feature_extraction.py", line 236, in extract_features
    feature_vector = extractor.execute(
                     ^^^^^^^^^^^^^^^^^^
  File "C:\Users\kanishk\AppData\Roaming\Python\Python311\site-packages\radiomics\featureextractor.py", line 272, in execute
    image, mask = self.loadImage(imageFilepath, maskFilepath, generalInfo, **_settings)
                  ^^^^^^^^^^^^^^^^^^^^^^^^^^^^^^^^^^^^^^^^^^^^^^^^^^^^^^^^^^^^^^^^^^^^^
  File "C:\Users\kanishk\AppData\Roaming\Python\Python311\site-packages\radiomics\featureextractor.py", line 385, in loadImage
    mask = imageoperations.getMask(mask, **kwargs)
           ^^^^^^^^^^^^^^^^^^^^^^^^^^^^^^^^^^^^^^^
  File "C:\Users\kanishk\AppData\Roaming\Python\Python311\site-packages\radiomics\imageoperations.py", line 49, in getMask
    raise ValueError('No labels found in this mask (i.e. nothing is segmented)!')
ValueError: No labels found in this mask (i.e. nothing is segmented)!
2026-07-29 18:19:05,741 INFO Calculating features with label: 1
2026-07-29 18:19:05,741 INFO Loading image and mask
2026-07-29 18:19:05,779 INFO Computing shape2D
2026-07-29 18:19:05,780 INFO Adding image type "Original" with custom settings: {}
2026-07-29 18:19:05,780 INFO Adding image type "Exponential" with custom settings: {}
2026-07-29 18:19:05,780 INFO Adding image type "Gradient" with custom settings: {}
2026-07-29 18:19:05,780 INFO Adding image type "LBP2D" with custom settings: {}
2026-07-29 18:19:05,780 INFO Adding image type "LBP3D" with custom settings: {}
2026-07-29 18:19:05,780 INFO Adding image type "LoG" with custom settings: {}
2026-07-29 18:19:05,780 INFO Adding image type "Logarithm" with custom settings: {}
2026-07-29 18:19:05,780 INFO Adding image type "Square" with custom settings: {}
2026-07-29 18:19:05,780 INFO Adding image type "SquareRoot" with custom settings: {}
2026-07-29 18:19:05,780 INFO Adding image type "Wavelet" with custom settings: {}
2026-07-29 18:19:05,780 INFO Calculating features for original image
2026-07-29 18:19:05,783 INFO Computing firstorder
2026-07-29 18:19:05,785 INFO Computing glcm
2026-07-29 18:19:05,787 WARNING GLCM is symmetrical, therefore Sum Average = 2 * Joint Average, only 1 needs to be calculated
2026-07-29 18:19:05,792 INFO Calculating features for exponential image
2026-07-29 18:19:05,795 INFO Computing firstorder
2026-07-29 18:19:05,797 INFO Computing glcm
2026-07-29 18:19:05,798 WARNING GLCM is symmetrical, therefore Sum Average = 2 * Joint Average, only 1 needs to be calculated
2026-07-29 18:19:05,800 INFO Calculating features for gradient image
2026-07-29 18:19:05,804 INFO Computing firstorder
2026-07-29 18:19:05,806 INFO Computing glcm
2026-07-29 18:19:05,807 WARNING GLCM is symmetrical, therefore Sum Average = 2 * Joint Average, only 1 needs to be calculated
2026-07-29 18:19:05,831 INFO Calculating features for lbp-2D image
2026-07-29 18:19:05,835 INFO Computing firstorder
2026-07-29 18:19:05,837 INFO Computing glcm
2026-07-29 18:19:05,838 WARNING GLCM is symmetrical, therefore Sum Average = 2 * Joint Average, only 1 needs to be calculated
2026-07-29 18:19:05,839 WARNING LBP 3D only available for 3 dimensional images, found 2 dimensions
2026-07-29 18:19:05,846 INFO Calculating features for logarithm image
2026-07-29 18:19:05,849 INFO Computing firstorder
2026-07-29 18:19:05,851 INFO Computing glcm
2026-07-29 18:19:05,853 WARNING GLCM is symmetrical, therefore Sum Average = 2 * Joint Average, only 1 needs to be calculated
2026-07-29 18:19:05,858 INFO Calculating features for square image
2026-07-29 18:19:05,862 INFO Computing firstorder
2026-07-29 18:19:05,864 INFO Computing glcm
2026-07-29 18:19:05,865 WARNING GLCM is symmetrical, therefore Sum Average = 2 * Joint Average, only 1 needs to be calculated
2026-07-29 18:19:05,872 INFO Calculating features for squareroot image
2026-07-29 18:19:05,878 INFO Computing firstorder
2026-07-29 18:19:05,882 INFO Computing glcm
2026-07-29 18:19:05,885 WARNING GLCM is symmetrical, therefore Sum Average = 2 * Joint Average, only 1 needs to be calculated
2026-07-29 18:19:05,897 INFO Computing Wavelet H
2026-07-29 18:19:05,897 INFO Calculating features for wavelet-H image
2026-07-29 18:19:05,900 INFO Computing firstorder
2026-07-29 18:19:05,904 INFO Computing glcm
2026-07-29 18:19:05,906 WARNING GLCM is symmetrical, therefore Sum Average = 2 * Joint Average, only 1 needs to be calculated
2026-07-29 18:19:05,907 INFO Calculating features for wavelet-L image
2026-07-29 18:19:05,910 INFO Computing firstorder
2026-07-29 18:19:05,913 INFO Computing glcm
2026-07-29 18:19:05,915 WARNING GLCM is symmetrical, therefore Sum Average = 2 * Joint Average, only 1 needs to be calculated
2026-07-29 18:19:05,953 INFO Calculating features with label: 1
2026-07-29 18:19:05,953 INFO Loading image and mask
2026-07-29 18:19:05,991 INFO Computing shape2D
2026-07-29 18:19:05,992 INFO Adding image type "Original" with custom settings: {}
2026-07-29 18:19:05,992 INFO Adding image type "Exponential" with custom settings: {}
2026-07-29 18:19:05,992 INFO Adding image type "Gradient" with custom settings: {}
2026-07-29 18:19:05,992 INFO Adding image type "LBP2D" with custom settings: {}
2026-07-29 18:19:05,992 INFO Adding image type "LBP3D" with custom settings: {}
2026-07-29 18:19:05,992 INFO Adding image type "LoG" with custom settings: {}
2026-07-29 18:19:05,992 INFO Adding image type "Logarithm" with custom settings: {}
2026-07-29 18:19:05,992 INFO Adding image type "Square" with custom settings: {}
2026-07-29 18:19:05,992 INFO Adding image type "SquareRoot" with custom settings: {}
2026-07-29 18:19:05,992 INFO Adding image type "Wavelet" with custom settings: {}
2026-07-29 18:19:05,992 INFO Calculating features for original image
2026-07-29 18:19:05,995 INFO Computing firstorder
2026-07-29 18:19:05,996 INFO Computing glcm
2026-07-29 18:19:05,998 WARNING GLCM is symmetrical, therefore Sum Average = 2 * Joint Average, only 1 needs to be calculated
2026-07-29 18:19:06,003 INFO Calculating features for exponential image
2026-07-29 18:19:06,006 INFO Computing firstorder
2026-07-29 18:19:06,008 INFO Computing glcm
2026-07-29 18:19:06,009 WARNING GLCM is symmetrical, therefore Sum Average = 2 * Joint Average, only 1 needs to be calculated
2026-07-29 18:19:06,012 INFO Calculating features for gradient image
2026-07-29 18:19:06,015 INFO Computing firstorder
2026-07-29 18:19:06,016 INFO Computing glcm
2026-07-29 18:19:06,018 WARNING GLCM is symmetrical, therefore Sum Average = 2 * Joint Average, only 1 needs to be calculated
2026-07-29 18:19:06,042 INFO Calculating features for lbp-2D image
2026-07-29 18:19:06,045 INFO Computing firstorder
2026-07-29 18:19:06,047 INFO Computing glcm
2026-07-29 18:19:06,048 WARNING GLCM is symmetrical, therefore Sum Average = 2 * Joint Average, only 1 needs to be calculated
2026-07-29 18:19:06,049 WARNING LBP 3D only available for 3 dimensional images, found 2 dimensions
2026-07-29 18:19:06,056 INFO Calculating features for logarithm image
2026-07-29 18:19:06,059 INFO Computing firstorder
2026-07-29 18:19:06,061 INFO Computing glcm
2026-07-29 18:19:06,063 WARNING GLCM is symmetrical, therefore Sum Average = 2 * Joint Average, only 1 needs to be calculated
2026-07-29 18:19:06,067 INFO Calculating features for square image
2026-07-29 18:19:06,071 INFO Computing firstorder
2026-07-29 18:19:06,073 INFO Computing glcm
2026-07-29 18:19:06,074 WARNING GLCM is symmetrical, therefore Sum Average = 2 * Joint Average, only 1 needs to be calculated
2026-07-29 18:19:06,080 INFO Calculating features for squareroot image
2026-07-29 18:19:06,083 INFO Computing firstorder
2026-07-29 18:19:06,085 INFO Computing glcm
2026-07-29 18:19:06,087 WARNING GLCM is symmetrical, therefore Sum Average = 2 * Joint Average, only 1 needs to be calculated
2026-07-29 18:19:06,095 INFO Computing Wavelet H
2026-07-29 18:19:06,095 INFO Calculating features for wavelet-H image
2026-07-29 18:19:06,099 INFO Computing firstorder
2026-07-29 18:19:06,101 INFO Computing glcm
2026-07-29 18:19:06,102 WARNING GLCM is symmetrical, therefore Sum Average = 2 * Joint Average, only 1 needs to be calculated
2026-07-29 18:19:06,102 INFO Calculating features for wavelet-L image
2026-07-29 18:19:06,106 INFO Computing firstorder
2026-07-29 18:19:06,108 INFO Computing glcm
2026-07-29 18:19:06,110 WARNING GLCM is symmetrical, therefore Sum Average = 2 * Joint Average, only 1 needs to be calculated
2026-07-29 18:19:06,146 INFO Calculating features with label: 1
2026-07-29 18:19:06,146 INFO Loading image and mask
2026-07-29 18:19:06,183 INFO Computing shape2D
2026-07-29 18:19:06,184 INFO Adding image type "Original" with custom settings: {}
2026-07-29 18:19:06,184 INFO Adding image type "Exponential" with custom settings: {}
2026-07-29 18:19:06,184 INFO Adding image type "Gradient" with custom settings: {}
2026-07-29 18:19:06,184 INFO Adding image type "LBP2D" with custom settings: {}
2026-07-29 18:19:06,184 INFO Adding image type "LBP3D" with custom settings: {}
2026-07-29 18:19:06,184 INFO Adding image type "LoG" with custom settings: {}
2026-07-29 18:19:06,184 INFO Adding image type "Logarithm" with custom settings: {}
2026-07-29 18:19:06,184 INFO Adding image type "Square" with custom settings: {}
2026-07-29 18:19:06,184 INFO Adding image type "SquareRoot" with custom settings: {}
2026-07-29 18:19:06,184 INFO Adding image type "Wavelet" with custom settings: {}
2026-07-29 18:19:06,184 INFO Calculating features for original image
2026-07-29 18:19:06,187 INFO Computing firstorder
2026-07-29 18:19:06,191 INFO Computing glcm
2026-07-29 18:19:06,194 WARNING GLCM is symmetrical, therefore Sum Average = 2 * Joint Average, only 1 needs to be calculated
2026-07-29 18:19:06,200 INFO Calculating features for exponential image
2026-07-29 18:19:06,203 INFO Computing firstorder
2026-07-29 18:19:06,207 INFO Computing glcm
2026-07-29 18:19:06,210 WARNING GLCM is symmetrical, therefore Sum Average = 2 * Joint Average, only 1 needs to be calculated
2026-07-29 18:19:06,212 INFO Calculating features for gradient image
2026-07-29 18:19:06,215 INFO Computing firstorder
2026-07-29 18:19:06,220 INFO Computing glcm
2026-07-29 18:19:06,223 WARNING GLCM is symmetrical, therefore Sum Average = 2 * Joint Average, only 1 needs to be calculated
2026-07-29 18:19:06,247 INFO Calculating features for lbp-2D image
2026-07-29 18:19:06,250 INFO Computing firstorder
2026-07-29 18:19:06,254 INFO Computing glcm
2026-07-29 18:19:06,257 WARNING GLCM is symmetrical, therefore Sum Average = 2 * Joint Average, only 1 needs to be calculated
2026-07-29 18:19:06,257 WARNING LBP 3D only available for 3 dimensional images, found 2 dimensions
2026-07-29 18:19:06,264 INFO Calculating features for logarithm image
2026-07-29 18:19:06,268 INFO Computing firstorder
2026-07-29 18:19:06,272 INFO Computing glcm
2026-07-29 18:19:06,276 WARNING GLCM is symmetrical, therefore Sum Average = 2 * Joint Average, only 1 needs to be calculated
2026-07-29 18:19:06,280 INFO Calculating features for square image
2026-07-29 18:19:06,284 INFO Computing firstorder
2026-07-29 18:19:06,289 INFO Computing glcm
2026-07-29 18:19:06,292 WARNING GLCM is symmetrical, therefore Sum Average = 2 * Joint Average, only 1 needs to be calculated
2026-07-29 18:19:06,297 INFO Calculating features for squareroot image
2026-07-29 18:19:06,300 INFO Computing firstorder
2026-07-29 18:19:06,306 INFO Computing glcm
2026-07-29 18:19:06,309 WARNING GLCM is symmetrical, therefore Sum Average = 2 * Joint Average, only 1 needs to be calculated
2026-07-29 18:19:06,317 INFO Computing Wavelet H
2026-07-29 18:19:06,317 INFO Calculating features for wavelet-H image
2026-07-29 18:19:06,320 INFO Computing firstorder
2026-07-29 18:19:06,325 INFO Computing glcm
2026-07-29 18:19:06,328 WARNING GLCM is symmetrical, therefore Sum Average = 2 * Joint Average, only 1 needs to be calculated
2026-07-29 18:19:06,328 INFO Calculating features for wavelet-L image
2026-07-29 18:19:06,331 INFO Computing firstorder
2026-07-29 18:19:06,336 INFO Computing glcm
2026-07-29 18:19:06,340 WARNING GLCM is symmetrical, therefore Sum Average = 2 * Joint Average, only 1 needs to be calculated
2026-07-29 18:19:06,376 INFO Calculating features with label: 1
2026-07-29 18:19:06,377 INFO Loading image and mask
2026-07-29 18:19:06,413 INFO Computing shape2D
2026-07-29 18:19:06,415 INFO Adding image type "Original" with custom settings: {}
2026-07-29 18:19:06,415 INFO Adding image type "Exponential" with custom settings: {}
2026-07-29 18:19:06,415 INFO Adding image type "Gradient" with custom settings: {}
2026-07-29 18:19:06,415 INFO Adding image type "LBP2D" with custom settings: {}
2026-07-29 18:19:06,415 INFO Adding image type "LBP3D" with custom settings: {}
2026-07-29 18:19:06,415 INFO Adding image type "LoG" with custom settings: {}
2026-07-29 18:19:06,415 INFO Adding image type "Logarithm" with custom settings: {}
2026-07-29 18:19:06,415 INFO Adding image type "Square" with custom settings: {}
2026-07-29 18:19:06,415 INFO Adding image type "SquareRoot" with custom settings: {}
2026-07-29 18:19:06,415 INFO Adding image type "Wavelet" with custom settings: {}
2026-07-29 18:19:06,415 INFO Calculating features for original image
2026-07-29 18:19:06,418 INFO Computing firstorder
2026-07-29 18:19:06,422 INFO Computing glcm
2026-07-29 18:19:06,424 WARNING GLCM is symmetrical, therefore Sum Average = 2 * Joint Average, only 1 needs to be calculated
2026-07-29 18:19:06,430 INFO Calculating features for exponential image
2026-07-29 18:19:06,433 INFO Computing firstorder
2026-07-29 18:19:06,437 INFO Computing glcm
2026-07-29 18:19:06,439 WARNING GLCM is symmetrical, therefore Sum Average = 2 * Joint Average, only 1 needs to be calculated
2026-07-29 18:19:06,443 INFO Calculating features for gradient image
2026-07-29 18:19:06,446 INFO Computing firstorder
2026-07-29 18:19:06,450 INFO Computing glcm
2026-07-29 18:19:06,452 WARNING GLCM is symmetrical, therefore Sum Average = 2 * Joint Average, only 1 needs to be calculated
2026-07-29 18:19:06,479 INFO Calculating features for lbp-2D image
2026-07-29 18:19:06,483 INFO Computing firstorder
2026-07-29 18:19:06,486 INFO Computing glcm
2026-07-29 18:19:06,488 WARNING GLCM is symmetrical, therefore Sum Average = 2 * Joint Average, only 1 needs to be calculated
2026-07-29 18:19:06,489 WARNING LBP 3D only available for 3 dimensional images, found 2 dimensions
2026-07-29 18:19:06,496 INFO Calculating features for logarithm image
2026-07-29 18:19:06,499 INFO Computing firstorder
2026-07-29 18:19:06,502 INFO Computing glcm
2026-07-29 18:19:06,505 WARNING GLCM is symmetrical, therefore Sum Average = 2 * Joint Average, only 1 needs to be calculated
2026-07-29 18:19:06,511 INFO Calculating features for square image
2026-07-29 18:19:06,514 INFO Computing firstorder
2026-07-29 18:19:06,518 INFO Computing glcm
2026-07-29 18:19:06,521 WARNING GLCM is symmetrical, therefore Sum Average = 2 * Joint Average, only 1 needs to be calculated
2026-07-29 18:19:06,526 INFO Calculating features for squareroot image
2026-07-29 18:19:06,529 INFO Computing firstorder
2026-07-29 18:19:06,533 INFO Computing glcm
2026-07-29 18:19:06,536 WARNING GLCM is symmetrical, therefore Sum Average = 2 * Joint Average, only 1 needs to be calculated
2026-07-29 18:19:06,545 INFO Computing Wavelet H
2026-07-29 18:19:06,545 INFO Calculating features for wavelet-H image
2026-07-29 18:19:06,548 INFO Computing firstorder
2026-07-29 18:19:06,552 INFO Computing glcm
2026-07-29 18:19:06,555 WARNING GLCM is symmetrical, therefore Sum Average = 2 * Joint Average, only 1 needs to be calculated
2026-07-29 18:19:06,555 INFO Calculating features for wavelet-L image
2026-07-29 18:19:06,558 INFO Computing firstorder
2026-07-29 18:19:06,562 INFO Computing glcm
2026-07-29 18:19:06,566 WARNING GLCM is symmetrical, therefore Sum Average = 2 * Joint Average, only 1 needs to be calculated
2026-07-29 18:19:06,603 INFO Calculating features with label: 1
2026-07-29 18:19:06,604 INFO Loading image and mask
2026-07-29 18:19:06,640 INFO Computing shape2D
2026-07-29 18:19:06,642 INFO Adding image type "Original" with custom settings: {}
2026-07-29 18:19:06,642 INFO Adding image type "Exponential" with custom settings: {}
2026-07-29 18:19:06,642 INFO Adding image type "Gradient" with custom settings: {}
2026-07-29 18:19:06,642 INFO Adding image type "LBP2D" with custom settings: {}
2026-07-29 18:19:06,642 INFO Adding image type "LBP3D" with custom settings: {}
2026-07-29 18:19:06,642 INFO Adding image type "LoG" with custom settings: {}
2026-07-29 18:19:06,642 INFO Adding image type "Logarithm" with custom settings: {}
2026-07-29 18:19:06,642 INFO Adding image type "Square" with custom settings: {}
2026-07-29 18:19:06,642 INFO Adding image type "SquareRoot" with custom settings: {}
2026-07-29 18:19:06,642 INFO Adding image type "Wavelet" with custom settings: {}
2026-07-29 18:19:06,642 INFO Calculating features for original image
2026-07-29 18:19:06,644 INFO Computing firstorder
2026-07-29 18:19:06,649 INFO Computing glcm
2026-07-29 18:19:06,652 WARNING GLCM is symmetrical, therefore Sum Average = 2 * Joint Average, only 1 needs to be calculated
2026-07-29 18:19:06,658 INFO Calculating features for exponential image
2026-07-29 18:19:06,661 INFO Computing firstorder
2026-07-29 18:19:06,666 INFO Computing glcm
2026-07-29 18:19:06,669 WARNING GLCM is symmetrical, therefore Sum Average = 2 * Joint Average, only 1 needs to be calculated
2026-07-29 18:19:06,672 INFO Calculating features for gradient image
2026-07-29 18:19:06,674 INFO Computing firstorder
2026-07-29 18:19:06,680 INFO Computing glcm
2026-07-29 18:19:06,683 WARNING GLCM is symmetrical, therefore Sum Average = 2 * Joint Average, only 1 needs to be calculated
2026-07-29 18:19:06,707 INFO Calculating features for lbp-2D image
2026-07-29 18:19:06,711 INFO Computing firstorder
2026-07-29 18:19:06,716 INFO Computing glcm
2026-07-29 18:19:06,718 WARNING GLCM is symmetrical, therefore Sum Average = 2 * Joint Average, only 1 needs to be calculated
2026-07-29 18:19:06,719 WARNING LBP 3D only available for 3 dimensional images, found 2 dimensions
2026-07-29 18:19:06,726 INFO Calculating features for logarithm image
2026-07-29 18:19:06,730 INFO Computing firstorder
2026-07-29 18:19:06,735 INFO Computing glcm
2026-07-29 18:19:06,739 WARNING GLCM is symmetrical, therefore Sum Average = 2 * Joint Average, only 1 needs to be calculated
2026-07-29 18:19:06,743 INFO Calculating features for square image
2026-07-29 18:19:06,747 INFO Computing firstorder
2026-07-29 18:19:06,752 INFO Computing glcm
2026-07-29 18:19:06,755 WARNING GLCM is symmetrical, therefore Sum Average = 2 * Joint Average, only 1 needs to be calculated
2026-07-29 18:19:06,762 INFO Calculating features for squareroot image
2026-07-29 18:19:06,765 INFO Computing firstorder
2026-07-29 18:19:06,770 INFO Computing glcm
2026-07-29 18:19:06,774 WARNING GLCM is symmetrical, therefore Sum Average = 2 * Joint Average, only 1 needs to be calculated
2026-07-29 18:19:06,782 INFO Computing Wavelet H
2026-07-29 18:19:06,782 INFO Calculating features for wavelet-H image
2026-07-29 18:19:06,786 INFO Computing firstorder
2026-07-29 18:19:06,791 INFO Computing glcm
2026-07-29 18:19:06,794 WARNING GLCM is symmetrical, therefore Sum Average = 2 * Joint Average, only 1 needs to be calculated
2026-07-29 18:19:06,795 INFO Calculating features for wavelet-L image
2026-07-29 18:19:06,798 INFO Computing firstorder
2026-07-29 18:19:06,805 INFO Computing glcm
2026-07-29 18:19:06,809 WARNING GLCM is symmetrical, therefore Sum Average = 2 * Joint Average, only 1 needs to be calculated
2026-07-29 18:19:06,837 INFO Calculating features with label: 1
2026-07-29 18:19:06,837 INFO Loading image and mask
2026-07-29 18:19:06,874 INFO Computing shape2D
2026-07-29 18:19:06,876 INFO Adding image type "Original" with custom settings: {}
2026-07-29 18:19:06,876 INFO Adding image type "Exponential" with custom settings: {}
2026-07-29 18:19:06,876 INFO Adding image type "Gradient" with custom settings: {}
2026-07-29 18:19:06,876 INFO Adding image type "LBP2D" with custom settings: {}
2026-07-29 18:19:06,876 INFO Adding image type "LBP3D" with custom settings: {}
2026-07-29 18:19:06,876 INFO Adding image type "LoG" with custom settings: {}
2026-07-29 18:19:06,876 INFO Adding image type "Logarithm" with custom settings: {}
2026-07-29 18:19:06,876 INFO Adding image type "Square" with custom settings: {}
2026-07-29 18:19:06,876 INFO Adding image type "SquareRoot" with custom settings: {}
2026-07-29 18:19:06,876 INFO Adding image type "Wavelet" with custom settings: {}
2026-07-29 18:19:06,876 INFO Calculating features for original image
2026-07-29 18:19:06,879 INFO Computing firstorder
2026-07-29 18:19:06,883 INFO Computing glcm
2026-07-29 18:19:06,886 WARNING GLCM is symmetrical, therefore Sum Average = 2 * Joint Average, only 1 needs to be calculated
2026-07-29 18:19:06,891 INFO Calculating features for exponential image
2026-07-29 18:19:06,894 INFO Computing firstorder
2026-07-29 18:19:06,898 INFO Computing glcm
2026-07-29 18:19:06,900 WARNING GLCM is symmetrical, therefore Sum Average = 2 * Joint Average, only 1 needs to be calculated
2026-07-29 18:19:06,903 INFO Calculating features for gradient image
2026-07-29 18:19:06,906 INFO Computing firstorder
2026-07-29 18:19:06,909 INFO Computing glcm
2026-07-29 18:19:06,912 WARNING GLCM is symmetrical, therefore Sum Average = 2 * Joint Average, only 1 needs to be calculated
2026-07-29 18:19:06,936 INFO Calculating features for lbp-2D image
2026-07-29 18:19:06,940 INFO Computing firstorder
2026-07-29 18:19:06,944 INFO Computing glcm
2026-07-29 18:19:06,946 WARNING GLCM is symmetrical, therefore Sum Average = 2 * Joint Average, only 1 needs to be calculated
2026-07-29 18:19:06,946 WARNING LBP 3D only available for 3 dimensional images, found 2 dimensions
2026-07-29 18:19:06,954 INFO Calculating features for logarithm image
2026-07-29 18:19:06,958 INFO Computing firstorder
2026-07-29 18:19:06,962 INFO Computing glcm
2026-07-29 18:19:06,965 WARNING GLCM is symmetrical, therefore Sum Average = 2 * Joint Average, only 1 needs to be calculated
2026-07-29 18:19:06,970 INFO Calculating features for square image
2026-07-29 18:19:06,974 INFO Computing firstorder
2026-07-29 18:19:06,978 INFO Computing glcm
2026-07-29 18:19:06,981 WARNING GLCM is symmetrical, therefore Sum Average = 2 * Joint Average, only 1 needs to be calculated
2026-07-29 18:19:06,988 INFO Calculating features for squareroot image
2026-07-29 18:19:06,991 INFO Computing firstorder
2026-07-29 18:19:06,996 INFO Computing glcm
2026-07-29 18:19:06,999 WARNING GLCM is symmetrical, therefore Sum Average = 2 * Joint Average, only 1 needs to be calculated
2026-07-29 18:19:07,007 INFO Computing Wavelet H
2026-07-29 18:19:07,007 INFO Calculating features for wavelet-H image
2026-07-29 18:19:07,011 INFO Computing firstorder
2026-07-29 18:19:07,015 INFO Computing glcm
2026-07-29 18:19:07,017 WARNING GLCM is symmetrical, therefore Sum Average = 2 * Joint Average, only 1 needs to be calculated
2026-07-29 18:19:07,017 INFO Calculating features for wavelet-L image
2026-07-29 18:19:07,021 INFO Computing firstorder
2026-07-29 18:19:07,025 INFO Computing glcm
2026-07-29 18:19:07,028 WARNING GLCM is symmetrical, therefore Sum Average = 2 * Joint Average, only 1 needs to be calculated
2026-07-29 18:19:07,065 INFO Calculating features with label: 1
2026-07-29 18:19:07,065 INFO Loading image and mask
2026-07-29 18:19:07,105 INFO Computing shape2D
2026-07-29 18:19:07,107 INFO Adding image type "Original" with custom settings: {}
2026-07-29 18:19:07,107 INFO Adding image type "Exponential" with custom settings: {}
2026-07-29 18:19:07,107 INFO Adding image type "Gradient" with custom settings: {}
2026-07-29 18:19:07,107 INFO Adding image type "LBP2D" with custom settings: {}
2026-07-29 18:19:07,107 INFO Adding image type "LBP3D" with custom settings: {}
2026-07-29 18:19:07,107 INFO Adding image type "LoG" with custom settings: {}
2026-07-29 18:19:07,107 INFO Adding image type "Logarithm" with custom settings: {}
2026-07-29 18:19:07,107 INFO Adding image type "Square" with custom settings: {}
2026-07-29 18:19:07,107 INFO Adding image type "SquareRoot" with custom settings: {}
2026-07-29 18:19:07,107 INFO Adding image type "Wavelet" with custom settings: {}
2026-07-29 18:19:07,107 INFO Calculating features for original image
2026-07-29 18:19:07,109 INFO Computing firstorder
2026-07-29 18:19:07,113 INFO Computing glcm
2026-07-29 18:19:07,115 WARNING GLCM is symmetrical, therefore Sum Average = 2 * Joint Average, only 1 needs to be calculated
2026-07-29 18:19:07,121 INFO Calculating features for exponential image
2026-07-29 18:19:07,124 INFO Computing firstorder
2026-07-29 18:19:07,127 INFO Computing glcm
2026-07-29 18:19:07,129 WARNING GLCM is symmetrical, therefore Sum Average = 2 * Joint Average, only 1 needs to be calculated
2026-07-29 18:19:07,132 INFO Calculating features for gradient image
2026-07-29 18:19:07,135 INFO Computing firstorder
2026-07-29 18:19:07,139 INFO Computing glcm
2026-07-29 18:19:07,141 WARNING GLCM is symmetrical, therefore Sum Average = 2 * Joint Average, only 1 needs to be calculated
2026-07-29 18:19:07,165 INFO Calculating features for lbp-2D image
2026-07-29 18:19:07,169 INFO Computing firstorder
2026-07-29 18:19:07,172 INFO Computing glcm
2026-07-29 18:19:07,174 WARNING GLCM is symmetrical, therefore Sum Average = 2 * Joint Average, only 1 needs to be calculated
2026-07-29 18:19:07,175 WARNING LBP 3D only available for 3 dimensional images, found 2 dimensions
2026-07-29 18:19:07,182 INFO Calculating features for logarithm image
2026-07-29 18:19:07,186 INFO Computing firstorder
2026-07-29 18:19:07,190 INFO Computing glcm
2026-07-29 18:19:07,192 WARNING GLCM is symmetrical, therefore Sum Average = 2 * Joint Average, only 1 needs to be calculated
2026-07-29 18:19:07,198 INFO Calculating features for square image
2026-07-29 18:19:07,201 INFO Computing firstorder
2026-07-29 18:19:07,204 INFO Computing glcm
2026-07-29 18:19:07,207 WARNING GLCM is symmetrical, therefore Sum Average = 2 * Joint Average, only 1 needs to be calculated
2026-07-29 18:19:07,213 INFO Calculating features for squareroot image
2026-07-29 18:19:07,217 INFO Computing firstorder
2026-07-29 18:19:07,220 INFO Computing glcm
2026-07-29 18:19:07,223 WARNING GLCM is symmetrical, therefore Sum Average = 2 * Joint Average, only 1 needs to be calculated
2026-07-29 18:19:07,230 INFO Computing Wavelet H
2026-07-29 18:19:07,230 INFO Calculating features for wavelet-H image
2026-07-29 18:19:07,234 INFO Computing firstorder
2026-07-29 18:19:07,238 INFO Computing glcm
2026-07-29 18:19:07,240 WARNING GLCM is symmetrical, therefore Sum Average = 2 * Joint Average, only 1 needs to be calculated
2026-07-29 18:19:07,240 INFO Calculating features for wavelet-L image
2026-07-29 18:19:07,243 INFO Computing firstorder
2026-07-29 18:19:07,247 INFO Computing glcm
2026-07-29 18:19:07,250 WARNING GLCM is symmetrical, therefore Sum Average = 2 * Joint Average, only 1 needs to be calculated
2026-07-29 18:19:07,281 INFO Calculating features with label: 1
2026-07-29 18:19:07,281 INFO Loading image and mask
2026-07-29 18:19:07,285 ERROR s0073
Traceback (most recent call last):
  File "C:\Users\kanishk\OneDrive\Desktop\infant\Corpus_Callosum\radiomic_feature_extraction.py", line 392, in main
    feature_row = process_subject(
                  ^^^^^^^^^^^^^^^^
  File "C:\Users\kanishk\OneDrive\Desktop\infant\Corpus_Callosum\radiomic_feature_extraction.py", line 284, in process_subject
    feature_dict = extract_features(
                   ^^^^^^^^^^^^^^^^^
  File "C:\Users\kanishk\OneDrive\Desktop\infant\Corpus_Callosum\radiomic_feature_extraction.py", line 236, in extract_features
    feature_vector = extractor.execute(
                     ^^^^^^^^^^^^^^^^^^
  File "C:\Users\kanishk\AppData\Roaming\Python\Python311\site-packages\radiomics\featureextractor.py", line 272, in execute
    image, mask = self.loadImage(imageFilepath, maskFilepath, generalInfo, **_settings)
                  ^^^^^^^^^^^^^^^^^^^^^^^^^^^^^^^^^^^^^^^^^^^^^^^^^^^^^^^^^^^^^^^^^^^^^
  File "C:\Users\kanishk\AppData\Roaming\Python\Python311\site-packages\radiomics\featureextractor.py", line 385, in loadImage
    mask = imageoperations.getMask(mask, **kwargs)
           ^^^^^^^^^^^^^^^^^^^^^^^^^^^^^^^^^^^^^^^
  File "C:\Users\kanishk\AppData\Roaming\Python\Python311\site-packages\radiomics\imageoperations.py", line 49, in getMask
    raise ValueError('No labels found in this mask (i.e. nothing is segmented)!')
ValueError: No labels found in this mask (i.e. nothing is segmented)!
2026-07-29 18:19:07,304 INFO Calculating features with label: 1
2026-07-29 18:19:07,304 INFO Loading image and mask
2026-07-29 18:19:07,343 INFO Computing shape2D
2026-07-29 18:19:07,345 INFO Adding image type "Original" with custom settings: {}
2026-07-29 18:19:07,345 INFO Adding image type "Exponential" with custom settings: {}
2026-07-29 18:19:07,345 INFO Adding image type "Gradient" with custom settings: {}
2026-07-29 18:19:07,345 INFO Adding image type "LBP2D" with custom settings: {}
2026-07-29 18:19:07,345 INFO Adding image type "LBP3D" with custom settings: {}
2026-07-29 18:19:07,345 INFO Adding image type "LoG" with custom settings: {}
2026-07-29 18:19:07,345 INFO Adding image type "Logarithm" with custom settings: {}
2026-07-29 18:19:07,345 INFO Adding image type "Square" with custom settings: {}
2026-07-29 18:19:07,345 INFO Adding image type "SquareRoot" with custom settings: {}
2026-07-29 18:19:07,345 INFO Adding image type "Wavelet" with custom settings: {}
2026-07-29 18:19:07,345 INFO Calculating features for original image
2026-07-29 18:19:07,348 INFO Computing firstorder
2026-07-29 18:19:07,350 INFO Computing glcm
2026-07-29 18:19:07,353 WARNING GLCM is symmetrical, therefore Sum Average = 2 * Joint Average, only 1 needs to be calculated
2026-07-29 18:19:07,358 INFO Calculating features for exponential image
2026-07-29 18:19:07,361 INFO Computing firstorder
2026-07-29 18:19:07,364 INFO Computing glcm
2026-07-29 18:19:07,366 WARNING GLCM is symmetrical, therefore Sum Average = 2 * Joint Average, only 1 needs to be calculated
2026-07-29 18:19:07,369 INFO Calculating features for gradient image
2026-07-29 18:19:07,372 INFO Computing firstorder
2026-07-29 18:19:07,375 INFO Computing glcm
2026-07-29 18:19:07,377 WARNING GLCM is symmetrical, therefore Sum Average = 2 * Joint Average, only 1 needs to be calculated
2026-07-29 18:19:07,400 INFO Calculating features for lbp-2D image
2026-07-29 18:19:07,404 INFO Computing firstorder
2026-07-29 18:19:07,407 INFO Computing glcm
2026-07-29 18:19:07,408 WARNING GLCM is symmetrical, therefore Sum Average = 2 * Joint Average, only 1 needs to be calculated
2026-07-29 18:19:07,409 WARNING LBP 3D only available for 3 dimensional images, found 2 dimensions
2026-07-29 18:19:07,417 INFO Calculating features for logarithm image
2026-07-29 18:19:07,420 INFO Computing firstorder
2026-07-29 18:19:07,423 INFO Computing glcm
2026-07-29 18:19:07,425 WARNING GLCM is symmetrical, therefore Sum Average = 2 * Joint Average, only 1 needs to be calculated
2026-07-29 18:19:07,430 INFO Calculating features for square image
2026-07-29 18:19:07,434 INFO Computing firstorder
2026-07-29 18:19:07,437 INFO Computing glcm
2026-07-29 18:19:07,439 WARNING GLCM is symmetrical, therefore Sum Average = 2 * Joint Average, only 1 needs to be calculated
2026-07-29 18:19:07,445 INFO Calculating features for squareroot image
2026-07-29 18:19:07,448 INFO Computing firstorder
2026-07-29 18:19:07,451 INFO Computing glcm
2026-07-29 18:19:07,453 WARNING GLCM is symmetrical, therefore Sum Average = 2 * Joint Average, only 1 needs to be calculated
2026-07-29 18:19:07,461 INFO Computing Wavelet H
2026-07-29 18:19:07,461 INFO Calculating features for wavelet-H image
2026-07-29 18:19:07,464 INFO Computing firstorder
2026-07-29 18:19:07,467 INFO Computing glcm
2026-07-29 18:19:07,469 WARNING GLCM is symmetrical, therefore Sum Average = 2 * Joint Average, only 1 needs to be calculated
2026-07-29 18:19:07,469 INFO Calculating features for wavelet-L image
2026-07-29 18:19:07,474 INFO Computing firstorder
2026-07-29 18:19:07,477 INFO Computing glcm
2026-07-29 18:19:07,479 WARNING GLCM is symmetrical, therefore Sum Average = 2 * Joint Average, only 1 needs to be calculated
2026-07-29 18:19:07,498 INFO Calculating features with label: 1
2026-07-29 18:19:07,498 INFO Loading image and mask
2026-07-29 18:19:07,536 INFO Computing shape2D
2026-07-29 18:19:07,539 INFO Adding image type "Original" with custom settings: {}
2026-07-29 18:19:07,539 INFO Adding image type "Exponential" with custom settings: {}
2026-07-29 18:19:07,539 INFO Adding image type "Gradient" with custom settings: {}
2026-07-29 18:19:07,539 INFO Adding image type "LBP2D" with custom settings: {}
2026-07-29 18:19:07,539 INFO Adding image type "LBP3D" with custom settings: {}
2026-07-29 18:19:07,539 INFO Adding image type "LoG" with custom settings: {}
2026-07-29 18:19:07,539 INFO Adding image type "Logarithm" with custom settings: {}
2026-07-29 18:19:07,539 INFO Adding image type "Square" with custom settings: {}
2026-07-29 18:19:07,539 INFO Adding image type "SquareRoot" with custom settings: {}
2026-07-29 18:19:07,539 INFO Adding image type "Wavelet" with custom settings: {}
2026-07-29 18:19:07,539 INFO Calculating features for original image
2026-07-29 18:19:07,542 INFO Computing firstorder
2026-07-29 18:19:07,548 INFO Computing glcm
2026-07-29 18:19:07,552 WARNING GLCM is symmetrical, therefore Sum Average = 2 * Joint Average, only 1 needs to be calculated
2026-07-29 18:19:07,557 INFO Calculating features for exponential image
2026-07-29 18:19:07,561 INFO Computing firstorder
2026-07-29 18:19:07,567 INFO Computing glcm
2026-07-29 18:19:07,570 WARNING GLCM is symmetrical, therefore Sum Average = 2 * Joint Average, only 1 needs to be calculated
2026-07-29 18:19:07,573 INFO Calculating features for gradient image
2026-07-29 18:19:07,576 INFO Computing firstorder
2026-07-29 18:19:07,581 INFO Computing glcm
2026-07-29 18:19:07,585 WARNING GLCM is symmetrical, therefore Sum Average = 2 * Joint Average, only 1 needs to be calculated
2026-07-29 18:19:07,609 INFO Calculating features for lbp-2D image
2026-07-29 18:19:07,613 INFO Computing firstorder
2026-07-29 18:19:07,619 INFO Computing glcm
2026-07-29 18:19:07,622 WARNING GLCM is symmetrical, therefore Sum Average = 2 * Joint Average, only 1 needs to be calculated
2026-07-29 18:19:07,623 WARNING LBP 3D only available for 3 dimensional images, found 2 dimensions
2026-07-29 18:19:07,631 INFO Calculating features for logarithm image
2026-07-29 18:19:07,635 INFO Computing firstorder
2026-07-29 18:19:07,641 INFO Computing glcm
2026-07-29 18:19:07,645 WARNING GLCM is symmetrical, therefore Sum Average = 2 * Joint Average, only 1 needs to be calculated
2026-07-29 18:19:07,650 INFO Calculating features for square image
2026-07-29 18:19:07,655 INFO Computing firstorder
2026-07-29 18:19:07,661 INFO Computing glcm
2026-07-29 18:19:07,664 WARNING GLCM is symmetrical, therefore Sum Average = 2 * Joint Average, only 1 needs to be calculated
2026-07-29 18:19:07,671 INFO Calculating features for squareroot image
2026-07-29 18:19:07,674 INFO Computing firstorder
2026-07-29 18:19:07,680 INFO Computing glcm
2026-07-29 18:19:07,684 WARNING GLCM is symmetrical, therefore Sum Average = 2 * Joint Average, only 1 needs to be calculated
2026-07-29 18:19:07,692 INFO Computing Wavelet H
2026-07-29 18:19:07,692 INFO Calculating features for wavelet-H image
2026-07-29 18:19:07,696 INFO Computing firstorder
2026-07-29 18:19:07,703 INFO Computing glcm
2026-07-29 18:19:07,706 WARNING GLCM is symmetrical, therefore Sum Average = 2 * Joint Average, only 1 needs to be calculated
2026-07-29 18:19:07,707 INFO Calculating features for wavelet-L image
2026-07-29 18:19:07,710 INFO Computing firstorder
2026-07-29 18:19:07,716 INFO Computing glcm
2026-07-29 18:19:07,721 WARNING GLCM is symmetrical, therefore Sum Average = 2 * Joint Average, only 1 needs to be calculated
2026-07-29 18:19:07,759 INFO Calculating features with label: 1
2026-07-29 18:19:07,759 INFO Loading image and mask
2026-07-29 18:19:07,797 INFO Computing shape2D
2026-07-29 18:19:07,800 INFO Adding image type "Original" with custom settings: {}
2026-07-29 18:19:07,800 INFO Adding image type "Exponential" with custom settings: {}
2026-07-29 18:19:07,800 INFO Adding image type "Gradient" with custom settings: {}
2026-07-29 18:19:07,800 INFO Adding image type "LBP2D" with custom settings: {}
2026-07-29 18:19:07,800 INFO Adding image type "LBP3D" with custom settings: {}
2026-07-29 18:19:07,800 INFO Adding image type "LoG" with custom settings: {}
2026-07-29 18:19:07,800 INFO Adding image type "Logarithm" with custom settings: {}
2026-07-29 18:19:07,800 INFO Adding image type "Square" with custom settings: {}
2026-07-29 18:19:07,800 INFO Adding image type "SquareRoot" with custom settings: {}
2026-07-29 18:19:07,800 INFO Adding image type "Wavelet" with custom settings: {}
2026-07-29 18:19:07,800 INFO Calculating features for original image
2026-07-29 18:19:07,803 INFO Computing firstorder
2026-07-29 18:19:07,808 INFO Computing glcm
2026-07-29 18:19:07,811 WARNING GLCM is symmetrical, therefore Sum Average = 2 * Joint Average, only 1 needs to be calculated
2026-07-29 18:19:07,817 INFO Calculating features for exponential image
2026-07-29 18:19:07,821 INFO Computing firstorder
2026-07-29 18:19:07,826 INFO Computing glcm
2026-07-29 18:19:07,829 WARNING GLCM is symmetrical, therefore Sum Average = 2 * Joint Average, only 1 needs to be calculated
2026-07-29 18:19:07,832 INFO Calculating features for gradient image
2026-07-29 18:19:07,836 INFO Computing firstorder
2026-07-29 18:19:07,842 INFO Computing glcm
2026-07-29 18:19:07,845 WARNING GLCM is symmetrical, therefore Sum Average = 2 * Joint Average, only 1 needs to be calculated
2026-07-29 18:19:07,870 INFO Calculating features for lbp-2D image
2026-07-29 18:19:07,874 INFO Computing firstorder
2026-07-29 18:19:07,879 INFO Computing glcm
2026-07-29 18:19:07,882 WARNING GLCM is symmetrical, therefore Sum Average = 2 * Joint Average, only 1 needs to be calculated
2026-07-29 18:19:07,882 WARNING LBP 3D only available for 3 dimensional images, found 2 dimensions
2026-07-29 18:19:07,891 INFO Calculating features for logarithm image
2026-07-29 18:19:07,895 INFO Computing firstorder
2026-07-29 18:19:07,901 INFO Computing glcm
2026-07-29 18:19:07,905 WARNING GLCM is symmetrical, therefore Sum Average = 2 * Joint Average, only 1 needs to be calculated
2026-07-29 18:19:07,909 INFO Calculating features for square image
2026-07-29 18:19:07,913 INFO Computing firstorder
2026-07-29 18:19:07,919 INFO Computing glcm
2026-07-29 18:19:07,922 WARNING GLCM is symmetrical, therefore Sum Average = 2 * Joint Average, only 1 needs to be calculated
2026-07-29 18:19:07,928 INFO Calculating features for squareroot image
2026-07-29 18:19:07,931 INFO Computing firstorder
2026-07-29 18:19:07,937 INFO Computing glcm
2026-07-29 18:19:07,941 WARNING GLCM is symmetrical, therefore Sum Average = 2 * Joint Average, only 1 needs to be calculated
2026-07-29 18:19:07,949 INFO Computing Wavelet H
2026-07-29 18:19:07,949 INFO Calculating features for wavelet-H image
2026-07-29 18:19:07,953 INFO Computing firstorder
2026-07-29 18:19:07,959 INFO Computing glcm
2026-07-29 18:19:07,962 WARNING GLCM is symmetrical, therefore Sum Average = 2 * Joint Average, only 1 needs to be calculated
2026-07-29 18:19:07,963 INFO Calculating features for wavelet-L image
2026-07-29 18:19:07,967 INFO Computing firstorder
2026-07-29 18:19:07,973 INFO Computing glcm
2026-07-29 18:19:07,977 WARNING GLCM is symmetrical, therefore Sum Average = 2 * Joint Average, only 1 needs to be calculated
2026-07-29 18:19:08,015 INFO Calculating features with label: 1
2026-07-29 18:19:08,015 INFO Loading image and mask
2026-07-29 18:19:08,054 INFO Computing shape2D
2026-07-29 18:19:08,057 INFO Adding image type "Original" with custom settings: {}
2026-07-29 18:19:08,057 INFO Adding image type "Exponential" with custom settings: {}
2026-07-29 18:19:08,057 INFO Adding image type "Gradient" with custom settings: {}
2026-07-29 18:19:08,057 INFO Adding image type "LBP2D" with custom settings: {}
2026-07-29 18:19:08,057 INFO Adding image type "LBP3D" with custom settings: {}
2026-07-29 18:19:08,057 INFO Adding image type "LoG" with custom settings: {}
2026-07-29 18:19:08,057 INFO Adding image type "Logarithm" with custom settings: {}
2026-07-29 18:19:08,057 INFO Adding image type "Square" with custom settings: {}
2026-07-29 18:19:08,057 INFO Adding image type "SquareRoot" with custom settings: {}
2026-07-29 18:19:08,057 INFO Adding image type "Wavelet" with custom settings: {}
2026-07-29 18:19:08,057 INFO Calculating features for original image
2026-07-29 18:19:08,059 INFO Computing firstorder
2026-07-29 18:19:08,066 INFO Computing glcm
2026-07-29 18:19:08,069 WARNING GLCM is symmetrical, therefore Sum Average = 2 * Joint Average, only 1 needs to be calculated
2026-07-29 18:19:08,074 INFO Calculating features for exponential image
2026-07-29 18:19:08,078 INFO Computing firstorder
2026-07-29 18:19:08,083 INFO Computing glcm
2026-07-29 18:19:08,086 WARNING GLCM is symmetrical, therefore Sum Average = 2 * Joint Average, only 1 needs to be calculated
2026-07-29 18:19:08,089 INFO Calculating features for gradient image
2026-07-29 18:19:08,092 INFO Computing firstorder
2026-07-29 18:19:08,098 INFO Computing glcm
2026-07-29 18:19:08,101 WARNING GLCM is symmetrical, therefore Sum Average = 2 * Joint Average, only 1 needs to be calculated
2026-07-29 18:19:08,125 INFO Calculating features for lbp-2D image
2026-07-29 18:19:08,129 INFO Computing firstorder
2026-07-29 18:19:08,135 INFO Computing glcm
2026-07-29 18:19:08,138 WARNING GLCM is symmetrical, therefore Sum Average = 2 * Joint Average, only 1 needs to be calculated
2026-07-29 18:19:08,139 WARNING LBP 3D only available for 3 dimensional images, found 2 dimensions
2026-07-29 18:19:08,146 INFO Calculating features for logarithm image
2026-07-29 18:19:08,150 INFO Computing firstorder
2026-07-29 18:19:08,156 INFO Computing glcm
2026-07-29 18:19:08,160 WARNING GLCM is symmetrical, therefore Sum Average = 2 * Joint Average, only 1 needs to be calculated
2026-07-29 18:19:08,165 INFO Calculating features for square image
2026-07-29 18:19:08,168 INFO Computing firstorder
2026-07-29 18:19:08,175 INFO Computing glcm
2026-07-29 18:19:08,178 WARNING GLCM is symmetrical, therefore Sum Average = 2 * Joint Average, only 1 needs to be calculated
2026-07-29 18:19:08,183 INFO Calculating features for squareroot image
2026-07-29 18:19:08,188 INFO Computing firstorder
2026-07-29 18:19:08,195 INFO Computing glcm
2026-07-29 18:19:08,201 WARNING GLCM is symmetrical, therefore Sum Average = 2 * Joint Average, only 1 needs to be calculated
2026-07-29 18:19:08,214 INFO Computing Wavelet H
2026-07-29 18:19:08,215 INFO Calculating features for wavelet-H image
2026-07-29 18:19:08,219 INFO Computing firstorder
2026-07-29 18:19:08,227 INFO Computing glcm
2026-07-29 18:19:08,230 WARNING GLCM is symmetrical, therefore Sum Average = 2 * Joint Average, only 1 needs to be calculated
2026-07-29 18:19:08,230 INFO Calculating features for wavelet-L image
2026-07-29 18:19:08,234 INFO Computing firstorder
2026-07-29 18:19:08,240 INFO Computing glcm
2026-07-29 18:19:08,244 WARNING GLCM is symmetrical, therefore Sum Average = 2 * Joint Average, only 1 needs to be calculated
2026-07-29 18:19:08,262 INFO Calculating features with label: 1
2026-07-29 18:19:08,262 INFO Loading image and mask
2026-07-29 18:19:08,299 INFO Computing shape2D
2026-07-29 18:19:08,302 INFO Adding image type "Original" with custom settings: {}
2026-07-29 18:19:08,302 INFO Adding image type "Exponential" with custom settings: {}
2026-07-29 18:19:08,302 INFO Adding image type "Gradient" with custom settings: {}
2026-07-29 18:19:08,302 INFO Adding image type "LBP2D" with custom settings: {}
2026-07-29 18:19:08,302 INFO Adding image type "LBP3D" with custom settings: {}
2026-07-29 18:19:08,302 INFO Adding image type "LoG" with custom settings: {}
2026-07-29 18:19:08,302 INFO Adding image type "Logarithm" with custom settings: {}
2026-07-29 18:19:08,302 INFO Adding image type "Square" with custom settings: {}
2026-07-29 18:19:08,302 INFO Adding image type "SquareRoot" with custom settings: {}
2026-07-29 18:19:08,302 INFO Adding image type "Wavelet" with custom settings: {}
2026-07-29 18:19:08,302 INFO Calculating features for original image
2026-07-29 18:19:08,306 INFO Computing firstorder
2026-07-29 18:19:08,312 INFO Computing glcm
2026-07-29 18:19:08,316 WARNING GLCM is symmetrical, therefore Sum Average = 2 * Joint Average, only 1 needs to be calculated
2026-07-29 18:19:08,321 INFO Calculating features for exponential image
2026-07-29 18:19:08,324 INFO Computing firstorder
2026-07-29 18:19:08,330 INFO Computing glcm
2026-07-29 18:19:08,334 WARNING GLCM is symmetrical, therefore Sum Average = 2 * Joint Average, only 1 needs to be calculated
2026-07-29 18:19:08,336 INFO Calculating features for gradient image
2026-07-29 18:19:08,340 INFO Computing firstorder
2026-07-29 18:19:08,346 INFO Computing glcm
2026-07-29 18:19:08,350 WARNING GLCM is symmetrical, therefore Sum Average = 2 * Joint Average, only 1 needs to be calculated
2026-07-29 18:19:08,374 INFO Calculating features for lbp-2D image
2026-07-29 18:19:08,378 INFO Computing firstorder
2026-07-29 18:19:08,384 INFO Computing glcm
2026-07-29 18:19:08,387 WARNING GLCM is symmetrical, therefore Sum Average = 2 * Joint Average, only 1 needs to be calculated
2026-07-29 18:19:08,388 WARNING LBP 3D only available for 3 dimensional images, found 2 dimensions
2026-07-29 18:19:08,396 INFO Calculating features for logarithm image
2026-07-29 18:19:08,400 INFO Computing firstorder
2026-07-29 18:19:08,406 INFO Computing glcm
2026-07-29 18:19:08,410 WARNING GLCM is symmetrical, therefore Sum Average = 2 * Joint Average, only 1 needs to be calculated
2026-07-29 18:19:08,415 INFO Calculating features for square image
2026-07-29 18:19:08,419 INFO Computing firstorder
2026-07-29 18:19:08,426 INFO Computing glcm
2026-07-29 18:19:08,430 WARNING GLCM is symmetrical, therefore Sum Average = 2 * Joint Average, only 1 needs to be calculated
2026-07-29 18:19:08,436 INFO Calculating features for squareroot image
2026-07-29 18:19:08,441 INFO Computing firstorder
2026-07-29 18:19:08,447 INFO Computing glcm
2026-07-29 18:19:08,451 WARNING GLCM is symmetrical, therefore Sum Average = 2 * Joint Average, only 1 needs to be calculated
2026-07-29 18:19:08,460 INFO Computing Wavelet H
2026-07-29 18:19:08,460 INFO Calculating features for wavelet-H image
2026-07-29 18:19:08,464 INFO Computing firstorder
2026-07-29 18:19:08,472 INFO Computing glcm
2026-07-29 18:19:08,475 WARNING GLCM is symmetrical, therefore Sum Average = 2 * Joint Average, only 1 needs to be calculated
2026-07-29 18:19:08,476 INFO Calculating features for wavelet-L image
2026-07-29 18:19:08,480 INFO Computing firstorder
2026-07-29 18:19:08,486 INFO Computing glcm
2026-07-29 18:19:08,491 WARNING GLCM is symmetrical, therefore Sum Average = 2 * Joint Average, only 1 needs to be calculated
2026-07-29 18:19:08,528 INFO Calculating features with label: 1
2026-07-29 18:19:08,528 INFO Loading image and mask
2026-07-29 18:19:08,533 ERROR s0079
Traceback (most recent call last):
  File "C:\Users\kanishk\OneDrive\Desktop\infant\Corpus_Callosum\radiomic_feature_extraction.py", line 392, in main
    feature_row = process_subject(
                  ^^^^^^^^^^^^^^^^
  File "C:\Users\kanishk\OneDrive\Desktop\infant\Corpus_Callosum\radiomic_feature_extraction.py", line 284, in process_subject
    feature_dict = extract_features(
                   ^^^^^^^^^^^^^^^^^
  File "C:\Users\kanishk\OneDrive\Desktop\infant\Corpus_Callosum\radiomic_feature_extraction.py", line 236, in extract_features
    feature_vector = extractor.execute(
                     ^^^^^^^^^^^^^^^^^^
  File "C:\Users\kanishk\AppData\Roaming\Python\Python311\site-packages\radiomics\featureextractor.py", line 272, in execute
    image, mask = self.loadImage(imageFilepath, maskFilepath, generalInfo, **_settings)
                  ^^^^^^^^^^^^^^^^^^^^^^^^^^^^^^^^^^^^^^^^^^^^^^^^^^^^^^^^^^^^^^^^^^^^^
  File "C:\Users\kanishk\AppData\Roaming\Python\Python311\site-packages\radiomics\featureextractor.py", line 385, in loadImage
    mask = imageoperations.getMask(mask, **kwargs)
           ^^^^^^^^^^^^^^^^^^^^^^^^^^^^^^^^^^^^^^^
  File "C:\Users\kanishk\AppData\Roaming\Python\Python311\site-packages\radiomics\imageoperations.py", line 49, in getMask
    raise ValueError('No labels found in this mask (i.e. nothing is segmented)!')
ValueError: No labels found in this mask (i.e. nothing is segmented)!
2026-07-29 18:19:08,568 INFO Calculating features with label: 1
2026-07-29 18:19:08,569 INFO Loading image and mask
2026-07-29 18:19:08,609 INFO Computing shape2D
2026-07-29 18:19:08,611 INFO Adding image type "Original" with custom settings: {}
2026-07-29 18:19:08,611 INFO Adding image type "Exponential" with custom settings: {}
2026-07-29 18:19:08,611 INFO Adding image type "Gradient" with custom settings: {}
2026-07-29 18:19:08,611 INFO Adding image type "LBP2D" with custom settings: {}
2026-07-29 18:19:08,611 INFO Adding image type "LBP3D" with custom settings: {}
2026-07-29 18:19:08,611 INFO Adding image type "LoG" with custom settings: {}
2026-07-29 18:19:08,611 INFO Adding image type "Logarithm" with custom settings: {}
2026-07-29 18:19:08,611 INFO Adding image type "Square" with custom settings: {}
2026-07-29 18:19:08,611 INFO Adding image type "SquareRoot" with custom settings: {}
2026-07-29 18:19:08,611 INFO Adding image type "Wavelet" with custom settings: {}
2026-07-29 18:19:08,611 INFO Calculating features for original image
2026-07-29 18:19:08,614 INFO Computing firstorder
2026-07-29 18:19:08,619 INFO Computing glcm
2026-07-29 18:19:08,623 WARNING GLCM is symmetrical, therefore Sum Average = 2 * Joint Average, only 1 needs to be calculated
2026-07-29 18:19:08,628 INFO Calculating features for exponential image
2026-07-29 18:19:08,633 INFO Computing firstorder
2026-07-29 18:19:08,638 INFO Computing glcm
2026-07-29 18:19:08,641 WARNING GLCM is symmetrical, therefore Sum Average = 2 * Joint Average, only 1 needs to be calculated
2026-07-29 18:19:08,644 INFO Calculating features for gradient image
2026-07-29 18:19:08,647 INFO Computing firstorder
2026-07-29 18:19:08,652 INFO Computing glcm
2026-07-29 18:19:08,655 WARNING GLCM is symmetrical, therefore Sum Average = 2 * Joint Average, only 1 needs to be calculated
2026-07-29 18:19:08,679 INFO Calculating features for lbp-2D image
2026-07-29 18:19:08,683 INFO Computing firstorder
2026-07-29 18:19:08,688 INFO Computing glcm
2026-07-29 18:19:08,691 WARNING GLCM is symmetrical, therefore Sum Average = 2 * Joint Average, only 1 needs to be calculated
2026-07-29 18:19:08,692 WARNING LBP 3D only available for 3 dimensional images, found 2 dimensions
2026-07-29 18:19:08,699 INFO Calculating features for logarithm image
2026-07-29 18:19:08,703 INFO Computing firstorder
2026-07-29 18:19:08,709 INFO Computing glcm
2026-07-29 18:19:08,712 WARNING GLCM is symmetrical, therefore Sum Average = 2 * Joint Average, only 1 needs to be calculated
2026-07-29 18:19:08,717 INFO Calculating features for square image
2026-07-29 18:19:08,721 INFO Computing firstorder
2026-07-29 18:19:08,726 INFO Computing glcm
2026-07-29 18:19:08,730 WARNING GLCM is symmetrical, therefore Sum Average = 2 * Joint Average, only 1 needs to be calculated
2026-07-29 18:19:08,735 INFO Calculating features for squareroot image
2026-07-29 18:19:08,740 INFO Computing firstorder
2026-07-29 18:19:08,746 INFO Computing glcm
2026-07-29 18:19:08,749 WARNING GLCM is symmetrical, therefore Sum Average = 2 * Joint Average, only 1 needs to be calculated
2026-07-29 18:19:08,757 INFO Computing Wavelet H
2026-07-29 18:19:08,758 INFO Calculating features for wavelet-H image
2026-07-29 18:19:08,762 INFO Computing firstorder
2026-07-29 18:19:08,768 INFO Computing glcm
2026-07-29 18:19:08,771 WARNING GLCM is symmetrical, therefore Sum Average = 2 * Joint Average, only 1 needs to be calculated
2026-07-29 18:19:08,771 INFO Calculating features for wavelet-L image
2026-07-29 18:19:08,775 INFO Computing firstorder
2026-07-29 18:19:08,780 INFO Computing glcm
2026-07-29 18:19:08,784 WARNING GLCM is symmetrical, therefore Sum Average = 2 * Joint Average, only 1 needs to be calculated
2026-07-29 18:19:08,823 INFO Calculating features with label: 1
2026-07-29 18:19:08,823 INFO Loading image and mask
2026-07-29 18:19:08,861 INFO Computing shape2D
2026-07-29 18:19:08,861 INFO Adding image type "Original" with custom settings: {}
2026-07-29 18:19:08,862 INFO Adding image type "Exponential" with custom settings: {}
2026-07-29 18:19:08,862 INFO Adding image type "Gradient" with custom settings: {}
2026-07-29 18:19:08,862 INFO Adding image type "LBP2D" with custom settings: {}
2026-07-29 18:19:08,862 INFO Adding image type "LBP3D" with custom settings: {}
2026-07-29 18:19:08,862 INFO Adding image type "LoG" with custom settings: {}
2026-07-29 18:19:08,862 INFO Adding image type "Logarithm" with custom settings: {}
2026-07-29 18:19:08,862 INFO Adding image type "Square" with custom settings: {}
2026-07-29 18:19:08,862 INFO Adding image type "SquareRoot" with custom settings: {}
2026-07-29 18:19:08,862 INFO Adding image type "Wavelet" with custom settings: {}
2026-07-29 18:19:08,862 INFO Calculating features for original image
2026-07-29 18:19:08,864 INFO Computing firstorder
2026-07-29 18:19:08,867 INFO Computing glcm
2026-07-29 18:19:08,868 WARNING GLCM is symmetrical, therefore Sum Average = 2 * Joint Average, only 1 needs to be calculated
2026-07-29 18:19:08,873 INFO Calculating features for exponential image
2026-07-29 18:19:08,876 INFO Computing firstorder
2026-07-29 18:19:08,878 INFO Computing glcm
2026-07-29 18:19:08,879 WARNING GLCM is symmetrical, therefore Sum Average = 2 * Joint Average, only 1 needs to be calculated
2026-07-29 18:19:08,882 INFO Calculating features for gradient image
2026-07-29 18:19:08,885 INFO Computing firstorder
2026-07-29 18:19:08,886 INFO Computing glcm
2026-07-29 18:19:08,887 WARNING GLCM is symmetrical, therefore Sum Average = 2 * Joint Average, only 1 needs to be calculated
2026-07-29 18:19:08,911 INFO Calculating features for lbp-2D image
2026-07-29 18:19:08,914 INFO Computing firstorder
2026-07-29 18:19:08,916 INFO Computing glcm
2026-07-29 18:19:08,917 WARNING GLCM is symmetrical, therefore Sum Average = 2 * Joint Average, only 1 needs to be calculated
2026-07-29 18:19:08,917 WARNING LBP 3D only available for 3 dimensional images, found 2 dimensions
2026-07-29 18:19:08,925 INFO Calculating features for logarithm image
2026-07-29 18:19:08,929 INFO Computing firstorder
2026-07-29 18:19:08,931 INFO Computing glcm
2026-07-29 18:19:08,932 WARNING GLCM is symmetrical, therefore Sum Average = 2 * Joint Average, only 1 needs to be calculated
2026-07-29 18:19:08,937 INFO Calculating features for square image
2026-07-29 18:19:08,940 INFO Computing firstorder
2026-07-29 18:19:08,942 INFO Computing glcm
2026-07-29 18:19:08,943 WARNING GLCM is symmetrical, therefore Sum Average = 2 * Joint Average, only 1 needs to be calculated
2026-07-29 18:19:08,949 INFO Calculating features for squareroot image
2026-07-29 18:19:08,952 INFO Computing firstorder
2026-07-29 18:19:08,953 INFO Computing glcm
2026-07-29 18:19:08,955 WARNING GLCM is symmetrical, therefore Sum Average = 2 * Joint Average, only 1 needs to be calculated
2026-07-29 18:19:08,963 INFO Computing Wavelet H
2026-07-29 18:19:08,963 INFO Calculating features for wavelet-H image
2026-07-29 18:19:08,966 INFO Computing firstorder
2026-07-29 18:19:08,968 INFO Computing glcm
2026-07-29 18:19:08,969 WARNING GLCM is symmetrical, therefore Sum Average = 2 * Joint Average, only 1 needs to be calculated
2026-07-29 18:19:08,969 INFO Calculating features for wavelet-L image
2026-07-29 18:19:08,972 INFO Computing firstorder
2026-07-29 18:19:08,973 INFO Computing glcm
2026-07-29 18:19:08,975 WARNING GLCM is symmetrical, therefore Sum Average = 2 * Joint Average, only 1 needs to be calculated
2026-07-29 18:19:09,011 INFO Calculating features with label: 1
2026-07-29 18:19:09,011 INFO Loading image and mask
2026-07-29 18:19:09,050 INFO Computing shape2D
2026-07-29 18:19:09,051 INFO Adding image type "Original" with custom settings: {}
2026-07-29 18:19:09,051 INFO Adding image type "Exponential" with custom settings: {}
2026-07-29 18:19:09,051 INFO Adding image type "Gradient" with custom settings: {}
2026-07-29 18:19:09,051 INFO Adding image type "LBP2D" with custom settings: {}
2026-07-29 18:19:09,051 INFO Adding image type "LBP3D" with custom settings: {}
2026-07-29 18:19:09,051 INFO Adding image type "LoG" with custom settings: {}
2026-07-29 18:19:09,051 INFO Adding image type "Logarithm" with custom settings: {}
2026-07-29 18:19:09,051 INFO Adding image type "Square" with custom settings: {}
2026-07-29 18:19:09,051 INFO Adding image type "SquareRoot" with custom settings: {}
2026-07-29 18:19:09,051 INFO Adding image type "Wavelet" with custom settings: {}
2026-07-29 18:19:09,051 INFO Calculating features for original image
2026-07-29 18:19:09,053 INFO Computing firstorder
2026-07-29 18:19:09,057 INFO Computing glcm
2026-07-29 18:19:09,059 WARNING GLCM is symmetrical, therefore Sum Average = 2 * Joint Average, only 1 needs to be calculated
2026-07-29 18:19:09,064 INFO Calculating features for exponential image
2026-07-29 18:19:09,067 INFO Computing firstorder
2026-07-29 18:19:09,070 INFO Computing glcm
2026-07-29 18:19:09,072 WARNING GLCM is symmetrical, therefore Sum Average = 2 * Joint Average, only 1 needs to be calculated
2026-07-29 18:19:09,074 INFO Calculating features for gradient image
2026-07-29 18:19:09,077 INFO Computing firstorder
2026-07-29 18:19:09,080 INFO Computing glcm
2026-07-29 18:19:09,083 WARNING GLCM is symmetrical, therefore Sum Average = 2 * Joint Average, only 1 needs to be calculated
2026-07-29 18:19:09,107 INFO Calculating features for lbp-2D image
2026-07-29 18:19:09,111 INFO Computing firstorder
2026-07-29 18:19:09,114 INFO Computing glcm
2026-07-29 18:19:09,116 WARNING GLCM is symmetrical, therefore Sum Average = 2 * Joint Average, only 1 needs to be calculated
2026-07-29 18:19:09,116 WARNING LBP 3D only available for 3 dimensional images, found 2 dimensions
2026-07-29 18:19:09,123 INFO Calculating features for logarithm image
2026-07-29 18:19:09,127 INFO Computing firstorder
2026-07-29 18:19:09,130 INFO Computing glcm
2026-07-29 18:19:09,133 WARNING GLCM is symmetrical, therefore Sum Average = 2 * Joint Average, only 1 needs to be calculated
2026-07-29 18:19:09,137 INFO Calculating features for square image
2026-07-29 18:19:09,141 INFO Computing firstorder
2026-07-29 18:19:09,144 INFO Computing glcm
2026-07-29 18:19:09,146 WARNING GLCM is symmetrical, therefore Sum Average = 2 * Joint Average, only 1 needs to be calculated
2026-07-29 18:19:09,151 INFO Calculating features for squareroot image
2026-07-29 18:19:09,155 INFO Computing firstorder
2026-07-29 18:19:09,158 INFO Computing glcm
2026-07-29 18:19:09,161 WARNING GLCM is symmetrical, therefore Sum Average = 2 * Joint Average, only 1 needs to be calculated
2026-07-29 18:19:09,169 INFO Computing Wavelet H
2026-07-29 18:19:09,169 INFO Calculating features for wavelet-H image
2026-07-29 18:19:09,173 INFO Computing firstorder
2026-07-29 18:19:09,176 INFO Computing glcm
2026-07-29 18:19:09,179 WARNING GLCM is symmetrical, therefore Sum Average = 2 * Joint Average, only 1 needs to be calculated
2026-07-29 18:19:09,180 INFO Calculating features for wavelet-L image
2026-07-29 18:19:09,182 INFO Computing firstorder
2026-07-29 18:19:09,186 INFO Computing glcm
2026-07-29 18:19:09,189 WARNING GLCM is symmetrical, therefore Sum Average = 2 * Joint Average, only 1 needs to be calculated
2026-07-29 18:19:09,226 INFO Calculating features with label: 1
2026-07-29 18:19:09,226 INFO Loading image and mask
2026-07-29 18:19:09,266 INFO Computing shape2D
2026-07-29 18:19:09,267 INFO Adding image type "Original" with custom settings: {}
2026-07-29 18:19:09,267 INFO Adding image type "Exponential" with custom settings: {}
2026-07-29 18:19:09,267 INFO Adding image type "Gradient" with custom settings: {}
2026-07-29 18:19:09,267 INFO Adding image type "LBP2D" with custom settings: {}
2026-07-29 18:19:09,267 INFO Adding image type "LBP3D" with custom settings: {}
2026-07-29 18:19:09,267 INFO Adding image type "LoG" with custom settings: {}
2026-07-29 18:19:09,267 INFO Adding image type "Logarithm" with custom settings: {}
2026-07-29 18:19:09,268 INFO Adding image type "Square" with custom settings: {}
2026-07-29 18:19:09,268 INFO Adding image type "SquareRoot" with custom settings: {}
2026-07-29 18:19:09,268 INFO Adding image type "Wavelet" with custom settings: {}
2026-07-29 18:19:09,268 INFO Calculating features for original image
2026-07-29 18:19:09,270 INFO Computing firstorder
2026-07-29 18:19:09,272 INFO Computing glcm
2026-07-29 18:19:09,274 WARNING GLCM is symmetrical, therefore Sum Average = 2 * Joint Average, only 1 needs to be calculated
2026-07-29 18:19:09,279 INFO Calculating features for exponential image
2026-07-29 18:19:09,282 INFO Computing firstorder
2026-07-29 18:19:09,284 INFO Computing glcm
2026-07-29 18:19:09,286 WARNING GLCM is symmetrical, therefore Sum Average = 2 * Joint Average, only 1 needs to be calculated
2026-07-29 18:19:09,288 INFO Calculating features for gradient image
2026-07-29 18:19:09,290 INFO Computing firstorder
2026-07-29 18:19:09,293 INFO Computing glcm
2026-07-29 18:19:09,294 WARNING GLCM is symmetrical, therefore Sum Average = 2 * Joint Average, only 1 needs to be calculated
2026-07-29 18:19:09,326 INFO Calculating features for lbp-2D image
2026-07-29 18:19:09,330 INFO Computing firstorder
2026-07-29 18:19:09,333 INFO Computing glcm
2026-07-29 18:19:09,335 WARNING GLCM is symmetrical, therefore Sum Average = 2 * Joint Average, only 1 needs to be calculated
2026-07-29 18:19:09,336 WARNING LBP 3D only available for 3 dimensional images, found 2 dimensions
2026-07-29 18:19:09,345 INFO Calculating features for logarithm image
2026-07-29 18:19:09,348 INFO Computing firstorder
2026-07-29 18:19:09,350 INFO Computing glcm
2026-07-29 18:19:09,352 WARNING GLCM is symmetrical, therefore Sum Average = 2 * Joint Average, only 1 needs to be calculated
2026-07-29 18:19:09,357 INFO Calculating features for square image
2026-07-29 18:19:09,360 INFO Computing firstorder
2026-07-29 18:19:09,363 INFO Computing glcm
2026-07-29 18:19:09,364 WARNING GLCM is symmetrical, therefore Sum Average = 2 * Joint Average, only 1 needs to be calculated
2026-07-29 18:19:09,369 INFO Calculating features for squareroot image
2026-07-29 18:19:09,373 INFO Computing firstorder
2026-07-29 18:19:09,375 INFO Computing glcm
2026-07-29 18:19:09,377 WARNING GLCM is symmetrical, therefore Sum Average = 2 * Joint Average, only 1 needs to be calculated
2026-07-29 18:19:09,385 INFO Computing Wavelet H
2026-07-29 18:19:09,385 INFO Calculating features for wavelet-H image
2026-07-29 18:19:09,388 INFO Computing firstorder
2026-07-29 18:19:09,391 INFO Computing glcm
2026-07-29 18:19:09,392 WARNING GLCM is symmetrical, therefore Sum Average = 2 * Joint Average, only 1 needs to be calculated
2026-07-29 18:19:09,393 INFO Calculating features for wavelet-L image
2026-07-29 18:19:09,396 INFO Computing firstorder
2026-07-29 18:19:09,399 INFO Computing glcm
2026-07-29 18:19:09,401 WARNING GLCM is symmetrical, therefore Sum Average = 2 * Joint Average, only 1 needs to be calculated
2026-07-29 18:19:09,442 INFO Calculating features with label: 1
2026-07-29 18:19:09,442 INFO Loading image and mask
2026-07-29 18:19:09,479 INFO Computing shape2D
2026-07-29 18:19:09,480 INFO Adding image type "Original" with custom settings: {}
2026-07-29 18:19:09,480 INFO Adding image type "Exponential" with custom settings: {}
2026-07-29 18:19:09,480 INFO Adding image type "Gradient" with custom settings: {}
2026-07-29 18:19:09,480 INFO Adding image type "LBP2D" with custom settings: {}
2026-07-29 18:19:09,480 INFO Adding image type "LBP3D" with custom settings: {}
2026-07-29 18:19:09,480 INFO Adding image type "LoG" with custom settings: {}
2026-07-29 18:19:09,480 INFO Adding image type "Logarithm" with custom settings: {}
2026-07-29 18:19:09,480 INFO Adding image type "Square" with custom settings: {}
2026-07-29 18:19:09,480 INFO Adding image type "SquareRoot" with custom settings: {}
2026-07-29 18:19:09,480 INFO Adding image type "Wavelet" with custom settings: {}
2026-07-29 18:19:09,480 INFO Calculating features for original image
2026-07-29 18:19:09,482 INFO Computing firstorder
2026-07-29 18:19:09,484 INFO Computing glcm
2026-07-29 18:19:09,486 WARNING GLCM is symmetrical, therefore Sum Average = 2 * Joint Average, only 1 needs to be calculated
2026-07-29 18:19:09,491 INFO Calculating features for exponential image
2026-07-29 18:19:09,494 INFO Computing firstorder
2026-07-29 18:19:09,496 INFO Computing glcm
2026-07-29 18:19:09,497 WARNING GLCM is symmetrical, therefore Sum Average = 2 * Joint Average, only 1 needs to be calculated
2026-07-29 18:19:09,499 INFO Calculating features for gradient image
2026-07-29 18:19:09,503 INFO Computing firstorder
2026-07-29 18:19:09,505 INFO Computing glcm
2026-07-29 18:19:09,506 WARNING GLCM is symmetrical, therefore Sum Average = 2 * Joint Average, only 1 needs to be calculated
2026-07-29 18:19:09,530 INFO Calculating features for lbp-2D image
2026-07-29 18:19:09,533 INFO Computing firstorder
2026-07-29 18:19:09,535 INFO Computing glcm
2026-07-29 18:19:09,536 WARNING GLCM is symmetrical, therefore Sum Average = 2 * Joint Average, only 1 needs to be calculated
2026-07-29 18:19:09,537 WARNING LBP 3D only available for 3 dimensional images, found 2 dimensions
2026-07-29 18:19:09,544 INFO Calculating features for logarithm image
2026-07-29 18:19:09,547 INFO Computing firstorder
2026-07-29 18:19:09,549 INFO Computing glcm
2026-07-29 18:19:09,551 WARNING GLCM is symmetrical, therefore Sum Average = 2 * Joint Average, only 1 needs to be calculated
2026-07-29 18:19:09,556 INFO Calculating features for square image
2026-07-29 18:19:09,559 INFO Computing firstorder
2026-07-29 18:19:09,561 INFO Computing glcm
2026-07-29 18:19:09,562 WARNING GLCM is symmetrical, therefore Sum Average = 2 * Joint Average, only 1 needs to be calculated
2026-07-29 18:19:09,567 INFO Calculating features for squareroot image
2026-07-29 18:19:09,570 INFO Computing firstorder
2026-07-29 18:19:09,572 INFO Computing glcm
2026-07-29 18:19:09,574 WARNING GLCM is symmetrical, therefore Sum Average = 2 * Joint Average, only 1 needs to be calculated
2026-07-29 18:19:09,582 INFO Computing Wavelet H
2026-07-29 18:19:09,583 INFO Calculating features for wavelet-H image
2026-07-29 18:19:09,586 INFO Computing firstorder
2026-07-29 18:19:09,588 INFO Computing glcm
2026-07-29 18:19:09,590 WARNING GLCM is symmetrical, therefore Sum Average = 2 * Joint Average, only 1 needs to be calculated
2026-07-29 18:19:09,590 INFO Calculating features for wavelet-L image
2026-07-29 18:19:09,593 INFO Computing firstorder
2026-07-29 18:19:09,595 INFO Computing glcm
2026-07-29 18:19:09,597 WARNING GLCM is symmetrical, therefore Sum Average = 2 * Joint Average, only 1 needs to be calculated
2026-07-29 18:19:09,632 INFO Calculating features with label: 1
2026-07-29 18:19:09,632 INFO Loading image and mask
2026-07-29 18:19:09,669 INFO Computing shape2D
2026-07-29 18:19:09,670 INFO Adding image type "Original" with custom settings: {}
2026-07-29 18:19:09,670 INFO Adding image type "Exponential" with custom settings: {}
2026-07-29 18:19:09,670 INFO Adding image type "Gradient" with custom settings: {}
2026-07-29 18:19:09,670 INFO Adding image type "LBP2D" with custom settings: {}
2026-07-29 18:19:09,670 INFO Adding image type "LBP3D" with custom settings: {}
2026-07-29 18:19:09,670 INFO Adding image type "LoG" with custom settings: {}
2026-07-29 18:19:09,670 INFO Adding image type "Logarithm" with custom settings: {}
2026-07-29 18:19:09,670 INFO Adding image type "Square" with custom settings: {}
2026-07-29 18:19:09,670 INFO Adding image type "SquareRoot" with custom settings: {}
2026-07-29 18:19:09,670 INFO Adding image type "Wavelet" with custom settings: {}
2026-07-29 18:19:09,670 INFO Calculating features for original image
2026-07-29 18:19:09,672 INFO Computing firstorder
2026-07-29 18:19:09,674 INFO Computing glcm
2026-07-29 18:19:09,676 WARNING GLCM is symmetrical, therefore Sum Average = 2 * Joint Average, only 1 needs to be calculated
2026-07-29 18:19:09,681 INFO Calculating features for exponential image
2026-07-29 18:19:09,685 INFO Computing firstorder
2026-07-29 18:19:09,687 INFO Computing glcm
2026-07-29 18:19:09,689 WARNING GLCM is symmetrical, therefore Sum Average = 2 * Joint Average, only 1 needs to be calculated
2026-07-29 18:19:09,691 INFO Calculating features for gradient image
2026-07-29 18:19:09,694 INFO Computing firstorder
2026-07-29 18:19:09,696 INFO Computing glcm
2026-07-29 18:19:09,697 WARNING GLCM is symmetrical, therefore Sum Average = 2 * Joint Average, only 1 needs to be calculated
2026-07-29 18:19:09,721 INFO Calculating features for lbp-2D image
2026-07-29 18:19:09,724 INFO Computing firstorder
2026-07-29 18:19:09,726 INFO Computing glcm
2026-07-29 18:19:09,728 WARNING GLCM is symmetrical, therefore Sum Average = 2 * Joint Average, only 1 needs to be calculated
2026-07-29 18:19:09,728 WARNING LBP 3D only available for 3 dimensional images, found 2 dimensions
2026-07-29 18:19:09,735 INFO Calculating features for logarithm image
2026-07-29 18:19:09,738 INFO Computing firstorder
2026-07-29 18:19:09,741 INFO Computing glcm
2026-07-29 18:19:09,743 WARNING GLCM is symmetrical, therefore Sum Average = 2 * Joint Average, only 1 needs to be calculated
2026-07-29 18:19:09,747 INFO Calculating features for square image
2026-07-29 18:19:09,750 INFO Computing firstorder
2026-07-29 18:19:09,752 INFO Computing glcm
2026-07-29 18:19:09,754 WARNING GLCM is symmetrical, therefore Sum Average = 2 * Joint Average, only 1 needs to be calculated
2026-07-29 18:19:09,759 INFO Calculating features for squareroot image
2026-07-29 18:19:09,763 INFO Computing firstorder
2026-07-29 18:19:09,765 INFO Computing glcm
2026-07-29 18:19:09,767 WARNING GLCM is symmetrical, therefore Sum Average = 2 * Joint Average, only 1 needs to be calculated
2026-07-29 18:19:09,775 INFO Computing Wavelet H
2026-07-29 18:19:09,775 INFO Calculating features for wavelet-H image
2026-07-29 18:19:09,779 INFO Computing firstorder
2026-07-29 18:19:09,781 INFO Computing glcm
2026-07-29 18:19:09,782 WARNING GLCM is symmetrical, therefore Sum Average = 2 * Joint Average, only 1 needs to be calculated
2026-07-29 18:19:09,783 INFO Calculating features for wavelet-L image
2026-07-29 18:19:09,785 INFO Computing firstorder
2026-07-29 18:19:09,787 INFO Computing glcm
2026-07-29 18:19:09,789 WARNING GLCM is symmetrical, therefore Sum Average = 2 * Joint Average, only 1 needs to be calculated
2026-07-29 18:19:09,826 INFO Calculating features with label: 1
2026-07-29 18:19:09,826 INFO Loading image and mask
2026-07-29 18:19:09,863 INFO Computing shape2D
2026-07-29 18:19:09,864 INFO Adding image type "Original" with custom settings: {}
2026-07-29 18:19:09,864 INFO Adding image type "Exponential" with custom settings: {}
2026-07-29 18:19:09,864 INFO Adding image type "Gradient" with custom settings: {}
2026-07-29 18:19:09,864 INFO Adding image type "LBP2D" with custom settings: {}
2026-07-29 18:19:09,864 INFO Adding image type "LBP3D" with custom settings: {}
2026-07-29 18:19:09,864 INFO Adding image type "LoG" with custom settings: {}
2026-07-29 18:19:09,864 INFO Adding image type "Logarithm" with custom settings: {}
2026-07-29 18:19:09,864 INFO Adding image type "Square" with custom settings: {}
2026-07-29 18:19:09,864 INFO Adding image type "SquareRoot" with custom settings: {}
2026-07-29 18:19:09,864 INFO Adding image type "Wavelet" with custom settings: {}
2026-07-29 18:19:09,864 INFO Calculating features for original image
2026-07-29 18:19:09,866 INFO Computing firstorder
2026-07-29 18:19:09,868 INFO Computing glcm
2026-07-29 18:19:09,869 WARNING GLCM is symmetrical, therefore Sum Average = 2 * Joint Average, only 1 needs to be calculated
2026-07-29 18:19:09,875 INFO Calculating features for exponential image
2026-07-29 18:19:09,877 INFO Computing firstorder
2026-07-29 18:19:09,879 INFO Computing glcm
2026-07-29 18:19:09,880 WARNING GLCM is symmetrical, therefore Sum Average = 2 * Joint Average, only 1 needs to be calculated
2026-07-29 18:19:09,882 INFO Calculating features for gradient image
2026-07-29 18:19:09,885 INFO Computing firstorder
2026-07-29 18:19:09,887 INFO Computing glcm
2026-07-29 18:19:09,888 WARNING GLCM is symmetrical, therefore Sum Average = 2 * Joint Average, only 1 needs to be calculated
2026-07-29 18:19:09,913 INFO Calculating features for lbp-2D image
2026-07-29 18:19:09,916 INFO Computing firstorder
2026-07-29 18:19:09,917 INFO Computing glcm
2026-07-29 18:19:09,918 WARNING GLCM is symmetrical, therefore Sum Average = 2 * Joint Average, only 1 needs to be calculated
2026-07-29 18:19:09,919 WARNING LBP 3D only available for 3 dimensional images, found 2 dimensions
2026-07-29 18:19:09,927 INFO Calculating features for logarithm image
2026-07-29 18:19:09,930 INFO Computing firstorder
2026-07-29 18:19:09,932 INFO Computing glcm
2026-07-29 18:19:09,934 WARNING GLCM is symmetrical, therefore Sum Average = 2 * Joint Average, only 1 needs to be calculated
2026-07-29 18:19:09,939 INFO Calculating features for square image
2026-07-29 18:19:09,942 INFO Computing firstorder
2026-07-29 18:19:09,944 INFO Computing glcm
2026-07-29 18:19:09,945 WARNING GLCM is symmetrical, therefore Sum Average = 2 * Joint Average, only 1 needs to be calculated
2026-07-29 18:19:09,951 INFO Calculating features for squareroot image
2026-07-29 18:19:09,955 INFO Computing firstorder
2026-07-29 18:19:09,957 INFO Computing glcm
2026-07-29 18:19:09,958 WARNING GLCM is symmetrical, therefore Sum Average = 2 * Joint Average, only 1 needs to be calculated
2026-07-29 18:19:09,967 INFO Computing Wavelet H
2026-07-29 18:19:09,967 INFO Calculating features for wavelet-H image
2026-07-29 18:19:09,971 INFO Computing firstorder
2026-07-29 18:19:09,972 INFO Computing glcm
2026-07-29 18:19:09,973 WARNING GLCM is symmetrical, therefore Sum Average = 2 * Joint Average, only 1 needs to be calculated
2026-07-29 18:19:09,974 INFO Calculating features for wavelet-L image
2026-07-29 18:19:09,977 INFO Computing firstorder
2026-07-29 18:19:09,979 INFO Computing glcm
2026-07-29 18:19:09,980 WARNING GLCM is symmetrical, therefore Sum Average = 2 * Joint Average, only 1 needs to be calculated
2026-07-29 18:19:10,016 INFO Calculating features with label: 1
2026-07-29 18:19:10,016 INFO Loading image and mask
2026-07-29 18:19:10,055 INFO Computing shape2D
2026-07-29 18:19:10,057 INFO Adding image type "Original" with custom settings: {}
2026-07-29 18:19:10,057 INFO Adding image type "Exponential" with custom settings: {}
2026-07-29 18:19:10,057 INFO Adding image type "Gradient" with custom settings: {}
2026-07-29 18:19:10,057 INFO Adding image type "LBP2D" with custom settings: {}
2026-07-29 18:19:10,057 INFO Adding image type "LBP3D" with custom settings: {}
2026-07-29 18:19:10,057 INFO Adding image type "LoG" with custom settings: {}
2026-07-29 18:19:10,057 INFO Adding image type "Logarithm" with custom settings: {}
2026-07-29 18:19:10,057 INFO Adding image type "Square" with custom settings: {}
2026-07-29 18:19:10,057 INFO Adding image type "SquareRoot" with custom settings: {}
2026-07-29 18:19:10,057 INFO Adding image type "Wavelet" with custom settings: {}
2026-07-29 18:19:10,057 INFO Calculating features for original image
2026-07-29 18:19:10,059 INFO Computing firstorder
2026-07-29 18:19:10,065 INFO Computing glcm
2026-07-29 18:19:10,068 WARNING GLCM is symmetrical, therefore Sum Average = 2 * Joint Average, only 1 needs to be calculated
2026-07-29 18:19:10,074 INFO Calculating features for exponential image
2026-07-29 18:19:10,078 INFO Computing firstorder
2026-07-29 18:19:10,082 INFO Computing glcm
2026-07-29 18:19:10,085 WARNING GLCM is symmetrical, therefore Sum Average = 2 * Joint Average, only 1 needs to be calculated
2026-07-29 18:19:10,087 INFO Calculating features for gradient image
2026-07-29 18:19:10,090 INFO Computing firstorder
2026-07-29 18:19:10,095 INFO Computing glcm
2026-07-29 18:19:10,098 WARNING GLCM is symmetrical, therefore Sum Average = 2 * Joint Average, only 1 needs to be calculated
2026-07-29 18:19:10,123 INFO Calculating features for lbp-2D image
2026-07-29 18:19:10,127 INFO Computing firstorder
2026-07-29 18:19:10,131 INFO Computing glcm
2026-07-29 18:19:10,134 WARNING GLCM is symmetrical, therefore Sum Average = 2 * Joint Average, only 1 needs to be calculated
2026-07-29 18:19:10,134 WARNING LBP 3D only available for 3 dimensional images, found 2 dimensions
2026-07-29 18:19:10,142 INFO Calculating features for logarithm image
2026-07-29 18:19:10,146 INFO Computing firstorder
2026-07-29 18:19:10,151 INFO Computing glcm
2026-07-29 18:19:10,155 WARNING GLCM is symmetrical, therefore Sum Average = 2 * Joint Average, only 1 needs to be calculated
2026-07-29 18:19:10,160 INFO Calculating features for square image
2026-07-29 18:19:10,163 INFO Computing firstorder
2026-07-29 18:19:10,168 INFO Computing glcm
2026-07-29 18:19:10,172 WARNING GLCM is symmetrical, therefore Sum Average = 2 * Joint Average, only 1 needs to be calculated
2026-07-29 18:19:10,178 INFO Calculating features for squareroot image
2026-07-29 18:19:10,181 INFO Computing firstorder
2026-07-29 18:19:10,188 INFO Computing glcm
2026-07-29 18:19:10,192 WARNING GLCM is symmetrical, therefore Sum Average = 2 * Joint Average, only 1 needs to be calculated
2026-07-29 18:19:10,200 INFO Computing Wavelet H
2026-07-29 18:19:10,200 INFO Calculating features for wavelet-H image
2026-07-29 18:19:10,204 INFO Computing firstorder
2026-07-29 18:19:10,209 INFO Computing glcm
2026-07-29 18:19:10,212 WARNING GLCM is symmetrical, therefore Sum Average = 2 * Joint Average, only 1 needs to be calculated
2026-07-29 18:19:10,212 INFO Calculating features for wavelet-L image
2026-07-29 18:19:10,216 INFO Computing firstorder
2026-07-29 18:19:10,221 INFO Computing glcm
2026-07-29 18:19:10,225 WARNING GLCM is symmetrical, therefore Sum Average = 2 * Joint Average, only 1 needs to be calculated
2026-07-29 18:19:10,264 INFO Calculating features with label: 1
2026-07-29 18:19:10,264 INFO Loading image and mask
2026-07-29 18:19:10,304 INFO Computing shape2D
2026-07-29 18:19:10,307 INFO Adding image type "Original" with custom settings: {}
2026-07-29 18:19:10,307 INFO Adding image type "Exponential" with custom settings: {}
2026-07-29 18:19:10,307 INFO Adding image type "Gradient" with custom settings: {}
2026-07-29 18:19:10,307 INFO Adding image type "LBP2D" with custom settings: {}
2026-07-29 18:19:10,307 INFO Adding image type "LBP3D" with custom settings: {}
2026-07-29 18:19:10,307 INFO Adding image type "LoG" with custom settings: {}
2026-07-29 18:19:10,307 INFO Adding image type "Logarithm" with custom settings: {}
2026-07-29 18:19:10,307 INFO Adding image type "Square" with custom settings: {}
2026-07-29 18:19:10,307 INFO Adding image type "SquareRoot" with custom settings: {}
2026-07-29 18:19:10,307 INFO Adding image type "Wavelet" with custom settings: {}
2026-07-29 18:19:10,307 INFO Calculating features for original image
2026-07-29 18:19:10,310 INFO Computing firstorder
2026-07-29 18:19:10,316 INFO Computing glcm
2026-07-29 18:19:10,320 WARNING GLCM is symmetrical, therefore Sum Average = 2 * Joint Average, only 1 needs to be calculated
2026-07-29 18:19:10,326 INFO Calculating features for exponential image
2026-07-29 18:19:10,330 INFO Computing firstorder
2026-07-29 18:19:10,337 INFO Computing glcm
2026-07-29 18:19:10,341 WARNING GLCM is symmetrical, therefore Sum Average = 2 * Joint Average, only 1 needs to be calculated
2026-07-29 18:19:10,344 INFO Calculating features for gradient image
2026-07-29 18:19:10,347 INFO Computing firstorder
2026-07-29 18:19:10,354 INFO Computing glcm
2026-07-29 18:19:10,358 WARNING GLCM is symmetrical, therefore Sum Average = 2 * Joint Average, only 1 needs to be calculated
2026-07-29 18:19:10,382 INFO Calculating features for lbp-2D image
2026-07-29 18:19:10,386 INFO Computing firstorder
2026-07-29 18:19:10,393 INFO Computing glcm
2026-07-29 18:19:10,396 WARNING GLCM is symmetrical, therefore Sum Average = 2 * Joint Average, only 1 needs to be calculated
2026-07-29 18:19:10,397 WARNING LBP 3D only available for 3 dimensional images, found 2 dimensions
2026-07-29 18:19:10,405 INFO Calculating features for logarithm image
2026-07-29 18:19:10,408 INFO Computing firstorder
2026-07-29 18:19:10,415 INFO Computing glcm
2026-07-29 18:19:10,421 WARNING GLCM is symmetrical, therefore Sum Average = 2 * Joint Average, only 1 needs to be calculated
2026-07-29 18:19:10,426 INFO Calculating features for square image
2026-07-29 18:19:10,429 INFO Computing firstorder
2026-07-29 18:19:10,436 INFO Computing glcm
2026-07-29 18:19:10,441 WARNING GLCM is symmetrical, therefore Sum Average = 2 * Joint Average, only 1 needs to be calculated
2026-07-29 18:19:10,449 INFO Calculating features for squareroot image
2026-07-29 18:19:10,455 INFO Computing firstorder
2026-07-29 18:19:10,466 INFO Computing glcm
2026-07-29 18:19:10,471 WARNING GLCM is symmetrical, therefore Sum Average = 2 * Joint Average, only 1 needs to be calculated
2026-07-29 18:19:10,479 INFO Computing Wavelet H
2026-07-29 18:19:10,479 INFO Calculating features for wavelet-H image
2026-07-29 18:19:10,483 INFO Computing firstorder
2026-07-29 18:19:10,490 INFO Computing glcm
2026-07-29 18:19:10,494 WARNING GLCM is symmetrical, therefore Sum Average = 2 * Joint Average, only 1 needs to be calculated
2026-07-29 18:19:10,495 INFO Calculating features for wavelet-L image
2026-07-29 18:19:10,498 INFO Computing firstorder
2026-07-29 18:19:10,505 INFO Computing glcm
2026-07-29 18:19:10,510 WARNING GLCM is symmetrical, therefore Sum Average = 2 * Joint Average, only 1 needs to be calculated
2026-07-29 18:19:10,546 INFO Calculating features with label: 1
2026-07-29 18:19:10,546 INFO Loading image and mask
2026-07-29 18:19:10,584 INFO Computing shape2D
2026-07-29 18:19:10,586 INFO Adding image type "Original" with custom settings: {}
2026-07-29 18:19:10,587 INFO Adding image type "Exponential" with custom settings: {}
2026-07-29 18:19:10,587 INFO Adding image type "Gradient" with custom settings: {}
2026-07-29 18:19:10,587 INFO Adding image type "LBP2D" with custom settings: {}
2026-07-29 18:19:10,587 INFO Adding image type "LBP3D" with custom settings: {}
2026-07-29 18:19:10,587 INFO Adding image type "LoG" with custom settings: {}
2026-07-29 18:19:10,587 INFO Adding image type "Logarithm" with custom settings: {}
2026-07-29 18:19:10,587 INFO Adding image type "Square" with custom settings: {}
2026-07-29 18:19:10,587 INFO Adding image type "SquareRoot" with custom settings: {}
2026-07-29 18:19:10,587 INFO Adding image type "Wavelet" with custom settings: {}
2026-07-29 18:19:10,587 INFO Calculating features for original image
2026-07-29 18:19:10,590 INFO Computing firstorder
2026-07-29 18:19:10,595 INFO Computing glcm
2026-07-29 18:19:10,598 WARNING GLCM is symmetrical, therefore Sum Average = 2 * Joint Average, only 1 needs to be calculated
2026-07-29 18:19:10,603 INFO Calculating features for exponential image
2026-07-29 18:19:10,607 INFO Computing firstorder
2026-07-29 18:19:10,612 INFO Computing glcm
2026-07-29 18:19:10,614 WARNING GLCM is symmetrical, therefore Sum Average = 2 * Joint Average, only 1 needs to be calculated
2026-07-29 18:19:10,617 INFO Calculating features for gradient image
2026-07-29 18:19:10,620 INFO Computing firstorder
2026-07-29 18:19:10,624 INFO Computing glcm
2026-07-29 18:19:10,629 WARNING GLCM is symmetrical, therefore Sum Average = 2 * Joint Average, only 1 needs to be calculated
2026-07-29 18:19:10,652 INFO Calculating features for lbp-2D image
2026-07-29 18:19:10,656 INFO Computing firstorder
2026-07-29 18:19:10,661 INFO Computing glcm
2026-07-29 18:19:10,664 WARNING GLCM is symmetrical, therefore Sum Average = 2 * Joint Average, only 1 needs to be calculated
2026-07-29 18:19:10,665 WARNING LBP 3D only available for 3 dimensional images, found 2 dimensions
2026-07-29 18:19:10,672 INFO Calculating features for logarithm image
2026-07-29 18:19:10,676 INFO Computing firstorder
2026-07-29 18:19:10,681 INFO Computing glcm
2026-07-29 18:19:10,684 WARNING GLCM is symmetrical, therefore Sum Average = 2 * Joint Average, only 1 needs to be calculated
2026-07-29 18:19:10,690 INFO Calculating features for square image
2026-07-29 18:19:10,693 INFO Computing firstorder
2026-07-29 18:19:10,698 INFO Computing glcm
2026-07-29 18:19:10,701 WARNING GLCM is symmetrical, therefore Sum Average = 2 * Joint Average, only 1 needs to be calculated
2026-07-29 18:19:10,708 INFO Calculating features for squareroot image
2026-07-29 18:19:10,712 INFO Computing firstorder
2026-07-29 18:19:10,717 INFO Computing glcm
2026-07-29 18:19:10,721 WARNING GLCM is symmetrical, therefore Sum Average = 2 * Joint Average, only 1 needs to be calculated
2026-07-29 18:19:10,728 INFO Computing Wavelet H
2026-07-29 18:19:10,728 INFO Calculating features for wavelet-H image
2026-07-29 18:19:10,731 INFO Computing firstorder
2026-07-29 18:19:10,737 INFO Computing glcm
2026-07-29 18:19:10,740 WARNING GLCM is symmetrical, therefore Sum Average = 2 * Joint Average, only 1 needs to be calculated
2026-07-29 18:19:10,741 INFO Calculating features for wavelet-L image
2026-07-29 18:19:10,744 INFO Computing firstorder
2026-07-29 18:19:10,749 INFO Computing glcm
2026-07-29 18:19:10,752 WARNING GLCM is symmetrical, therefore Sum Average = 2 * Joint Average, only 1 needs to be calculated
2026-07-29 18:19:10,788 INFO Calculating features with label: 1
2026-07-29 18:19:10,788 INFO Loading image and mask
2026-07-29 18:19:10,827 INFO Computing shape2D
2026-07-29 18:19:10,829 INFO Adding image type "Original" with custom settings: {}
2026-07-29 18:19:10,829 INFO Adding image type "Exponential" with custom settings: {}
2026-07-29 18:19:10,829 INFO Adding image type "Gradient" with custom settings: {}
2026-07-29 18:19:10,829 INFO Adding image type "LBP2D" with custom settings: {}
2026-07-29 18:19:10,829 INFO Adding image type "LBP3D" with custom settings: {}
2026-07-29 18:19:10,829 INFO Adding image type "LoG" with custom settings: {}
2026-07-29 18:19:10,829 INFO Adding image type "Logarithm" with custom settings: {}
2026-07-29 18:19:10,830 INFO Adding image type "Square" with custom settings: {}
2026-07-29 18:19:10,830 INFO Adding image type "SquareRoot" with custom settings: {}
2026-07-29 18:19:10,830 INFO Adding image type "Wavelet" with custom settings: {}
2026-07-29 18:19:10,830 INFO Calculating features for original image
2026-07-29 18:19:10,833 INFO Computing firstorder
2026-07-29 18:19:10,838 INFO Computing glcm
2026-07-29 18:19:10,842 WARNING GLCM is symmetrical, therefore Sum Average = 2 * Joint Average, only 1 needs to be calculated
2026-07-29 18:19:10,847 INFO Calculating features for exponential image
2026-07-29 18:19:10,850 INFO Computing firstorder
2026-07-29 18:19:10,855 INFO Computing glcm
2026-07-29 18:19:10,858 WARNING GLCM is symmetrical, therefore Sum Average = 2 * Joint Average, only 1 needs to be calculated
2026-07-29 18:19:10,861 INFO Calculating features for gradient image
2026-07-29 18:19:10,865 INFO Computing firstorder
2026-07-29 18:19:10,870 INFO Computing glcm
2026-07-29 18:19:10,874 WARNING GLCM is symmetrical, therefore Sum Average = 2 * Joint Average, only 1 needs to be calculated
2026-07-29 18:19:10,900 INFO Calculating features for lbp-2D image
2026-07-29 18:19:10,904 INFO Computing firstorder
2026-07-29 18:19:10,908 INFO Computing glcm
2026-07-29 18:19:10,911 WARNING GLCM is symmetrical, therefore Sum Average = 2 * Joint Average, only 1 needs to be calculated
2026-07-29 18:19:10,912 WARNING LBP 3D only available for 3 dimensional images, found 2 dimensions
2026-07-29 18:19:10,920 INFO Calculating features for logarithm image
2026-07-29 18:19:10,923 INFO Computing firstorder
2026-07-29 18:19:10,929 INFO Computing glcm
2026-07-29 18:19:10,933 WARNING GLCM is symmetrical, therefore Sum Average = 2 * Joint Average, only 1 needs to be calculated
2026-07-29 18:19:10,938 INFO Calculating features for square image
2026-07-29 18:19:10,942 INFO Computing firstorder
2026-07-29 18:19:10,947 INFO Computing glcm
2026-07-29 18:19:10,950 WARNING GLCM is symmetrical, therefore Sum Average = 2 * Joint Average, only 1 needs to be calculated
2026-07-29 18:19:10,957 INFO Calculating features for squareroot image
2026-07-29 18:19:10,960 INFO Computing firstorder
2026-07-29 18:19:10,965 INFO Computing glcm
2026-07-29 18:19:10,971 WARNING GLCM is symmetrical, therefore Sum Average = 2 * Joint Average, only 1 needs to be calculated
2026-07-29 18:19:10,979 INFO Computing Wavelet H
2026-07-29 18:19:10,979 INFO Calculating features for wavelet-H image
2026-07-29 18:19:10,982 INFO Computing firstorder
2026-07-29 18:19:10,988 INFO Computing glcm
2026-07-29 18:19:10,991 WARNING GLCM is symmetrical, therefore Sum Average = 2 * Joint Average, only 1 needs to be calculated
2026-07-29 18:19:10,991 INFO Calculating features for wavelet-L image
2026-07-29 18:19:10,995 INFO Computing firstorder
2026-07-29 18:19:11,000 INFO Computing glcm
2026-07-29 18:19:11,005 WARNING GLCM is symmetrical, therefore Sum Average = 2 * Joint Average, only 1 needs to be calculated
2026-07-29 18:19:11,039 INFO Calculating features with label: 1
2026-07-29 18:19:11,039 INFO Loading image and mask
2026-07-29 18:19:11,077 INFO Computing shape2D
2026-07-29 18:19:11,079 INFO Adding image type "Original" with custom settings: {}
2026-07-29 18:19:11,080 INFO Adding image type "Exponential" with custom settings: {}
2026-07-29 18:19:11,080 INFO Adding image type "Gradient" with custom settings: {}
2026-07-29 18:19:11,080 INFO Adding image type "LBP2D" with custom settings: {}
2026-07-29 18:19:11,080 INFO Adding image type "LBP3D" with custom settings: {}
2026-07-29 18:19:11,080 INFO Adding image type "LoG" with custom settings: {}
2026-07-29 18:19:11,080 INFO Adding image type "Logarithm" with custom settings: {}
2026-07-29 18:19:11,080 INFO Adding image type "Square" with custom settings: {}
2026-07-29 18:19:11,080 INFO Adding image type "SquareRoot" with custom settings: {}
2026-07-29 18:19:11,080 INFO Adding image type "Wavelet" with custom settings: {}
2026-07-29 18:19:11,080 INFO Calculating features for original image
2026-07-29 18:19:11,083 INFO Computing firstorder
2026-07-29 18:19:11,088 INFO Computing glcm
2026-07-29 18:19:11,091 WARNING GLCM is symmetrical, therefore Sum Average = 2 * Joint Average, only 1 needs to be calculated
2026-07-29 18:19:11,096 INFO Calculating features for exponential image
2026-07-29 18:19:11,099 INFO Computing firstorder
2026-07-29 18:19:11,103 INFO Computing glcm
2026-07-29 18:19:11,106 WARNING GLCM is symmetrical, therefore Sum Average = 2 * Joint Average, only 1 needs to be calculated
2026-07-29 18:19:11,108 INFO Calculating features for gradient image
2026-07-29 18:19:11,111 INFO Computing firstorder
2026-07-29 18:19:11,116 INFO Computing glcm
2026-07-29 18:19:11,118 WARNING GLCM is symmetrical, therefore Sum Average = 2 * Joint Average, only 1 needs to be calculated
2026-07-29 18:19:11,143 INFO Calculating features for lbp-2D image
2026-07-29 18:19:11,147 INFO Computing firstorder
2026-07-29 18:19:11,151 INFO Computing glcm
2026-07-29 18:19:11,155 WARNING GLCM is symmetrical, therefore Sum Average = 2 * Joint Average, only 1 needs to be calculated
2026-07-29 18:19:11,156 WARNING LBP 3D only available for 3 dimensional images, found 2 dimensions
2026-07-29 18:19:11,163 INFO Calculating features for logarithm image
2026-07-29 18:19:11,167 INFO Computing firstorder
2026-07-29 18:19:11,172 INFO Computing glcm
2026-07-29 18:19:11,176 WARNING GLCM is symmetrical, therefore Sum Average = 2 * Joint Average, only 1 needs to be calculated
2026-07-29 18:19:11,181 INFO Calculating features for square image
2026-07-29 18:19:11,184 INFO Computing firstorder
2026-07-29 18:19:11,189 INFO Computing glcm
2026-07-29 18:19:11,192 WARNING GLCM is symmetrical, therefore Sum Average = 2 * Joint Average, only 1 needs to be calculated
2026-07-29 18:19:11,198 INFO Calculating features for squareroot image
2026-07-29 18:19:11,201 INFO Computing firstorder
2026-07-29 18:19:11,207 INFO Computing glcm
2026-07-29 18:19:11,210 WARNING GLCM is symmetrical, therefore Sum Average = 2 * Joint Average, only 1 needs to be calculated
2026-07-29 18:19:11,218 INFO Computing Wavelet H
2026-07-29 18:19:11,218 INFO Calculating features for wavelet-H image
2026-07-29 18:19:11,221 INFO Computing firstorder
2026-07-29 18:19:11,226 INFO Computing glcm
2026-07-29 18:19:11,229 WARNING GLCM is symmetrical, therefore Sum Average = 2 * Joint Average, only 1 needs to be calculated
2026-07-29 18:19:11,229 INFO Calculating features for wavelet-L image
2026-07-29 18:19:11,233 INFO Computing firstorder
2026-07-29 18:19:11,237 INFO Computing glcm
2026-07-29 18:19:11,241 WARNING GLCM is symmetrical, therefore Sum Average = 2 * Joint Average, only 1 needs to be calculated
2026-07-29 18:19:11,275 INFO Calculating features with label: 1
2026-07-29 18:19:11,275 INFO Loading image and mask
2026-07-29 18:19:11,314 INFO Computing shape2D
2026-07-29 18:19:11,317 INFO Adding image type "Original" with custom settings: {}
2026-07-29 18:19:11,317 INFO Adding image type "Exponential" with custom settings: {}
2026-07-29 18:19:11,317 INFO Adding image type "Gradient" with custom settings: {}
2026-07-29 18:19:11,318 INFO Adding image type "LBP2D" with custom settings: {}
2026-07-29 18:19:11,318 INFO Adding image type "LBP3D" with custom settings: {}
2026-07-29 18:19:11,318 INFO Adding image type "LoG" with custom settings: {}
2026-07-29 18:19:11,318 INFO Adding image type "Logarithm" with custom settings: {}
2026-07-29 18:19:11,318 INFO Adding image type "Square" with custom settings: {}
2026-07-29 18:19:11,318 INFO Adding image type "SquareRoot" with custom settings: {}
2026-07-29 18:19:11,318 INFO Adding image type "Wavelet" with custom settings: {}
2026-07-29 18:19:11,318 INFO Calculating features for original image
2026-07-29 18:19:11,320 INFO Computing firstorder
2026-07-29 18:19:11,326 INFO Computing glcm
2026-07-29 18:19:11,329 WARNING GLCM is symmetrical, therefore Sum Average = 2 * Joint Average, only 1 needs to be calculated
2026-07-29 18:19:11,334 INFO Calculating features for exponential image
2026-07-29 18:19:11,338 INFO Computing firstorder
2026-07-29 18:19:11,344 INFO Computing glcm
2026-07-29 18:19:11,348 WARNING GLCM is symmetrical, therefore Sum Average = 2 * Joint Average, only 1 needs to be calculated
2026-07-29 18:19:11,350 INFO Calculating features for gradient image
2026-07-29 18:19:11,353 INFO Computing firstorder
2026-07-29 18:19:11,358 INFO Computing glcm
2026-07-29 18:19:11,361 WARNING GLCM is symmetrical, therefore Sum Average = 2 * Joint Average, only 1 needs to be calculated
2026-07-29 18:19:11,386 INFO Calculating features for lbp-2D image
2026-07-29 18:19:11,390 INFO Computing firstorder
2026-07-29 18:19:11,395 INFO Computing glcm
2026-07-29 18:19:11,398 WARNING GLCM is symmetrical, therefore Sum Average = 2 * Joint Average, only 1 needs to be calculated
2026-07-29 18:19:11,398 WARNING LBP 3D only available for 3 dimensional images, found 2 dimensions
2026-07-29 18:19:11,405 INFO Calculating features for logarithm image
2026-07-29 18:19:11,409 INFO Computing firstorder
2026-07-29 18:19:11,414 INFO Computing glcm
2026-07-29 18:19:11,418 WARNING GLCM is symmetrical, therefore Sum Average = 2 * Joint Average, only 1 needs to be calculated
2026-07-29 18:19:11,423 INFO Calculating features for square image
2026-07-29 18:19:11,426 INFO Computing firstorder
2026-07-29 18:19:11,431 INFO Computing glcm
2026-07-29 18:19:11,435 WARNING GLCM is symmetrical, therefore Sum Average = 2 * Joint Average, only 1 needs to be calculated
2026-07-29 18:19:11,441 INFO Calculating features for squareroot image
2026-07-29 18:19:11,444 INFO Computing firstorder
2026-07-29 18:19:11,449 INFO Computing glcm
2026-07-29 18:19:11,453 WARNING GLCM is symmetrical, therefore Sum Average = 2 * Joint Average, only 1 needs to be calculated
2026-07-29 18:19:11,462 INFO Computing Wavelet H
2026-07-29 18:19:11,462 INFO Calculating features for wavelet-H image
2026-07-29 18:19:11,466 INFO Computing firstorder
2026-07-29 18:19:11,472 INFO Computing glcm
2026-07-29 18:19:11,475 WARNING GLCM is symmetrical, therefore Sum Average = 2 * Joint Average, only 1 needs to be calculated
2026-07-29 18:19:11,476 INFO Calculating features for wavelet-L image
2026-07-29 18:19:11,479 INFO Computing firstorder
2026-07-29 18:19:11,485 INFO Computing glcm
2026-07-29 18:19:11,489 WARNING GLCM is symmetrical, therefore Sum Average = 2 * Joint Average, only 1 needs to be calculated
2026-07-29 18:19:11,524 INFO Calculating features with label: 1
2026-07-29 18:19:11,524 INFO Loading image and mask
2026-07-29 18:19:11,563 INFO Computing shape2D
2026-07-29 18:19:11,564 INFO Adding image type "Original" with custom settings: {}
2026-07-29 18:19:11,564 INFO Adding image type "Exponential" with custom settings: {}
2026-07-29 18:19:11,564 INFO Adding image type "Gradient" with custom settings: {}
2026-07-29 18:19:11,564 INFO Adding image type "LBP2D" with custom settings: {}
2026-07-29 18:19:11,564 INFO Adding image type "LBP3D" with custom settings: {}
2026-07-29 18:19:11,564 INFO Adding image type "LoG" with custom settings: {}
2026-07-29 18:19:11,564 INFO Adding image type "Logarithm" with custom settings: {}
2026-07-29 18:19:11,564 INFO Adding image type "Square" with custom settings: {}
2026-07-29 18:19:11,564 INFO Adding image type "SquareRoot" with custom settings: {}
2026-07-29 18:19:11,564 INFO Adding image type "Wavelet" with custom settings: {}
2026-07-29 18:19:11,564 INFO Calculating features for original image
2026-07-29 18:19:11,567 INFO Computing firstorder
2026-07-29 18:19:11,570 INFO Computing glcm
2026-07-29 18:19:11,572 WARNING GLCM is symmetrical, therefore Sum Average = 2 * Joint Average, only 1 needs to be calculated
2026-07-29 18:19:11,577 INFO Calculating features for exponential image
2026-07-29 18:19:11,580 INFO Computing firstorder
2026-07-29 18:19:11,583 INFO Computing glcm
2026-07-29 18:19:11,584 WARNING GLCM is symmetrical, therefore Sum Average = 2 * Joint Average, only 1 needs to be calculated
2026-07-29 18:19:11,586 INFO Calculating features for gradient image
2026-07-29 18:19:11,590 INFO Computing firstorder
2026-07-29 18:19:11,593 INFO Computing glcm
2026-07-29 18:19:11,595 WARNING GLCM is symmetrical, therefore Sum Average = 2 * Joint Average, only 1 needs to be calculated
2026-07-29 18:19:11,618 INFO Calculating features for lbp-2D image
2026-07-29 18:19:11,621 INFO Computing firstorder
2026-07-29 18:19:11,624 INFO Computing glcm
2026-07-29 18:19:11,626 WARNING GLCM is symmetrical, therefore Sum Average = 2 * Joint Average, only 1 needs to be calculated
2026-07-29 18:19:11,627 WARNING LBP 3D only available for 3 dimensional images, found 2 dimensions
2026-07-29 18:19:11,639 INFO Calculating features for logarithm image
2026-07-29 18:19:11,645 INFO Computing firstorder
2026-07-29 18:19:11,649 INFO Computing glcm
2026-07-29 18:19:11,651 WARNING GLCM is symmetrical, therefore Sum Average = 2 * Joint Average, only 1 needs to be calculated
2026-07-29 18:19:11,657 INFO Calculating features for square image
2026-07-29 18:19:11,661 INFO Computing firstorder
2026-07-29 18:19:11,663 INFO Computing glcm
2026-07-29 18:19:11,665 WARNING GLCM is symmetrical, therefore Sum Average = 2 * Joint Average, only 1 needs to be calculated
2026-07-29 18:19:11,671 INFO Calculating features for squareroot image
2026-07-29 18:19:11,674 INFO Computing firstorder
2026-07-29 18:19:11,677 INFO Computing glcm
2026-07-29 18:19:11,680 WARNING GLCM is symmetrical, therefore Sum Average = 2 * Joint Average, only 1 needs to be calculated
2026-07-29 18:19:11,688 INFO Computing Wavelet H
2026-07-29 18:19:11,688 INFO Calculating features for wavelet-H image
2026-07-29 18:19:11,692 INFO Computing firstorder
2026-07-29 18:19:11,695 INFO Computing glcm
2026-07-29 18:19:11,696 WARNING GLCM is symmetrical, therefore Sum Average = 2 * Joint Average, only 1 needs to be calculated
2026-07-29 18:19:11,697 INFO Calculating features for wavelet-L image
2026-07-29 18:19:11,700 INFO Computing firstorder
2026-07-29 18:19:11,702 INFO Computing glcm
2026-07-29 18:19:11,705 WARNING GLCM is symmetrical, therefore Sum Average = 2 * Joint Average, only 1 needs to be calculated
2026-07-29 18:19:11,743 INFO Calculating features with label: 1
2026-07-29 18:19:11,743 INFO Loading image and mask
2026-07-29 18:19:11,781 INFO Computing shape2D
2026-07-29 18:19:11,782 INFO Adding image type "Original" with custom settings: {}
2026-07-29 18:19:11,783 INFO Adding image type "Exponential" with custom settings: {}
2026-07-29 18:19:11,783 INFO Adding image type "Gradient" with custom settings: {}
2026-07-29 18:19:11,783 INFO Adding image type "LBP2D" with custom settings: {}
2026-07-29 18:19:11,783 INFO Adding image type "LBP3D" with custom settings: {}
2026-07-29 18:19:11,783 INFO Adding image type "LoG" with custom settings: {}
2026-07-29 18:19:11,783 INFO Adding image type "Logarithm" with custom settings: {}
2026-07-29 18:19:11,783 INFO Adding image type "Square" with custom settings: {}
2026-07-29 18:19:11,783 INFO Adding image type "SquareRoot" with custom settings: {}
2026-07-29 18:19:11,783 INFO Adding image type "Wavelet" with custom settings: {}
2026-07-29 18:19:11,783 INFO Calculating features for original image
2026-07-29 18:19:11,785 INFO Computing firstorder
2026-07-29 18:19:11,788 INFO Computing glcm
2026-07-29 18:19:11,791 WARNING GLCM is symmetrical, therefore Sum Average = 2 * Joint Average, only 1 needs to be calculated
2026-07-29 18:19:11,796 INFO Calculating features for exponential image
2026-07-29 18:19:11,799 INFO Computing firstorder
2026-07-29 18:19:11,801 INFO Computing glcm
2026-07-29 18:19:11,803 WARNING GLCM is symmetrical, therefore Sum Average = 2 * Joint Average, only 1 needs to be calculated
2026-07-29 18:19:11,807 INFO Calculating features for gradient image
2026-07-29 18:19:11,810 INFO Computing firstorder
2026-07-29 18:19:11,812 INFO Computing glcm
2026-07-29 18:19:11,814 WARNING GLCM is symmetrical, therefore Sum Average = 2 * Joint Average, only 1 needs to be calculated
2026-07-29 18:19:11,838 INFO Calculating features for lbp-2D image
2026-07-29 18:19:11,842 INFO Computing firstorder
2026-07-29 18:19:11,845 INFO Computing glcm
2026-07-29 18:19:11,846 WARNING GLCM is symmetrical, therefore Sum Average = 2 * Joint Average, only 1 needs to be calculated
2026-07-29 18:19:11,847 WARNING LBP 3D only available for 3 dimensional images, found 2 dimensions
2026-07-29 18:19:11,855 INFO Calculating features for logarithm image
2026-07-29 18:19:11,859 INFO Computing firstorder
2026-07-29 18:19:11,862 INFO Computing glcm
2026-07-29 18:19:11,865 WARNING GLCM is symmetrical, therefore Sum Average = 2 * Joint Average, only 1 needs to be calculated
2026-07-29 18:19:11,870 INFO Calculating features for square image
2026-07-29 18:19:11,874 INFO Computing firstorder
2026-07-29 18:19:11,876 INFO Computing glcm
2026-07-29 18:19:11,878 WARNING GLCM is symmetrical, therefore Sum Average = 2 * Joint Average, only 1 needs to be calculated
2026-07-29 18:19:11,885 INFO Calculating features for squareroot image
2026-07-29 18:19:11,888 INFO Computing firstorder
2026-07-29 18:19:11,891 INFO Computing glcm
2026-07-29 18:19:11,893 WARNING GLCM is symmetrical, therefore Sum Average = 2 * Joint Average, only 1 needs to be calculated
2026-07-29 18:19:11,901 INFO Computing Wavelet H
2026-07-29 18:19:11,901 INFO Calculating features for wavelet-H image
2026-07-29 18:19:11,904 INFO Computing firstorder
2026-07-29 18:19:11,907 INFO Computing glcm
2026-07-29 18:19:11,908 WARNING GLCM is symmetrical, therefore Sum Average = 2 * Joint Average, only 1 needs to be calculated
2026-07-29 18:19:11,909 INFO Calculating features for wavelet-L image
2026-07-29 18:19:11,912 INFO Computing firstorder
2026-07-29 18:19:11,915 INFO Computing glcm
2026-07-29 18:19:11,918 WARNING GLCM is symmetrical, therefore Sum Average = 2 * Joint Average, only 1 needs to be calculated
2026-07-29 18:19:11,952 INFO Calculating features with label: 1
2026-07-29 18:19:11,953 INFO Loading image and mask
2026-07-29 18:19:11,957 ERROR s0095
Traceback (most recent call last):
  File "C:\Users\kanishk\OneDrive\Desktop\infant\Corpus_Callosum\radiomic_feature_extraction.py", line 392, in main
    feature_row = process_subject(
                  ^^^^^^^^^^^^^^^^
  File "C:\Users\kanishk\OneDrive\Desktop\infant\Corpus_Callosum\radiomic_feature_extraction.py", line 284, in process_subject
    feature_dict = extract_features(
                   ^^^^^^^^^^^^^^^^^
  File "C:\Users\kanishk\OneDrive\Desktop\infant\Corpus_Callosum\radiomic_feature_extraction.py", line 236, in extract_features
    feature_vector = extractor.execute(
                     ^^^^^^^^^^^^^^^^^^
  File "C:\Users\kanishk\AppData\Roaming\Python\Python311\site-packages\radiomics\featureextractor.py", line 272, in execute
    image, mask = self.loadImage(imageFilepath, maskFilepath, generalInfo, **_settings)
                  ^^^^^^^^^^^^^^^^^^^^^^^^^^^^^^^^^^^^^^^^^^^^^^^^^^^^^^^^^^^^^^^^^^^^^
  File "C:\Users\kanishk\AppData\Roaming\Python\Python311\site-packages\radiomics\featureextractor.py", line 385, in loadImage
    mask = imageoperations.getMask(mask, **kwargs)
           ^^^^^^^^^^^^^^^^^^^^^^^^^^^^^^^^^^^^^^^
  File "C:\Users\kanishk\AppData\Roaming\Python\Python311\site-packages\radiomics\imageoperations.py", line 49, in getMask
    raise ValueError('No labels found in this mask (i.e. nothing is segmented)!')
ValueError: No labels found in this mask (i.e. nothing is segmented)!
2026-07-29 18:19:11,983 INFO Calculating features with label: 1
2026-07-29 18:19:11,983 INFO Loading image and mask
2026-07-29 18:19:12,023 INFO Computing shape2D
2026-07-29 18:19:12,024 INFO Adding image type "Original" with custom settings: {}
2026-07-29 18:19:12,024 INFO Adding image type "Exponential" with custom settings: {}
2026-07-29 18:19:12,024 INFO Adding image type "Gradient" with custom settings: {}
2026-07-29 18:19:12,024 INFO Adding image type "LBP2D" with custom settings: {}
2026-07-29 18:19:12,024 INFO Adding image type "LBP3D" with custom settings: {}
2026-07-29 18:19:12,024 INFO Adding image type "LoG" with custom settings: {}
2026-07-29 18:19:12,024 INFO Adding image type "Logarithm" with custom settings: {}
2026-07-29 18:19:12,025 INFO Adding image type "Square" with custom settings: {}
2026-07-29 18:19:12,025 INFO Adding image type "SquareRoot" with custom settings: {}
2026-07-29 18:19:12,025 INFO Adding image type "Wavelet" with custom settings: {}
2026-07-29 18:19:12,025 INFO Calculating features for original image
2026-07-29 18:19:12,027 INFO Computing firstorder
2026-07-29 18:19:12,031 INFO Computing glcm
2026-07-29 18:19:12,033 WARNING GLCM is symmetrical, therefore Sum Average = 2 * Joint Average, only 1 needs to be calculated
2026-07-29 18:19:12,039 INFO Calculating features for exponential image
2026-07-29 18:19:12,042 INFO Computing firstorder
2026-07-29 18:19:12,044 INFO Computing glcm
2026-07-29 18:19:12,046 WARNING GLCM is symmetrical, therefore Sum Average = 2 * Joint Average, only 1 needs to be calculated
2026-07-29 18:19:12,049 INFO Calculating features for gradient image
2026-07-29 18:19:12,052 INFO Computing firstorder
2026-07-29 18:19:12,054 INFO Computing glcm
2026-07-29 18:19:12,056 WARNING GLCM is symmetrical, therefore Sum Average = 2 * Joint Average, only 1 needs to be calculated
2026-07-29 18:19:12,080 INFO Calculating features for lbp-2D image
2026-07-29 18:19:12,084 INFO Computing firstorder
2026-07-29 18:19:12,086 INFO Computing glcm
2026-07-29 18:19:12,088 WARNING GLCM is symmetrical, therefore Sum Average = 2 * Joint Average, only 1 needs to be calculated
2026-07-29 18:19:12,088 WARNING LBP 3D only available for 3 dimensional images, found 2 dimensions
2026-07-29 18:19:12,095 INFO Calculating features for logarithm image
2026-07-29 18:19:12,099 INFO Computing firstorder
2026-07-29 18:19:12,101 INFO Computing glcm
2026-07-29 18:19:12,103 WARNING GLCM is symmetrical, therefore Sum Average = 2 * Joint Average, only 1 needs to be calculated
2026-07-29 18:19:12,108 INFO Calculating features for square image
2026-07-29 18:19:12,112 INFO Computing firstorder
2026-07-29 18:19:12,114 INFO Computing glcm
2026-07-29 18:19:12,116 WARNING GLCM is symmetrical, therefore Sum Average = 2 * Joint Average, only 1 needs to be calculated
2026-07-29 18:19:12,122 INFO Calculating features for squareroot image
2026-07-29 18:19:12,126 INFO Computing firstorder
2026-07-29 18:19:12,128 INFO Computing glcm
2026-07-29 18:19:12,130 WARNING GLCM is symmetrical, therefore Sum Average = 2 * Joint Average, only 1 needs to be calculated
2026-07-29 18:19:12,138 INFO Computing Wavelet H
2026-07-29 18:19:12,138 INFO Calculating features for wavelet-H image
2026-07-29 18:19:12,142 INFO Computing firstorder
2026-07-29 18:19:12,145 INFO Computing glcm
2026-07-29 18:19:12,146 WARNING GLCM is symmetrical, therefore Sum Average = 2 * Joint Average, only 1 needs to be calculated
2026-07-29 18:19:12,146 INFO Calculating features for wavelet-L image
2026-07-29 18:19:12,149 INFO Computing firstorder
2026-07-29 18:19:12,152 INFO Computing glcm
2026-07-29 18:19:12,154 WARNING GLCM is symmetrical, therefore Sum Average = 2 * Joint Average, only 1 needs to be calculated
2026-07-29 18:19:12,191 INFO Calculating features with label: 1
2026-07-29 18:19:12,191 INFO Loading image and mask
2026-07-29 18:19:12,229 INFO Computing shape2D
2026-07-29 18:19:12,231 INFO Adding image type "Original" with custom settings: {}
2026-07-29 18:19:12,231 INFO Adding image type "Exponential" with custom settings: {}
2026-07-29 18:19:12,231 INFO Adding image type "Gradient" with custom settings: {}
2026-07-29 18:19:12,231 INFO Adding image type "LBP2D" with custom settings: {}
2026-07-29 18:19:12,231 INFO Adding image type "LBP3D" with custom settings: {}
2026-07-29 18:19:12,231 INFO Adding image type "LoG" with custom settings: {}
2026-07-29 18:19:12,231 INFO Adding image type "Logarithm" with custom settings: {}
2026-07-29 18:19:12,231 INFO Adding image type "Square" with custom settings: {}
2026-07-29 18:19:12,231 INFO Adding image type "SquareRoot" with custom settings: {}
2026-07-29 18:19:12,231 INFO Adding image type "Wavelet" with custom settings: {}
2026-07-29 18:19:12,231 INFO Calculating features for original image
2026-07-29 18:19:12,233 INFO Computing firstorder
2026-07-29 18:19:12,238 INFO Computing glcm
2026-07-29 18:19:12,241 WARNING GLCM is symmetrical, therefore Sum Average = 2 * Joint Average, only 1 needs to be calculated
2026-07-29 18:19:12,246 INFO Calculating features for exponential image
2026-07-29 18:19:12,250 INFO Computing firstorder
2026-07-29 18:19:12,254 INFO Computing glcm
2026-07-29 18:19:12,257 WARNING GLCM is symmetrical, therefore Sum Average = 2 * Joint Average, only 1 needs to be calculated
2026-07-29 18:19:12,260 INFO Calculating features for gradient image
2026-07-29 18:19:12,263 INFO Computing firstorder
2026-07-29 18:19:12,267 INFO Computing glcm
2026-07-29 18:19:12,270 WARNING GLCM is symmetrical, therefore Sum Average = 2 * Joint Average, only 1 needs to be calculated
2026-07-29 18:19:12,294 INFO Calculating features for lbp-2D image
2026-07-29 18:19:12,297 INFO Computing firstorder
2026-07-29 18:19:12,301 INFO Computing glcm
2026-07-29 18:19:12,303 WARNING GLCM is symmetrical, therefore Sum Average = 2 * Joint Average, only 1 needs to be calculated
2026-07-29 18:19:12,305 WARNING LBP 3D only available for 3 dimensional images, found 2 dimensions
2026-07-29 18:19:12,312 INFO Calculating features for logarithm image
2026-07-29 18:19:12,315 INFO Computing firstorder
2026-07-29 18:19:12,320 INFO Computing glcm
2026-07-29 18:19:12,323 WARNING GLCM is symmetrical, therefore Sum Average = 2 * Joint Average, only 1 needs to be calculated
2026-07-29 18:19:12,328 INFO Calculating features for square image
2026-07-29 18:19:12,331 INFO Computing firstorder
2026-07-29 18:19:12,336 INFO Computing glcm
2026-07-29 18:19:12,338 WARNING GLCM is symmetrical, therefore Sum Average = 2 * Joint Average, only 1 needs to be calculated
2026-07-29 18:19:12,344 INFO Calculating features for squareroot image
2026-07-29 18:19:12,348 INFO Computing firstorder
2026-07-29 18:19:12,352 INFO Computing glcm
2026-07-29 18:19:12,356 WARNING GLCM is symmetrical, therefore Sum Average = 2 * Joint Average, only 1 needs to be calculated
2026-07-29 18:19:12,364 INFO Computing Wavelet H
2026-07-29 18:19:12,364 INFO Calculating features for wavelet-H image
2026-07-29 18:19:12,368 INFO Computing firstorder
2026-07-29 18:19:12,373 INFO Computing glcm
2026-07-29 18:19:12,375 WARNING GLCM is symmetrical, therefore Sum Average = 2 * Joint Average, only 1 needs to be calculated
2026-07-29 18:19:12,376 INFO Calculating features for wavelet-L image
2026-07-29 18:19:12,379 INFO Computing firstorder
2026-07-29 18:19:12,384 INFO Computing glcm
2026-07-29 18:19:12,387 WARNING GLCM is symmetrical, therefore Sum Average = 2 * Joint Average, only 1 needs to be calculated
2026-07-29 18:19:12,416 INFO Calculating features with label: 1
2026-07-29 18:19:12,416 INFO Loading image and mask
2026-07-29 18:19:12,453 INFO Computing shape2D
2026-07-29 18:19:12,455 INFO Adding image type "Original" with custom settings: {}
2026-07-29 18:19:12,456 INFO Adding image type "Exponential" with custom settings: {}
2026-07-29 18:19:12,456 INFO Adding image type "Gradient" with custom settings: {}
2026-07-29 18:19:12,456 INFO Adding image type "LBP2D" with custom settings: {}
2026-07-29 18:19:12,456 INFO Adding image type "LBP3D" with custom settings: {}
2026-07-29 18:19:12,456 INFO Adding image type "LoG" with custom settings: {}
2026-07-29 18:19:12,456 INFO Adding image type "Logarithm" with custom settings: {}
2026-07-29 18:19:12,456 INFO Adding image type "Square" with custom settings: {}
2026-07-29 18:19:12,456 INFO Adding image type "SquareRoot" with custom settings: {}
2026-07-29 18:19:12,456 INFO Adding image type "Wavelet" with custom settings: {}
2026-07-29 18:19:12,456 INFO Calculating features for original image
2026-07-29 18:19:12,458 INFO Computing firstorder
2026-07-29 18:19:12,463 INFO Computing glcm
2026-07-29 18:19:12,467 WARNING GLCM is symmetrical, therefore Sum Average = 2 * Joint Average, only 1 needs to be calculated
2026-07-29 18:19:12,472 INFO Calculating features for exponential image
2026-07-29 18:19:12,476 INFO Computing firstorder
2026-07-29 18:19:12,481 INFO Computing glcm
2026-07-29 18:19:12,484 WARNING GLCM is symmetrical, therefore Sum Average = 2 * Joint Average, only 1 needs to be calculated
2026-07-29 18:19:12,487 INFO Calculating features for gradient image
2026-07-29 18:19:12,490 INFO Computing firstorder
2026-07-29 18:19:12,495 INFO Computing glcm
2026-07-29 18:19:12,498 WARNING GLCM is symmetrical, therefore Sum Average = 2 * Joint Average, only 1 needs to be calculated
2026-07-29 18:19:12,521 INFO Calculating features for lbp-2D image
2026-07-29 18:19:12,525 INFO Computing firstorder
2026-07-29 18:19:12,530 INFO Computing glcm
2026-07-29 18:19:12,532 WARNING GLCM is symmetrical, therefore Sum Average = 2 * Joint Average, only 1 needs to be calculated
2026-07-29 18:19:12,533 WARNING LBP 3D only available for 3 dimensional images, found 2 dimensions
2026-07-29 18:19:12,541 INFO Calculating features for logarithm image
2026-07-29 18:19:12,545 INFO Computing firstorder
2026-07-29 18:19:12,550 INFO Computing glcm
2026-07-29 18:19:12,555 WARNING GLCM is symmetrical, therefore Sum Average = 2 * Joint Average, only 1 needs to be calculated
2026-07-29 18:19:12,559 INFO Calculating features for square image
2026-07-29 18:19:12,563 INFO Computing firstorder
2026-07-29 18:19:12,569 INFO Computing glcm
2026-07-29 18:19:12,573 WARNING GLCM is symmetrical, therefore Sum Average = 2 * Joint Average, only 1 needs to be calculated
2026-07-29 18:19:12,579 INFO Calculating features for squareroot image
2026-07-29 18:19:12,582 INFO Computing firstorder
2026-07-29 18:19:12,588 INFO Computing glcm
2026-07-29 18:19:12,593 WARNING GLCM is symmetrical, therefore Sum Average = 2 * Joint Average, only 1 needs to be calculated
2026-07-29 18:19:12,601 INFO Computing Wavelet H
2026-07-29 18:19:12,601 INFO Calculating features for wavelet-H image
2026-07-29 18:19:12,605 INFO Computing firstorder
2026-07-29 18:19:12,611 INFO Computing glcm
2026-07-29 18:19:12,614 WARNING GLCM is symmetrical, therefore Sum Average = 2 * Joint Average, only 1 needs to be calculated
2026-07-29 18:19:12,614 INFO Calculating features for wavelet-L image
2026-07-29 18:19:12,617 INFO Computing firstorder
2026-07-29 18:19:12,623 INFO Computing glcm
2026-07-29 18:19:12,627 WARNING GLCM is symmetrical, therefore Sum Average = 2 * Joint Average, only 1 needs to be calculated
2026-07-29 18:19:12,664 INFO Calculating features with label: 1
2026-07-29 18:19:12,664 INFO Loading image and mask
2026-07-29 18:19:12,703 INFO Computing shape2D
2026-07-29 18:19:12,706 INFO Adding image type "Original" with custom settings: {}
2026-07-29 18:19:12,706 INFO Adding image type "Exponential" with custom settings: {}
2026-07-29 18:19:12,706 INFO Adding image type "Gradient" with custom settings: {}
2026-07-29 18:19:12,706 INFO Adding image type "LBP2D" with custom settings: {}
2026-07-29 18:19:12,706 INFO Adding image type "LBP3D" with custom settings: {}
2026-07-29 18:19:12,706 INFO Adding image type "LoG" with custom settings: {}
2026-07-29 18:19:12,706 INFO Adding image type "Logarithm" with custom settings: {}
2026-07-29 18:19:12,706 INFO Adding image type "Square" with custom settings: {}
2026-07-29 18:19:12,706 INFO Adding image type "SquareRoot" with custom settings: {}
2026-07-29 18:19:12,706 INFO Adding image type "Wavelet" with custom settings: {}
2026-07-29 18:19:12,706 INFO Calculating features for original image
2026-07-29 18:19:12,709 INFO Computing firstorder
2026-07-29 18:19:12,714 INFO Computing glcm
2026-07-29 18:19:12,718 WARNING GLCM is symmetrical, therefore Sum Average = 2 * Joint Average, only 1 needs to be calculated
2026-07-29 18:19:12,723 INFO Calculating features for exponential image
2026-07-29 18:19:12,727 INFO Computing firstorder
2026-07-29 18:19:12,732 INFO Computing glcm
2026-07-29 18:19:12,736 WARNING GLCM is symmetrical, therefore Sum Average = 2 * Joint Average, only 1 needs to be calculated
2026-07-29 18:19:12,738 INFO Calculating features for gradient image
2026-07-29 18:19:12,741 INFO Computing firstorder
2026-07-29 18:19:12,746 INFO Computing glcm
2026-07-29 18:19:12,750 WARNING GLCM is symmetrical, therefore Sum Average = 2 * Joint Average, only 1 needs to be calculated
2026-07-29 18:19:12,785 INFO Calculating features for lbp-2D image
2026-07-29 18:19:12,789 INFO Computing firstorder
2026-07-29 18:19:12,794 INFO Computing glcm
2026-07-29 18:19:12,797 WARNING GLCM is symmetrical, therefore Sum Average = 2 * Joint Average, only 1 needs to be calculated
2026-07-29 18:19:12,798 WARNING LBP 3D only available for 3 dimensional images, found 2 dimensions
2026-07-29 18:19:12,805 INFO Calculating features for logarithm image
2026-07-29 18:19:12,809 INFO Computing firstorder
2026-07-29 18:19:12,814 INFO Computing glcm
2026-07-29 18:19:12,818 WARNING GLCM is symmetrical, therefore Sum Average = 2 * Joint Average, only 1 needs to be calculated
2026-07-29 18:19:12,823 INFO Calculating features for square image
2026-07-29 18:19:12,827 INFO Computing firstorder
2026-07-29 18:19:12,832 INFO Computing glcm
2026-07-29 18:19:12,835 WARNING GLCM is symmetrical, therefore Sum Average = 2 * Joint Average, only 1 needs to be calculated
2026-07-29 18:19:12,841 INFO Calculating features for squareroot image
2026-07-29 18:19:12,845 INFO Computing firstorder
2026-07-29 18:19:12,851 INFO Computing glcm
2026-07-29 18:19:12,855 WARNING GLCM is symmetrical, therefore Sum Average = 2 * Joint Average, only 1 needs to be calculated
2026-07-29 18:19:12,863 INFO Computing Wavelet H
2026-07-29 18:19:12,863 INFO Calculating features for wavelet-H image
2026-07-29 18:19:12,866 INFO Computing firstorder
2026-07-29 18:19:12,872 INFO Computing glcm
2026-07-29 18:19:12,876 WARNING GLCM is symmetrical, therefore Sum Average = 2 * Joint Average, only 1 needs to be calculated
2026-07-29 18:19:12,876 INFO Calculating features for wavelet-L image
2026-07-29 18:19:12,879 INFO Computing firstorder
2026-07-29 18:19:12,885 INFO Computing glcm
2026-07-29 18:19:12,889 WARNING GLCM is symmetrical, therefore Sum Average = 2 * Joint Average, only 1 needs to be calculated
2026-07-29 18:19:12,924 INFO Calculating features with label: 1
2026-07-29 18:19:12,925 INFO Loading image and mask
2026-07-29 18:19:12,960 INFO Computing shape2D
2026-07-29 18:19:12,961 INFO Adding image type "Original" with custom settings: {}
2026-07-29 18:19:12,961 INFO Adding image type "Exponential" with custom settings: {}
2026-07-29 18:19:12,961 INFO Adding image type "Gradient" with custom settings: {}
2026-07-29 18:19:12,961 INFO Adding image type "LBP2D" with custom settings: {}
2026-07-29 18:19:12,961 INFO Adding image type "LBP3D" with custom settings: {}
2026-07-29 18:19:12,961 INFO Adding image type "LoG" with custom settings: {}
2026-07-29 18:19:12,961 INFO Adding image type "Logarithm" with custom settings: {}
2026-07-29 18:19:12,961 INFO Adding image type "Square" with custom settings: {}
2026-07-29 18:19:12,961 INFO Adding image type "SquareRoot" with custom settings: {}
2026-07-29 18:19:12,961 INFO Adding image type "Wavelet" with custom settings: {}
2026-07-29 18:19:12,961 INFO Calculating features for original image
2026-07-29 18:19:12,964 INFO Computing firstorder
2026-07-29 18:19:12,967 INFO Computing glcm
2026-07-29 18:19:12,969 WARNING GLCM is symmetrical, therefore Sum Average = 2 * Joint Average, only 1 needs to be calculated
2026-07-29 18:19:12,974 INFO Calculating features for exponential image
2026-07-29 18:19:12,976 INFO Computing firstorder
2026-07-29 18:19:12,979 INFO Computing glcm
2026-07-29 18:19:12,981 WARNING GLCM is symmetrical, therefore Sum Average = 2 * Joint Average, only 1 needs to be calculated
2026-07-29 18:19:12,983 INFO Calculating features for gradient image
2026-07-29 18:19:12,986 INFO Computing firstorder
2026-07-29 18:19:12,989 INFO Computing glcm
2026-07-29 18:19:12,991 WARNING GLCM is symmetrical, therefore Sum Average = 2 * Joint Average, only 1 needs to be calculated
2026-07-29 18:19:13,014 INFO Calculating features for lbp-2D image
2026-07-29 18:19:13,018 INFO Computing firstorder
2026-07-29 18:19:13,021 INFO Computing glcm
2026-07-29 18:19:13,023 WARNING GLCM is symmetrical, therefore Sum Average = 2 * Joint Average, only 1 needs to be calculated
2026-07-29 18:19:13,023 WARNING LBP 3D only available for 3 dimensional images, found 2 dimensions
2026-07-29 18:19:13,030 INFO Calculating features for logarithm image
2026-07-29 18:19:13,034 INFO Computing firstorder
2026-07-29 18:19:13,037 INFO Computing glcm
2026-07-29 18:19:13,039 WARNING GLCM is symmetrical, therefore Sum Average = 2 * Joint Average, only 1 needs to be calculated
2026-07-29 18:19:13,044 INFO Calculating features for square image
2026-07-29 18:19:13,047 INFO Computing firstorder
2026-07-29 18:19:13,050 INFO Computing glcm
2026-07-29 18:19:13,052 WARNING GLCM is symmetrical, therefore Sum Average = 2 * Joint Average, only 1 needs to be calculated
2026-07-29 18:19:13,058 INFO Calculating features for squareroot image
2026-07-29 18:19:13,061 INFO Computing firstorder
2026-07-29 18:19:13,064 INFO Computing glcm
2026-07-29 18:19:13,067 WARNING GLCM is symmetrical, therefore Sum Average = 2 * Joint Average, only 1 needs to be calculated
2026-07-29 18:19:13,075 INFO Computing Wavelet H
2026-07-29 18:19:13,075 INFO Calculating features for wavelet-H image
2026-07-29 18:19:13,078 INFO Computing firstorder
2026-07-29 18:19:13,081 INFO Computing glcm
2026-07-29 18:19:13,083 WARNING GLCM is symmetrical, therefore Sum Average = 2 * Joint Average, only 1 needs to be calculated
2026-07-29 18:19:13,083 INFO Calculating features for wavelet-L image
2026-07-29 18:19:13,086 INFO Computing firstorder
2026-07-29 18:19:13,089 INFO Computing glcm
2026-07-29 18:19:13,092 WARNING GLCM is symmetrical, therefore Sum Average = 2 * Joint Average, only 1 needs to be calculated
2026-07-29 18:19:13,131 INFO Calculating features with label: 1
2026-07-29 18:19:13,131 INFO Loading image and mask
2026-07-29 18:19:13,168 INFO Computing shape2D
2026-07-29 18:19:13,170 INFO Adding image type "Original" with custom settings: {}
2026-07-29 18:19:13,170 INFO Adding image type "Exponential" with custom settings: {}
2026-07-29 18:19:13,170 INFO Adding image type "Gradient" with custom settings: {}
2026-07-29 18:19:13,170 INFO Adding image type "LBP2D" with custom settings: {}
2026-07-29 18:19:13,170 INFO Adding image type "LBP3D" with custom settings: {}
2026-07-29 18:19:13,170 INFO Adding image type "LoG" with custom settings: {}
2026-07-29 18:19:13,171 INFO Adding image type "Logarithm" with custom settings: {}
2026-07-29 18:19:13,171 INFO Adding image type "Square" with custom settings: {}
2026-07-29 18:19:13,171 INFO Adding image type "SquareRoot" with custom settings: {}
2026-07-29 18:19:13,171 INFO Adding image type "Wavelet" with custom settings: {}
2026-07-29 18:19:13,171 INFO Calculating features for original image
2026-07-29 18:19:13,173 INFO Computing firstorder
2026-07-29 18:19:13,178 INFO Computing glcm
2026-07-29 18:19:13,181 WARNING GLCM is symmetrical, therefore Sum Average = 2 * Joint Average, only 1 needs to be calculated
2026-07-29 18:19:13,187 INFO Calculating features for exponential image
2026-07-29 18:19:13,190 INFO Computing firstorder
2026-07-29 18:19:13,194 INFO Computing glcm
2026-07-29 18:19:13,197 WARNING GLCM is symmetrical, therefore Sum Average = 2 * Joint Average, only 1 needs to be calculated
2026-07-29 18:19:13,200 INFO Calculating features for gradient image
2026-07-29 18:19:13,202 INFO Computing firstorder
2026-07-29 18:19:13,207 INFO Computing glcm
2026-07-29 18:19:13,210 WARNING GLCM is symmetrical, therefore Sum Average = 2 * Joint Average, only 1 needs to be calculated
2026-07-29 18:19:13,234 INFO Calculating features for lbp-2D image
2026-07-29 18:19:13,238 INFO Computing firstorder
2026-07-29 18:19:13,243 INFO Computing glcm
2026-07-29 18:19:13,245 WARNING GLCM is symmetrical, therefore Sum Average = 2 * Joint Average, only 1 needs to be calculated
2026-07-29 18:19:13,246 WARNING LBP 3D only available for 3 dimensional images, found 2 dimensions
2026-07-29 18:19:13,253 INFO Calculating features for logarithm image
2026-07-29 18:19:13,256 INFO Computing firstorder
2026-07-29 18:19:13,261 INFO Computing glcm
2026-07-29 18:19:13,264 WARNING GLCM is symmetrical, therefore Sum Average = 2 * Joint Average, only 1 needs to be calculated
2026-07-29 18:19:13,269 INFO Calculating features for square image
2026-07-29 18:19:13,272 INFO Computing firstorder
2026-07-29 18:19:13,277 INFO Computing glcm
2026-07-29 18:19:13,280 WARNING GLCM is symmetrical, therefore Sum Average = 2 * Joint Average, only 1 needs to be calculated
2026-07-29 18:19:13,285 INFO Calculating features for squareroot image
2026-07-29 18:19:13,289 INFO Computing firstorder
2026-07-29 18:19:13,294 INFO Computing glcm
2026-07-29 18:19:13,297 WARNING GLCM is symmetrical, therefore Sum Average = 2 * Joint Average, only 1 needs to be calculated
2026-07-29 18:19:13,306 INFO Computing Wavelet H
2026-07-29 18:19:13,306 INFO Calculating features for wavelet-H image
2026-07-29 18:19:13,309 INFO Computing firstorder
2026-07-29 18:19:13,314 INFO Computing glcm
2026-07-29 18:19:13,317 WARNING GLCM is symmetrical, therefore Sum Average = 2 * Joint Average, only 1 needs to be calculated
2026-07-29 18:19:13,318 INFO Calculating features for wavelet-L image
2026-07-29 18:19:13,321 INFO Computing firstorder
2026-07-29 18:19:13,326 INFO Computing glcm
2026-07-29 18:19:13,329 WARNING GLCM is symmetrical, therefore Sum Average = 2 * Joint Average, only 1 needs to be calculated
2026-07-29 18:19:13,365 INFO Calculating features with label: 1
2026-07-29 18:19:13,365 INFO Loading image and mask
2026-07-29 18:19:13,402 INFO Computing shape2D
2026-07-29 18:19:13,405 INFO Adding image type "Original" with custom settings: {}
2026-07-29 18:19:13,405 INFO Adding image type "Exponential" with custom settings: {}
2026-07-29 18:19:13,405 INFO Adding image type "Gradient" with custom settings: {}
2026-07-29 18:19:13,405 INFO Adding image type "LBP2D" with custom settings: {}
2026-07-29 18:19:13,405 INFO Adding image type "LBP3D" with custom settings: {}
2026-07-29 18:19:13,405 INFO Adding image type "LoG" with custom settings: {}
2026-07-29 18:19:13,405 INFO Adding image type "Logarithm" with custom settings: {}
2026-07-29 18:19:13,405 INFO Adding image type "Square" with custom settings: {}
2026-07-29 18:19:13,405 INFO Adding image type "SquareRoot" with custom settings: {}
2026-07-29 18:19:13,405 INFO Adding image type "Wavelet" with custom settings: {}
2026-07-29 18:19:13,405 INFO Calculating features for original image
2026-07-29 18:19:13,407 INFO Computing firstorder
2026-07-29 18:19:13,413 INFO Computing glcm
2026-07-29 18:19:13,417 WARNING GLCM is symmetrical, therefore Sum Average = 2 * Joint Average, only 1 needs to be calculated
2026-07-29 18:19:13,423 INFO Calculating features for exponential image
2026-07-29 18:19:13,427 INFO Computing firstorder
2026-07-29 18:19:13,432 INFO Computing glcm
2026-07-29 18:19:13,435 WARNING GLCM is symmetrical, therefore Sum Average = 2 * Joint Average, only 1 needs to be calculated
2026-07-29 18:19:13,438 INFO Calculating features for gradient image
2026-07-29 18:19:13,441 INFO Computing firstorder
2026-07-29 18:19:13,447 INFO Computing glcm
2026-07-29 18:19:13,450 WARNING GLCM is symmetrical, therefore Sum Average = 2 * Joint Average, only 1 needs to be calculated
2026-07-29 18:19:13,474 INFO Calculating features for lbp-2D image
2026-07-29 18:19:13,477 INFO Computing firstorder
2026-07-29 18:19:13,483 INFO Computing glcm
2026-07-29 18:19:13,486 WARNING GLCM is symmetrical, therefore Sum Average = 2 * Joint Average, only 1 needs to be calculated
2026-07-29 18:19:13,486 WARNING LBP 3D only available for 3 dimensional images, found 2 dimensions
2026-07-29 18:19:13,494 INFO Calculating features for logarithm image
2026-07-29 18:19:13,497 INFO Computing firstorder
2026-07-29 18:19:13,502 INFO Computing glcm
2026-07-29 18:19:13,506 WARNING GLCM is symmetrical, therefore Sum Average = 2 * Joint Average, only 1 needs to be calculated
2026-07-29 18:19:13,511 INFO Calculating features for square image
2026-07-29 18:19:13,515 INFO Computing firstorder
2026-07-29 18:19:13,521 INFO Computing glcm
2026-07-29 18:19:13,525 WARNING GLCM is symmetrical, therefore Sum Average = 2 * Joint Average, only 1 needs to be calculated
2026-07-29 18:19:13,531 INFO Calculating features for squareroot image
2026-07-29 18:19:13,534 INFO Computing firstorder
2026-07-29 18:19:13,540 INFO Computing glcm
2026-07-29 18:19:13,544 WARNING GLCM is symmetrical, therefore Sum Average = 2 * Joint Average, only 1 needs to be calculated
2026-07-29 18:19:13,553 INFO Computing Wavelet H
2026-07-29 18:19:13,553 INFO Calculating features for wavelet-H image
2026-07-29 18:19:13,557 INFO Computing firstorder
2026-07-29 18:19:13,563 INFO Computing glcm
2026-07-29 18:19:13,567 WARNING GLCM is symmetrical, therefore Sum Average = 2 * Joint Average, only 1 needs to be calculated
2026-07-29 18:19:13,567 INFO Calculating features for wavelet-L image
2026-07-29 18:19:13,571 INFO Computing firstorder
2026-07-29 18:19:13,577 INFO Computing glcm
2026-07-29 18:19:13,581 WARNING GLCM is symmetrical, therefore Sum Average = 2 * Joint Average, only 1 needs to be calculated
2026-07-29 18:19:13,618 INFO Calculating features with label: 1
2026-07-29 18:19:13,618 INFO Loading image and mask
2026-07-29 18:19:13,656 INFO Computing shape2D
2026-07-29 18:19:13,657 INFO Adding image type "Original" with custom settings: {}
2026-07-29 18:19:13,657 INFO Adding image type "Exponential" with custom settings: {}
2026-07-29 18:19:13,657 INFO Adding image type "Gradient" with custom settings: {}
2026-07-29 18:19:13,657 INFO Adding image type "LBP2D" with custom settings: {}
2026-07-29 18:19:13,658 INFO Adding image type "LBP3D" with custom settings: {}
2026-07-29 18:19:13,658 INFO Adding image type "LoG" with custom settings: {}
2026-07-29 18:19:13,658 INFO Adding image type "Logarithm" with custom settings: {}
2026-07-29 18:19:13,658 INFO Adding image type "Square" with custom settings: {}
2026-07-29 18:19:13,658 INFO Adding image type "SquareRoot" with custom settings: {}
2026-07-29 18:19:13,658 INFO Adding image type "Wavelet" with custom settings: {}
2026-07-29 18:19:13,658 INFO Calculating features for original image
2026-07-29 18:19:13,660 INFO Computing firstorder
2026-07-29 18:19:13,663 INFO Computing glcm
2026-07-29 18:19:13,666 WARNING GLCM is symmetrical, therefore Sum Average = 2 * Joint Average, only 1 needs to be calculated
2026-07-29 18:19:13,671 INFO Calculating features for exponential image
2026-07-29 18:19:13,674 INFO Computing firstorder
2026-07-29 18:19:13,677 INFO Computing glcm
2026-07-29 18:19:13,678 WARNING GLCM is symmetrical, therefore Sum Average = 2 * Joint Average, only 1 needs to be calculated
2026-07-29 18:19:13,681 INFO Calculating features for gradient image
2026-07-29 18:19:13,683 INFO Computing firstorder
2026-07-29 18:19:13,686 INFO Computing glcm
2026-07-29 18:19:13,688 WARNING GLCM is symmetrical, therefore Sum Average = 2 * Joint Average, only 1 needs to be calculated
2026-07-29 18:19:13,713 INFO Calculating features for lbp-2D image
2026-07-29 18:19:13,716 INFO Computing firstorder
2026-07-29 18:19:13,719 INFO Computing glcm
2026-07-29 18:19:13,721 WARNING GLCM is symmetrical, therefore Sum Average = 2 * Joint Average, only 1 needs to be calculated
2026-07-29 18:19:13,722 WARNING LBP 3D only available for 3 dimensional images, found 2 dimensions
2026-07-29 18:19:13,729 INFO Calculating features for logarithm image
2026-07-29 18:19:13,732 INFO Computing firstorder
2026-07-29 18:19:13,735 INFO Computing glcm
2026-07-29 18:19:13,738 WARNING GLCM is symmetrical, therefore Sum Average = 2 * Joint Average, only 1 needs to be calculated
2026-07-29 18:19:13,743 INFO Calculating features for square image
2026-07-29 18:19:13,746 INFO Computing firstorder
2026-07-29 18:19:13,749 INFO Computing glcm
2026-07-29 18:19:13,751 WARNING GLCM is symmetrical, therefore Sum Average = 2 * Joint Average, only 1 needs to be calculated
2026-07-29 18:19:13,757 INFO Calculating features for squareroot image
2026-07-29 18:19:13,760 INFO Computing firstorder
2026-07-29 18:19:13,763 INFO Computing glcm
2026-07-29 18:19:13,766 WARNING GLCM is symmetrical, therefore Sum Average = 2 * Joint Average, only 1 needs to be calculated
2026-07-29 18:19:13,775 INFO Computing Wavelet H
2026-07-29 18:19:13,775 INFO Calculating features for wavelet-H image
2026-07-29 18:19:13,778 INFO Computing firstorder
2026-07-29 18:19:13,782 INFO Computing glcm
2026-07-29 18:19:13,783 WARNING GLCM is symmetrical, therefore Sum Average = 2 * Joint Average, only 1 needs to be calculated
2026-07-29 18:19:13,784 INFO Calculating features for wavelet-L image
2026-07-29 18:19:13,787 INFO Computing firstorder
2026-07-29 18:19:13,790 INFO Computing glcm
2026-07-29 18:19:13,793 WARNING GLCM is symmetrical, therefore Sum Average = 2 * Joint Average, only 1 needs to be calculated
2026-07-29 18:19:13,830 INFO Calculating features with label: 1
2026-07-29 18:19:13,830 INFO Loading image and mask
2026-07-29 18:19:13,866 INFO Computing shape2D
2026-07-29 18:19:13,867 INFO Adding image type "Original" with custom settings: {}
2026-07-29 18:19:13,867 INFO Adding image type "Exponential" with custom settings: {}
2026-07-29 18:19:13,867 INFO Adding image type "Gradient" with custom settings: {}
2026-07-29 18:19:13,867 INFO Adding image type "LBP2D" with custom settings: {}
2026-07-29 18:19:13,867 INFO Adding image type "LBP3D" with custom settings: {}
2026-07-29 18:19:13,867 INFO Adding image type "LoG" with custom settings: {}
2026-07-29 18:19:13,867 INFO Adding image type "Logarithm" with custom settings: {}
2026-07-29 18:19:13,867 INFO Adding image type "Square" with custom settings: {}
2026-07-29 18:19:13,867 INFO Adding image type "SquareRoot" with custom settings: {}
2026-07-29 18:19:13,867 INFO Adding image type "Wavelet" with custom settings: {}
2026-07-29 18:19:13,867 INFO Calculating features for original image
2026-07-29 18:19:13,870 INFO Computing firstorder
2026-07-29 18:19:13,874 INFO Computing glcm
2026-07-29 18:19:13,876 WARNING GLCM is symmetrical, therefore Sum Average = 2 * Joint Average, only 1 needs to be calculated
2026-07-29 18:19:13,882 INFO Calculating features for exponential image
2026-07-29 18:19:13,885 INFO Computing firstorder
2026-07-29 18:19:13,889 INFO Computing glcm
2026-07-29 18:19:13,891 WARNING GLCM is symmetrical, therefore Sum Average = 2 * Joint Average, only 1 needs to be calculated
2026-07-29 18:19:13,893 INFO Calculating features for gradient image
2026-07-29 18:19:13,896 INFO Computing firstorder
2026-07-29 18:19:13,901 INFO Computing glcm
2026-07-29 18:19:13,904 WARNING GLCM is symmetrical, therefore Sum Average = 2 * Joint Average, only 1 needs to be calculated
2026-07-29 18:19:13,934 INFO Calculating features for lbp-2D image
2026-07-29 18:19:13,938 INFO Computing firstorder
2026-07-29 18:19:13,942 INFO Computing glcm
2026-07-29 18:19:13,944 WARNING GLCM is symmetrical, therefore Sum Average = 2 * Joint Average, only 1 needs to be calculated
2026-07-29 18:19:13,945 WARNING LBP 3D only available for 3 dimensional images, found 2 dimensions
2026-07-29 18:19:13,952 INFO Calculating features for logarithm image
2026-07-29 18:19:13,956 INFO Computing firstorder
2026-07-29 18:19:13,959 INFO Computing glcm
2026-07-29 18:19:13,962 WARNING GLCM is symmetrical, therefore Sum Average = 2 * Joint Average, only 1 needs to be calculated
2026-07-29 18:19:13,967 INFO Calculating features for square image
2026-07-29 18:19:13,971 INFO Computing firstorder
2026-07-29 18:19:13,975 INFO Computing glcm
2026-07-29 18:19:13,977 WARNING GLCM is symmetrical, therefore Sum Average = 2 * Joint Average, only 1 needs to be calculated
2026-07-29 18:19:13,983 INFO Calculating features for squareroot image
2026-07-29 18:19:13,986 INFO Computing firstorder
2026-07-29 18:19:13,990 INFO Computing glcm
2026-07-29 18:19:13,993 WARNING GLCM is symmetrical, therefore Sum Average = 2 * Joint Average, only 1 needs to be calculated
2026-07-29 18:19:14,001 INFO Computing Wavelet H
2026-07-29 18:19:14,001 INFO Calculating features for wavelet-H image
2026-07-29 18:19:14,005 INFO Computing firstorder
2026-07-29 18:19:14,010 INFO Computing glcm
2026-07-29 18:19:14,012 WARNING GLCM is symmetrical, therefore Sum Average = 2 * Joint Average, only 1 needs to be calculated
2026-07-29 18:19:14,012 INFO Calculating features for wavelet-L image
2026-07-29 18:19:14,016 INFO Computing firstorder
2026-07-29 18:19:14,020 INFO Computing glcm
2026-07-29 18:19:14,025 WARNING GLCM is symmetrical, therefore Sum Average = 2 * Joint Average, only 1 needs to be calculated
2026-07-29 18:19:14,061 INFO Calculating features with label: 1
2026-07-29 18:19:14,061 INFO Loading image and mask
2026-07-29 18:19:14,098 INFO Computing shape2D
2026-07-29 18:19:14,100 INFO Adding image type "Original" with custom settings: {}
2026-07-29 18:19:14,100 INFO Adding image type "Exponential" with custom settings: {}
2026-07-29 18:19:14,100 INFO Adding image type "Gradient" with custom settings: {}
2026-07-29 18:19:14,100 INFO Adding image type "LBP2D" with custom settings: {}
2026-07-29 18:19:14,100 INFO Adding image type "LBP3D" with custom settings: {}
2026-07-29 18:19:14,100 INFO Adding image type "LoG" with custom settings: {}
2026-07-29 18:19:14,100 INFO Adding image type "Logarithm" with custom settings: {}
2026-07-29 18:19:14,100 INFO Adding image type "Square" with custom settings: {}
2026-07-29 18:19:14,100 INFO Adding image type "SquareRoot" with custom settings: {}
2026-07-29 18:19:14,100 INFO Adding image type "Wavelet" with custom settings: {}
2026-07-29 18:19:14,100 INFO Calculating features for original image
2026-07-29 18:19:14,103 INFO Computing firstorder
2026-07-29 18:19:14,109 INFO Computing glcm
2026-07-29 18:19:14,113 WARNING GLCM is symmetrical, therefore Sum Average = 2 * Joint Average, only 1 needs to be calculated
2026-07-29 18:19:14,118 INFO Calculating features for exponential image
2026-07-29 18:19:14,121 INFO Computing firstorder
2026-07-29 18:19:14,125 INFO Computing glcm
2026-07-29 18:19:14,127 WARNING GLCM is symmetrical, therefore Sum Average = 2 * Joint Average, only 1 needs to be calculated
2026-07-29 18:19:14,130 INFO Calculating features for gradient image
2026-07-29 18:19:14,132 INFO Computing firstorder
2026-07-29 18:19:14,137 INFO Computing glcm
2026-07-29 18:19:14,139 WARNING GLCM is symmetrical, therefore Sum Average = 2 * Joint Average, only 1 needs to be calculated
2026-07-29 18:19:14,164 INFO Calculating features for lbp-2D image
2026-07-29 18:19:14,166 INFO Computing firstorder
2026-07-29 18:19:14,170 INFO Computing glcm
2026-07-29 18:19:14,173 WARNING GLCM is symmetrical, therefore Sum Average = 2 * Joint Average, only 1 needs to be calculated
2026-07-29 18:19:14,173 WARNING LBP 3D only available for 3 dimensional images, found 2 dimensions
2026-07-29 18:19:14,180 INFO Calculating features for logarithm image
2026-07-29 18:19:14,183 INFO Computing firstorder
2026-07-29 18:19:14,188 INFO Computing glcm
2026-07-29 18:19:14,191 WARNING GLCM is symmetrical, therefore Sum Average = 2 * Joint Average, only 1 needs to be calculated
2026-07-29 18:19:14,195 INFO Calculating features for square image
2026-07-29 18:19:14,198 INFO Computing firstorder
2026-07-29 18:19:14,202 INFO Computing glcm
2026-07-29 18:19:14,205 WARNING GLCM is symmetrical, therefore Sum Average = 2 * Joint Average, only 1 needs to be calculated
2026-07-29 18:19:14,210 INFO Calculating features for squareroot image
2026-07-29 18:19:14,213 INFO Computing firstorder
2026-07-29 18:19:14,217 INFO Computing glcm
2026-07-29 18:19:14,220 WARNING GLCM is symmetrical, therefore Sum Average = 2 * Joint Average, only 1 needs to be calculated
2026-07-29 18:19:14,228 INFO Computing Wavelet H
2026-07-29 18:19:14,228 INFO Calculating features for wavelet-H image
2026-07-29 18:19:14,231 INFO Computing firstorder
2026-07-29 18:19:14,236 INFO Computing glcm
2026-07-29 18:19:14,238 WARNING GLCM is symmetrical, therefore Sum Average = 2 * Joint Average, only 1 needs to be calculated
2026-07-29 18:19:14,239 INFO Calculating features for wavelet-L image
2026-07-29 18:19:14,242 INFO Computing firstorder
2026-07-29 18:19:14,246 INFO Computing glcm
2026-07-29 18:19:14,249 WARNING GLCM is symmetrical, therefore Sum Average = 2 * Joint Average, only 1 needs to be calculated
2026-07-29 18:19:14,288 INFO Calculating features with label: 1
2026-07-29 18:19:14,288 INFO Loading image and mask
2026-07-29 18:19:14,325 INFO Computing shape2D
2026-07-29 18:19:14,327 INFO Adding image type "Original" with custom settings: {}
2026-07-29 18:19:14,328 INFO Adding image type "Exponential" with custom settings: {}
2026-07-29 18:19:14,328 INFO Adding image type "Gradient" with custom settings: {}
2026-07-29 18:19:14,328 INFO Adding image type "LBP2D" with custom settings: {}
2026-07-29 18:19:14,328 INFO Adding image type "LBP3D" with custom settings: {}
2026-07-29 18:19:14,328 INFO Adding image type "LoG" with custom settings: {}
2026-07-29 18:19:14,328 INFO Adding image type "Logarithm" with custom settings: {}
2026-07-29 18:19:14,328 INFO Adding image type "Square" with custom settings: {}
2026-07-29 18:19:14,328 INFO Adding image type "SquareRoot" with custom settings: {}
2026-07-29 18:19:14,328 INFO Adding image type "Wavelet" with custom settings: {}
2026-07-29 18:19:14,328 INFO Calculating features for original image
2026-07-29 18:19:14,330 INFO Computing firstorder
2026-07-29 18:19:14,336 INFO Computing glcm
2026-07-29 18:19:14,340 WARNING GLCM is symmetrical, therefore Sum Average = 2 * Joint Average, only 1 needs to be calculated
2026-07-29 18:19:14,345 INFO Calculating features for exponential image
2026-07-29 18:19:14,348 INFO Computing firstorder
2026-07-29 18:19:14,353 INFO Computing glcm
2026-07-29 18:19:14,356 WARNING GLCM is symmetrical, therefore Sum Average = 2 * Joint Average, only 1 needs to be calculated
2026-07-29 18:19:14,359 INFO Calculating features for gradient image
2026-07-29 18:19:14,362 INFO Computing firstorder
2026-07-29 18:19:14,367 INFO Computing glcm
2026-07-29 18:19:14,371 WARNING GLCM is symmetrical, therefore Sum Average = 2 * Joint Average, only 1 needs to be calculated
2026-07-29 18:19:14,395 INFO Calculating features for lbp-2D image
2026-07-29 18:19:14,398 INFO Computing firstorder
2026-07-29 18:19:14,404 INFO Computing glcm
2026-07-29 18:19:14,407 WARNING GLCM is symmetrical, therefore Sum Average = 2 * Joint Average, only 1 needs to be calculated
2026-07-29 18:19:14,408 WARNING LBP 3D only available for 3 dimensional images, found 2 dimensions
2026-07-29 18:19:14,415 INFO Calculating features for logarithm image
2026-07-29 18:19:14,420 INFO Computing firstorder
2026-07-29 18:19:14,426 INFO Computing glcm
2026-07-29 18:19:14,430 WARNING GLCM is symmetrical, therefore Sum Average = 2 * Joint Average, only 1 needs to be calculated
2026-07-29 18:19:14,435 INFO Calculating features for square image
2026-07-29 18:19:14,439 INFO Computing firstorder
2026-07-29 18:19:14,445 INFO Computing glcm
2026-07-29 18:19:14,448 WARNING GLCM is symmetrical, therefore Sum Average = 2 * Joint Average, only 1 needs to be calculated
2026-07-29 18:19:14,454 INFO Calculating features for squareroot image
2026-07-29 18:19:14,457 INFO Computing firstorder
2026-07-29 18:19:14,463 INFO Computing glcm
2026-07-29 18:19:14,467 WARNING GLCM is symmetrical, therefore Sum Average = 2 * Joint Average, only 1 needs to be calculated
2026-07-29 18:19:14,474 INFO Computing Wavelet H
2026-07-29 18:19:14,475 INFO Calculating features for wavelet-H image
2026-07-29 18:19:14,478 INFO Computing firstorder
2026-07-29 18:19:14,484 INFO Computing glcm
2026-07-29 18:19:14,488 WARNING GLCM is symmetrical, therefore Sum Average = 2 * Joint Average, only 1 needs to be calculated
2026-07-29 18:19:14,489 INFO Calculating features for wavelet-L image
2026-07-29 18:19:14,491 INFO Computing firstorder
2026-07-29 18:19:14,497 INFO Computing glcm
2026-07-29 18:19:14,501 WARNING GLCM is symmetrical, therefore Sum Average = 2 * Joint Average, only 1 needs to be calculated
2026-07-29 18:19:14,539 INFO Calculating features with label: 1
2026-07-29 18:19:14,539 INFO Loading image and mask
2026-07-29 18:19:14,576 INFO Computing shape2D
2026-07-29 18:19:14,579 INFO Adding image type "Original" with custom settings: {}
2026-07-29 18:19:14,579 INFO Adding image type "Exponential" with custom settings: {}
2026-07-29 18:19:14,579 INFO Adding image type "Gradient" with custom settings: {}
2026-07-29 18:19:14,579 INFO Adding image type "LBP2D" with custom settings: {}
2026-07-29 18:19:14,579 INFO Adding image type "LBP3D" with custom settings: {}
2026-07-29 18:19:14,579 INFO Adding image type "LoG" with custom settings: {}
2026-07-29 18:19:14,579 INFO Adding image type "Logarithm" with custom settings: {}
2026-07-29 18:19:14,579 INFO Adding image type "Square" with custom settings: {}
2026-07-29 18:19:14,579 INFO Adding image type "SquareRoot" with custom settings: {}
2026-07-29 18:19:14,579 INFO Adding image type "Wavelet" with custom settings: {}
2026-07-29 18:19:14,579 INFO Calculating features for original image
2026-07-29 18:19:14,582 INFO Computing firstorder
2026-07-29 18:19:14,588 INFO Computing glcm
2026-07-29 18:19:14,591 WARNING GLCM is symmetrical, therefore Sum Average = 2 * Joint Average, only 1 needs to be calculated
2026-07-29 18:19:14,597 INFO Calculating features for exponential image
2026-07-29 18:19:14,601 INFO Computing firstorder
2026-07-29 18:19:14,607 INFO Computing glcm
2026-07-29 18:19:14,610 WARNING GLCM is symmetrical, therefore Sum Average = 2 * Joint Average, only 1 needs to be calculated
2026-07-29 18:19:14,613 INFO Calculating features for gradient image
2026-07-29 18:19:14,616 INFO Computing firstorder
2026-07-29 18:19:14,621 INFO Computing glcm
2026-07-29 18:19:14,624 WARNING GLCM is symmetrical, therefore Sum Average = 2 * Joint Average, only 1 needs to be calculated
2026-07-29 18:19:14,648 INFO Calculating features for lbp-2D image
2026-07-29 18:19:14,652 INFO Computing firstorder
2026-07-29 18:19:14,657 INFO Computing glcm
2026-07-29 18:19:14,660 WARNING GLCM is symmetrical, therefore Sum Average = 2 * Joint Average, only 1 needs to be calculated
2026-07-29 18:19:14,661 WARNING LBP 3D only available for 3 dimensional images, found 2 dimensions
2026-07-29 18:19:14,669 INFO Calculating features for logarithm image
2026-07-29 18:19:14,672 INFO Computing firstorder
2026-07-29 18:19:14,678 INFO Computing glcm
2026-07-29 18:19:14,682 WARNING GLCM is symmetrical, therefore Sum Average = 2 * Joint Average, only 1 needs to be calculated
2026-07-29 18:19:14,687 INFO Calculating features for square image
2026-07-29 18:19:14,691 INFO Computing firstorder
2026-07-29 18:19:14,697 INFO Computing glcm
2026-07-29 18:19:14,701 WARNING GLCM is symmetrical, therefore Sum Average = 2 * Joint Average, only 1 needs to be calculated
2026-07-29 18:19:14,707 INFO Calculating features for squareroot image
2026-07-29 18:19:14,711 INFO Computing firstorder
2026-07-29 18:19:14,717 INFO Computing glcm
2026-07-29 18:19:14,721 WARNING GLCM is symmetrical, therefore Sum Average = 2 * Joint Average, only 1 needs to be calculated
2026-07-29 18:19:14,728 INFO Computing Wavelet H
2026-07-29 18:19:14,729 INFO Calculating features for wavelet-H image
2026-07-29 18:19:14,732 INFO Computing firstorder
2026-07-29 18:19:14,739 INFO Computing glcm
2026-07-29 18:19:14,742 WARNING GLCM is symmetrical, therefore Sum Average = 2 * Joint Average, only 1 needs to be calculated
2026-07-29 18:19:14,743 INFO Calculating features for wavelet-L image
2026-07-29 18:19:14,746 INFO Computing firstorder
2026-07-29 18:19:14,752 INFO Computing glcm
2026-07-29 18:19:14,757 WARNING GLCM is symmetrical, therefore Sum Average = 2 * Joint Average, only 1 needs to be calculated
2026-07-29 18:19:14,790 INFO Calculating features with label: 1
2026-07-29 18:19:14,790 INFO Loading image and mask
2026-07-29 18:19:14,827 INFO Computing shape2D
2026-07-29 18:19:14,828 INFO Adding image type "Original" with custom settings: {}
2026-07-29 18:19:14,829 INFO Adding image type "Exponential" with custom settings: {}
2026-07-29 18:19:14,829 INFO Adding image type "Gradient" with custom settings: {}
2026-07-29 18:19:14,829 INFO Adding image type "LBP2D" with custom settings: {}
2026-07-29 18:19:14,829 INFO Adding image type "LBP3D" with custom settings: {}
2026-07-29 18:19:14,829 INFO Adding image type "LoG" with custom settings: {}
2026-07-29 18:19:14,829 INFO Adding image type "Logarithm" with custom settings: {}
2026-07-29 18:19:14,829 INFO Adding image type "Square" with custom settings: {}
2026-07-29 18:19:14,829 INFO Adding image type "SquareRoot" with custom settings: {}
2026-07-29 18:19:14,829 INFO Adding image type "Wavelet" with custom settings: {}
2026-07-29 18:19:14,829 INFO Calculating features for original image
2026-07-29 18:19:14,831 INFO Computing firstorder
2026-07-29 18:19:14,835 INFO Computing glcm
2026-07-29 18:19:14,838 WARNING GLCM is symmetrical, therefore Sum Average = 2 * Joint Average, only 1 needs to be calculated
2026-07-29 18:19:14,843 INFO Calculating features for exponential image
2026-07-29 18:19:14,846 INFO Computing firstorder
2026-07-29 18:19:14,849 INFO Computing glcm
2026-07-29 18:19:14,851 WARNING GLCM is symmetrical, therefore Sum Average = 2 * Joint Average, only 1 needs to be calculated
2026-07-29 18:19:14,854 INFO Calculating features for gradient image
2026-07-29 18:19:14,857 INFO Computing firstorder
2026-07-29 18:19:14,860 INFO Computing glcm
2026-07-29 18:19:14,862 WARNING GLCM is symmetrical, therefore Sum Average = 2 * Joint Average, only 1 needs to be calculated
2026-07-29 18:19:14,887 INFO Calculating features for lbp-2D image
2026-07-29 18:19:14,890 INFO Computing firstorder
2026-07-29 18:19:14,893 INFO Computing glcm
2026-07-29 18:19:14,895 WARNING GLCM is symmetrical, therefore Sum Average = 2 * Joint Average, only 1 needs to be calculated
2026-07-29 18:19:14,896 WARNING LBP 3D only available for 3 dimensional images, found 2 dimensions
2026-07-29 18:19:14,905 INFO Calculating features for logarithm image
2026-07-29 18:19:14,908 INFO Computing firstorder
2026-07-29 18:19:14,912 INFO Computing glcm
2026-07-29 18:19:14,915 WARNING GLCM is symmetrical, therefore Sum Average = 2 * Joint Average, only 1 needs to be calculated
2026-07-29 18:19:14,919 INFO Calculating features for square image
2026-07-29 18:19:14,923 INFO Computing firstorder
2026-07-29 18:19:14,926 INFO Computing glcm
2026-07-29 18:19:14,928 WARNING GLCM is symmetrical, therefore Sum Average = 2 * Joint Average, only 1 needs to be calculated
2026-07-29 18:19:14,934 INFO Calculating features for squareroot image
2026-07-29 18:19:14,937 INFO Computing firstorder
2026-07-29 18:19:14,940 INFO Computing glcm
2026-07-29 18:19:14,943 WARNING GLCM is symmetrical, therefore Sum Average = 2 * Joint Average, only 1 needs to be calculated
2026-07-29 18:19:14,951 INFO Computing Wavelet H
2026-07-29 18:19:14,951 INFO Calculating features for wavelet-H image
2026-07-29 18:19:14,954 INFO Computing firstorder
2026-07-29 18:19:14,958 INFO Computing glcm
2026-07-29 18:19:14,960 WARNING GLCM is symmetrical, therefore Sum Average = 2 * Joint Average, only 1 needs to be calculated
2026-07-29 18:19:14,960 INFO Calculating features for wavelet-L image
2026-07-29 18:19:14,964 INFO Computing firstorder
2026-07-29 18:19:14,967 INFO Computing glcm
2026-07-29 18:19:14,974 WARNING GLCM is symmetrical, therefore Sum Average = 2 * Joint Average, only 1 needs to be calculated
2026-07-29 18:19:15,010 INFO Calculating features with label: 1
2026-07-29 18:19:15,010 INFO Loading image and mask
2026-07-29 18:19:15,047 INFO Computing shape2D
2026-07-29 18:19:15,049 INFO Adding image type "Original" with custom settings: {}
2026-07-29 18:19:15,050 INFO Adding image type "Exponential" with custom settings: {}
2026-07-29 18:19:15,050 INFO Adding image type "Gradient" with custom settings: {}
2026-07-29 18:19:15,050 INFO Adding image type "LBP2D" with custom settings: {}
2026-07-29 18:19:15,050 INFO Adding image type "LBP3D" with custom settings: {}
2026-07-29 18:19:15,050 INFO Adding image type "LoG" with custom settings: {}
2026-07-29 18:19:15,050 INFO Adding image type "Logarithm" with custom settings: {}
2026-07-29 18:19:15,050 INFO Adding image type "Square" with custom settings: {}
2026-07-29 18:19:15,050 INFO Adding image type "SquareRoot" with custom settings: {}
2026-07-29 18:19:15,050 INFO Adding image type "Wavelet" with custom settings: {}
2026-07-29 18:19:15,050 INFO Calculating features for original image
2026-07-29 18:19:15,052 INFO Computing firstorder
2026-07-29 18:19:15,062 INFO Computing glcm
2026-07-29 18:19:15,067 WARNING GLCM is symmetrical, therefore Sum Average = 2 * Joint Average, only 1 needs to be calculated
2026-07-29 18:19:15,072 INFO Calculating features for exponential image
2026-07-29 18:19:15,076 INFO Computing firstorder
2026-07-29 18:19:15,085 INFO Computing glcm
2026-07-29 18:19:15,089 WARNING GLCM is symmetrical, therefore Sum Average = 2 * Joint Average, only 1 needs to be calculated
2026-07-29 18:19:15,092 INFO Calculating features for gradient image
2026-07-29 18:19:15,095 INFO Computing firstorder
2026-07-29 18:19:15,104 INFO Computing glcm
2026-07-29 18:19:15,108 WARNING GLCM is symmetrical, therefore Sum Average = 2 * Joint Average, only 1 needs to be calculated
2026-07-29 18:19:15,133 INFO Calculating features for lbp-2D image
2026-07-29 18:19:15,137 INFO Computing firstorder
2026-07-29 18:19:15,145 INFO Computing glcm
2026-07-29 18:19:15,149 WARNING GLCM is symmetrical, therefore Sum Average = 2 * Joint Average, only 1 needs to be calculated
2026-07-29 18:19:15,150 WARNING LBP 3D only available for 3 dimensional images, found 2 dimensions
2026-07-29 18:19:15,158 INFO Calculating features for logarithm image
2026-07-29 18:19:15,161 INFO Computing firstorder
2026-07-29 18:19:15,171 INFO Computing glcm
2026-07-29 18:19:15,176 WARNING GLCM is symmetrical, therefore Sum Average = 2 * Joint Average, only 1 needs to be calculated
2026-07-29 18:19:15,181 INFO Calculating features for square image
2026-07-29 18:19:15,184 INFO Computing firstorder
2026-07-29 18:19:15,193 INFO Computing glcm
2026-07-29 18:19:15,198 WARNING GLCM is symmetrical, therefore Sum Average = 2 * Joint Average, only 1 needs to be calculated
2026-07-29 18:19:15,203 INFO Calculating features for squareroot image
2026-07-29 18:19:15,207 INFO Computing firstorder
2026-07-29 18:19:15,217 INFO Computing glcm
2026-07-29 18:19:15,222 WARNING GLCM is symmetrical, therefore Sum Average = 2 * Joint Average, only 1 needs to be calculated
2026-07-29 18:19:15,230 INFO Computing Wavelet H
2026-07-29 18:19:15,230 INFO Calculating features for wavelet-H image
2026-07-29 18:19:15,234 INFO Computing firstorder
2026-07-29 18:19:15,244 INFO Computing glcm
2026-07-29 18:19:15,248 WARNING GLCM is symmetrical, therefore Sum Average = 2 * Joint Average, only 1 needs to be calculated
2026-07-29 18:19:15,249 INFO Calculating features for wavelet-L image
2026-07-29 18:19:15,252 INFO Computing firstorder
2026-07-29 18:19:15,262 INFO Computing glcm
2026-07-29 18:19:15,269 WARNING GLCM is symmetrical, therefore Sum Average = 2 * Joint Average, only 1 needs to be calculated
2026-07-29 18:19:15,303 INFO Calculating features with label: 1
2026-07-29 18:19:15,304 INFO Loading image and mask
2026-07-29 18:19:15,338 INFO Computing shape2D
2026-07-29 18:19:15,339 INFO Adding image type "Original" with custom settings: {}
2026-07-29 18:19:15,339 INFO Adding image type "Exponential" with custom settings: {}
2026-07-29 18:19:15,339 INFO Adding image type "Gradient" with custom settings: {}
2026-07-29 18:19:15,339 INFO Adding image type "LBP2D" with custom settings: {}
2026-07-29 18:19:15,339 INFO Adding image type "LBP3D" with custom settings: {}
2026-07-29 18:19:15,339 INFO Adding image type "LoG" with custom settings: {}
2026-07-29 18:19:15,339 INFO Adding image type "Logarithm" with custom settings: {}
2026-07-29 18:19:15,339 INFO Adding image type "Square" with custom settings: {}
2026-07-29 18:19:15,339 INFO Adding image type "SquareRoot" with custom settings: {}
2026-07-29 18:19:15,339 INFO Adding image type "Wavelet" with custom settings: {}
2026-07-29 18:19:15,339 INFO Calculating features for original image
2026-07-29 18:19:15,342 INFO Computing firstorder
2026-07-29 18:19:15,343 INFO Computing glcm
2026-07-29 18:19:15,345 WARNING GLCM is symmetrical, therefore Sum Average = 2 * Joint Average, only 1 needs to be calculated
2026-07-29 18:19:15,350 INFO Calculating features for exponential image
2026-07-29 18:19:15,353 INFO Computing firstorder
2026-07-29 18:19:15,355 INFO Computing glcm
2026-07-29 18:19:15,356 WARNING GLCM is symmetrical, therefore Sum Average = 2 * Joint Average, only 1 needs to be calculated
2026-07-29 18:19:15,358 INFO Calculating features for gradient image
2026-07-29 18:19:15,361 INFO Computing firstorder
2026-07-29 18:19:15,363 INFO Computing glcm
2026-07-29 18:19:15,364 WARNING GLCM is symmetrical, therefore Sum Average = 2 * Joint Average, only 1 needs to be calculated
2026-07-29 18:19:15,389 INFO Calculating features for lbp-2D image
2026-07-29 18:19:15,392 INFO Computing firstorder
2026-07-29 18:19:15,394 INFO Computing glcm
2026-07-29 18:19:15,395 WARNING GLCM is symmetrical, therefore Sum Average = 2 * Joint Average, only 1 needs to be calculated
2026-07-29 18:19:15,396 WARNING LBP 3D only available for 3 dimensional images, found 2 dimensions
2026-07-29 18:19:15,403 INFO Calculating features for logarithm image
2026-07-29 18:19:15,406 INFO Computing firstorder
2026-07-29 18:19:15,408 INFO Computing glcm
2026-07-29 18:19:15,409 WARNING GLCM is symmetrical, therefore Sum Average = 2 * Joint Average, only 1 needs to be calculated
2026-07-29 18:19:15,414 INFO Calculating features for square image
2026-07-29 18:19:15,417 INFO Computing firstorder
2026-07-29 18:19:15,419 INFO Computing glcm
2026-07-29 18:19:15,421 WARNING GLCM is symmetrical, therefore Sum Average = 2 * Joint Average, only 1 needs to be calculated
2026-07-29 18:19:15,426 INFO Calculating features for squareroot image
2026-07-29 18:19:15,430 INFO Computing firstorder
2026-07-29 18:19:15,432 INFO Computing glcm
2026-07-29 18:19:15,433 WARNING GLCM is symmetrical, therefore Sum Average = 2 * Joint Average, only 1 needs to be calculated
2026-07-29 18:19:15,441 INFO Computing Wavelet H
2026-07-29 18:19:15,441 INFO Calculating features for wavelet-H image
2026-07-29 18:19:15,444 INFO Computing firstorder
2026-07-29 18:19:15,446 INFO Computing glcm
2026-07-29 18:19:15,447 WARNING GLCM is symmetrical, therefore Sum Average = 2 * Joint Average, only 1 needs to be calculated
2026-07-29 18:19:15,447 INFO Calculating features for wavelet-L image
2026-07-29 18:19:15,450 INFO Computing firstorder
2026-07-29 18:19:15,451 INFO Computing glcm
2026-07-29 18:19:15,454 WARNING GLCM is symmetrical, therefore Sum Average = 2 * Joint Average, only 1 needs to be calculated
2026-07-29 18:19:15,489 INFO Calculating features with label: 1
2026-07-29 18:19:15,489 INFO Loading image and mask
2026-07-29 18:19:15,523 INFO Computing shape2D
2026-07-29 18:19:15,524 INFO Adding image type "Original" with custom settings: {}
2026-07-29 18:19:15,524 INFO Adding image type "Exponential" with custom settings: {}
2026-07-29 18:19:15,524 INFO Adding image type "Gradient" with custom settings: {}
2026-07-29 18:19:15,524 INFO Adding image type "LBP2D" with custom settings: {}
2026-07-29 18:19:15,524 INFO Adding image type "LBP3D" with custom settings: {}
2026-07-29 18:19:15,524 INFO Adding image type "LoG" with custom settings: {}
2026-07-29 18:19:15,524 INFO Adding image type "Logarithm" with custom settings: {}
2026-07-29 18:19:15,524 INFO Adding image type "Square" with custom settings: {}
2026-07-29 18:19:15,524 INFO Adding image type "SquareRoot" with custom settings: {}
2026-07-29 18:19:15,524 INFO Adding image type "Wavelet" with custom settings: {}
2026-07-29 18:19:15,524 INFO Calculating features for original image
2026-07-29 18:19:15,526 INFO Computing firstorder
2026-07-29 18:19:15,528 INFO Computing glcm
2026-07-29 18:19:15,529 WARNING GLCM is symmetrical, therefore Sum Average = 2 * Joint Average, only 1 needs to be calculated
2026-07-29 18:19:15,534 INFO Calculating features for exponential image
2026-07-29 18:19:15,537 INFO Computing firstorder
2026-07-29 18:19:15,538 INFO Computing glcm
2026-07-29 18:19:15,539 WARNING GLCM is symmetrical, therefore Sum Average = 2 * Joint Average, only 1 needs to be calculated
2026-07-29 18:19:15,541 INFO Calculating features for gradient image
2026-07-29 18:19:15,544 INFO Computing firstorder
2026-07-29 18:19:15,546 INFO Computing glcm
2026-07-29 18:19:15,547 WARNING GLCM is symmetrical, therefore Sum Average = 2 * Joint Average, only 1 needs to be calculated
2026-07-29 18:19:15,570 INFO Calculating features for lbp-2D image
2026-07-29 18:19:15,573 INFO Computing firstorder
2026-07-29 18:19:15,575 INFO Computing glcm
2026-07-29 18:19:15,576 WARNING GLCM is symmetrical, therefore Sum Average = 2 * Joint Average, only 1 needs to be calculated
2026-07-29 18:19:15,576 WARNING LBP 3D only available for 3 dimensional images, found 2 dimensions
2026-07-29 18:19:15,584 INFO Calculating features for logarithm image
2026-07-29 18:19:15,587 INFO Computing firstorder
2026-07-29 18:19:15,588 INFO Computing glcm
2026-07-29 18:19:15,589 WARNING GLCM is symmetrical, therefore Sum Average = 2 * Joint Average, only 1 needs to be calculated
2026-07-29 18:19:15,594 INFO Calculating features for square image
2026-07-29 18:19:15,598 INFO Computing firstorder
2026-07-29 18:19:15,600 INFO Computing glcm
2026-07-29 18:19:15,601 WARNING GLCM is symmetrical, therefore Sum Average = 2 * Joint Average, only 1 needs to be calculated
2026-07-29 18:19:15,607 INFO Calculating features for squareroot image
2026-07-29 18:19:15,609 INFO Computing firstorder
2026-07-29 18:19:15,611 INFO Computing glcm
2026-07-29 18:19:15,612 WARNING GLCM is symmetrical, therefore Sum Average = 2 * Joint Average, only 1 needs to be calculated
2026-07-29 18:19:15,620 INFO Computing Wavelet H
2026-07-29 18:19:15,621 INFO Calculating features for wavelet-H image
2026-07-29 18:19:15,623 INFO Computing firstorder
2026-07-29 18:19:15,625 INFO Computing glcm
2026-07-29 18:19:15,626 WARNING GLCM is symmetrical, therefore Sum Average = 2 * Joint Average, only 1 needs to be calculated
2026-07-29 18:19:15,626 INFO Calculating features for wavelet-L image
2026-07-29 18:19:15,629 INFO Computing firstorder
2026-07-29 18:19:15,630 INFO Computing glcm
2026-07-29 18:19:15,631 WARNING GLCM is symmetrical, therefore Sum Average = 2 * Joint Average, only 1 needs to be calculated
2026-07-29 18:19:15,668 INFO Calculating features with label: 1
2026-07-29 18:19:15,668 INFO Loading image and mask
2026-07-29 18:19:15,705 INFO Computing shape2D
2026-07-29 18:19:15,707 INFO Adding image type "Original" with custom settings: {}
2026-07-29 18:19:15,707 INFO Adding image type "Exponential" with custom settings: {}
2026-07-29 18:19:15,707 INFO Adding image type "Gradient" with custom settings: {}
2026-07-29 18:19:15,707 INFO Adding image type "LBP2D" with custom settings: {}
2026-07-29 18:19:15,707 INFO Adding image type "LBP3D" with custom settings: {}
2026-07-29 18:19:15,707 INFO Adding image type "LoG" with custom settings: {}
2026-07-29 18:19:15,707 INFO Adding image type "Logarithm" with custom settings: {}
2026-07-29 18:19:15,707 INFO Adding image type "Square" with custom settings: {}
2026-07-29 18:19:15,707 INFO Adding image type "SquareRoot" with custom settings: {}
2026-07-29 18:19:15,707 INFO Adding image type "Wavelet" with custom settings: {}
2026-07-29 18:19:15,707 INFO Calculating features for original image
2026-07-29 18:19:15,710 INFO Computing firstorder
2026-07-29 18:19:15,715 INFO Computing glcm
2026-07-29 18:19:15,718 WARNING GLCM is symmetrical, therefore Sum Average = 2 * Joint Average, only 1 needs to be calculated
2026-07-29 18:19:15,724 INFO Calculating features for exponential image
2026-07-29 18:19:15,727 INFO Computing firstorder
2026-07-29 18:19:15,731 INFO Computing glcm
2026-07-29 18:19:15,733 WARNING GLCM is symmetrical, therefore Sum Average = 2 * Joint Average, only 1 needs to be calculated
2026-07-29 18:19:15,735 INFO Calculating features for gradient image
2026-07-29 18:19:15,738 INFO Computing firstorder
2026-07-29 18:19:15,743 INFO Computing glcm
2026-07-29 18:19:15,745 WARNING GLCM is symmetrical, therefore Sum Average = 2 * Joint Average, only 1 needs to be calculated
2026-07-29 18:19:15,770 INFO Calculating features for lbp-2D image
2026-07-29 18:19:15,774 INFO Computing firstorder
2026-07-29 18:19:15,778 INFO Computing glcm
2026-07-29 18:19:15,780 WARNING GLCM is symmetrical, therefore Sum Average = 2 * Joint Average, only 1 needs to be calculated
2026-07-29 18:19:15,781 WARNING LBP 3D only available for 3 dimensional images, found 2 dimensions
2026-07-29 18:19:15,788 INFO Calculating features for logarithm image
2026-07-29 18:19:15,792 INFO Computing firstorder
2026-07-29 18:19:15,796 INFO Computing glcm
2026-07-29 18:19:15,799 WARNING GLCM is symmetrical, therefore Sum Average = 2 * Joint Average, only 1 needs to be calculated
2026-07-29 18:19:15,804 INFO Calculating features for square image
2026-07-29 18:19:15,807 INFO Computing firstorder
2026-07-29 18:19:15,811 INFO Computing glcm
2026-07-29 18:19:15,814 WARNING GLCM is symmetrical, therefore Sum Average = 2 * Joint Average, only 1 needs to be calculated
2026-07-29 18:19:15,819 INFO Calculating features for squareroot image
2026-07-29 18:19:15,823 INFO Computing firstorder
2026-07-29 18:19:15,827 INFO Computing glcm
2026-07-29 18:19:15,831 WARNING GLCM is symmetrical, therefore Sum Average = 2 * Joint Average, only 1 needs to be calculated
2026-07-29 18:19:15,839 INFO Computing Wavelet H
2026-07-29 18:19:15,839 INFO Calculating features for wavelet-H image
2026-07-29 18:19:15,842 INFO Computing firstorder
2026-07-29 18:19:15,847 INFO Computing glcm
2026-07-29 18:19:15,849 WARNING GLCM is symmetrical, therefore Sum Average = 2 * Joint Average, only 1 needs to be calculated
2026-07-29 18:19:15,850 INFO Calculating features for wavelet-L image
2026-07-29 18:19:15,853 INFO Computing firstorder
2026-07-29 18:19:15,858 INFO Computing glcm
2026-07-29 18:19:15,861 WARNING GLCM is symmetrical, therefore Sum Average = 2 * Joint Average, only 1 needs to be calculated
2026-07-29 18:19:15,900 INFO Calculating features with label: 1
2026-07-29 18:19:15,901 INFO Loading image and mask
2026-07-29 18:19:15,938 INFO Computing shape2D
2026-07-29 18:19:15,940 INFO Adding image type "Original" with custom settings: {}
2026-07-29 18:19:15,941 INFO Adding image type "Exponential" with custom settings: {}
2026-07-29 18:19:15,941 INFO Adding image type "Gradient" with custom settings: {}
2026-07-29 18:19:15,941 INFO Adding image type "LBP2D" with custom settings: {}
2026-07-29 18:19:15,941 INFO Adding image type "LBP3D" with custom settings: {}
2026-07-29 18:19:15,941 INFO Adding image type "LoG" with custom settings: {}
2026-07-29 18:19:15,941 INFO Adding image type "Logarithm" with custom settings: {}
2026-07-29 18:19:15,941 INFO Adding image type "Square" with custom settings: {}
2026-07-29 18:19:15,941 INFO Adding image type "SquareRoot" with custom settings: {}
2026-07-29 18:19:15,941 INFO Adding image type "Wavelet" with custom settings: {}
2026-07-29 18:19:15,941 INFO Calculating features for original image
2026-07-29 18:19:15,943 INFO Computing firstorder
2026-07-29 18:19:15,948 INFO Computing glcm
2026-07-29 18:19:15,951 WARNING GLCM is symmetrical, therefore Sum Average = 2 * Joint Average, only 1 needs to be calculated
2026-07-29 18:19:15,957 INFO Calculating features for exponential image
2026-07-29 18:19:15,961 INFO Computing firstorder
2026-07-29 18:19:15,966 INFO Computing glcm
2026-07-29 18:19:15,969 WARNING GLCM is symmetrical, therefore Sum Average = 2 * Joint Average, only 1 needs to be calculated
2026-07-29 18:19:15,971 INFO Calculating features for gradient image
2026-07-29 18:19:15,974 INFO Computing firstorder
2026-07-29 18:19:15,979 INFO Computing glcm
2026-07-29 18:19:15,982 WARNING GLCM is symmetrical, therefore Sum Average = 2 * Joint Average, only 1 needs to be calculated
2026-07-29 18:19:16,006 INFO Calculating features for lbp-2D image
2026-07-29 18:19:16,010 INFO Computing firstorder
2026-07-29 18:19:16,014 INFO Computing glcm
2026-07-29 18:19:16,017 WARNING GLCM is symmetrical, therefore Sum Average = 2 * Joint Average, only 1 needs to be calculated
2026-07-29 18:19:16,018 WARNING LBP 3D only available for 3 dimensional images, found 2 dimensions
2026-07-29 18:19:16,028 INFO Calculating features for logarithm image
2026-07-29 18:19:16,032 INFO Computing firstorder
2026-07-29 18:19:16,039 INFO Computing glcm
2026-07-29 18:19:16,044 WARNING GLCM is symmetrical, therefore Sum Average = 2 * Joint Average, only 1 needs to be calculated
2026-07-29 18:19:16,049 INFO Calculating features for square image
2026-07-29 18:19:16,054 INFO Computing firstorder
2026-07-29 18:19:16,060 INFO Computing glcm
2026-07-29 18:19:16,063 WARNING GLCM is symmetrical, therefore Sum Average = 2 * Joint Average, only 1 needs to be calculated
2026-07-29 18:19:16,069 INFO Calculating features for squareroot image
2026-07-29 18:19:16,073 INFO Computing firstorder
2026-07-29 18:19:16,079 INFO Computing glcm
2026-07-29 18:19:16,082 WARNING GLCM is symmetrical, therefore Sum Average = 2 * Joint Average, only 1 needs to be calculated
2026-07-29 18:19:16,090 INFO Computing Wavelet H
2026-07-29 18:19:16,090 INFO Calculating features for wavelet-H image
2026-07-29 18:19:16,094 INFO Computing firstorder
2026-07-29 18:19:16,099 INFO Computing glcm
2026-07-29 18:19:16,102 WARNING GLCM is symmetrical, therefore Sum Average = 2 * Joint Average, only 1 needs to be calculated
2026-07-29 18:19:16,103 INFO Calculating features for wavelet-L image
2026-07-29 18:19:16,106 INFO Computing firstorder
2026-07-29 18:19:16,112 INFO Computing glcm
2026-07-29 18:19:16,115 WARNING GLCM is symmetrical, therefore Sum Average = 2 * Joint Average, only 1 needs to be calculated
2026-07-29 18:19:16,157 INFO Calculating features with label: 1
2026-07-29 18:19:16,157 INFO Loading image and mask
2026-07-29 18:19:16,195 INFO Computing shape2D
2026-07-29 18:19:16,196 INFO Adding image type "Original" with custom settings: {}
2026-07-29 18:19:16,196 INFO Adding image type "Exponential" with custom settings: {}
2026-07-29 18:19:16,196 INFO Adding image type "Gradient" with custom settings: {}
2026-07-29 18:19:16,196 INFO Adding image type "LBP2D" with custom settings: {}
2026-07-29 18:19:16,196 INFO Adding image type "LBP3D" with custom settings: {}
2026-07-29 18:19:16,196 INFO Adding image type "LoG" with custom settings: {}
2026-07-29 18:19:16,196 INFO Adding image type "Logarithm" with custom settings: {}
2026-07-29 18:19:16,196 INFO Adding image type "Square" with custom settings: {}
2026-07-29 18:19:16,196 INFO Adding image type "SquareRoot" with custom settings: {}
2026-07-29 18:19:16,196 INFO Adding image type "Wavelet" with custom settings: {}
2026-07-29 18:19:16,197 INFO Calculating features for original image
2026-07-29 18:19:16,199 INFO Computing firstorder
2026-07-29 18:19:16,203 INFO Computing glcm
2026-07-29 18:19:16,207 WARNING GLCM is symmetrical, therefore Sum Average = 2 * Joint Average, only 1 needs to be calculated
2026-07-29 18:19:16,212 INFO Calculating features for exponential image
2026-07-29 18:19:16,216 INFO Computing firstorder
2026-07-29 18:19:16,220 INFO Computing glcm
2026-07-29 18:19:16,223 WARNING GLCM is symmetrical, therefore Sum Average = 2 * Joint Average, only 1 needs to be calculated
2026-07-29 18:19:16,225 INFO Calculating features for gradient image
2026-07-29 18:19:16,228 INFO Computing firstorder
2026-07-29 18:19:16,232 INFO Computing glcm
2026-07-29 18:19:16,235 WARNING GLCM is symmetrical, therefore Sum Average = 2 * Joint Average, only 1 needs to be calculated
2026-07-29 18:19:16,258 INFO Calculating features for lbp-2D image
2026-07-29 18:19:16,262 INFO Computing firstorder
2026-07-29 18:19:16,266 INFO Computing glcm
2026-07-29 18:19:16,268 WARNING GLCM is symmetrical, therefore Sum Average = 2 * Joint Average, only 1 needs to be calculated
2026-07-29 18:19:16,269 WARNING LBP 3D only available for 3 dimensional images, found 2 dimensions
2026-07-29 18:19:16,277 INFO Calculating features for logarithm image
2026-07-29 18:19:16,280 INFO Computing firstorder
2026-07-29 18:19:16,285 INFO Computing glcm
2026-07-29 18:19:16,288 WARNING GLCM is symmetrical, therefore Sum Average = 2 * Joint Average, only 1 needs to be calculated
2026-07-29 18:19:16,293 INFO Calculating features for square image
2026-07-29 18:19:16,296 INFO Computing firstorder
2026-07-29 18:19:16,301 INFO Computing glcm
2026-07-29 18:19:16,303 WARNING GLCM is symmetrical, therefore Sum Average = 2 * Joint Average, only 1 needs to be calculated
2026-07-29 18:19:16,308 INFO Calculating features for squareroot image
2026-07-29 18:19:16,312 INFO Computing firstorder
2026-07-29 18:19:16,316 INFO Computing glcm
2026-07-29 18:19:16,319 WARNING GLCM is symmetrical, therefore Sum Average = 2 * Joint Average, only 1 needs to be calculated
2026-07-29 18:19:16,327 INFO Computing Wavelet H
2026-07-29 18:19:16,327 INFO Calculating features for wavelet-H image
2026-07-29 18:19:16,331 INFO Computing firstorder
2026-07-29 18:19:16,336 INFO Computing glcm
2026-07-29 18:19:16,338 WARNING GLCM is symmetrical, therefore Sum Average = 2 * Joint Average, only 1 needs to be calculated
2026-07-29 18:19:16,339 INFO Calculating features for wavelet-L image
2026-07-29 18:19:16,342 INFO Computing firstorder
2026-07-29 18:19:16,346 INFO Computing glcm
2026-07-29 18:19:16,349 WARNING GLCM is symmetrical, therefore Sum Average = 2 * Joint Average, only 1 needs to be calculated
2026-07-29 18:19:16,388 INFO Calculating features with label: 1
2026-07-29 18:19:16,388 INFO Loading image and mask
2026-07-29 18:19:16,424 INFO Computing shape2D
2026-07-29 18:19:16,425 INFO Adding image type "Original" with custom settings: {}
2026-07-29 18:19:16,425 INFO Adding image type "Exponential" with custom settings: {}
2026-07-29 18:19:16,425 INFO Adding image type "Gradient" with custom settings: {}
2026-07-29 18:19:16,425 INFO Adding image type "LBP2D" with custom settings: {}
2026-07-29 18:19:16,425 INFO Adding image type "LBP3D" with custom settings: {}
2026-07-29 18:19:16,425 INFO Adding image type "LoG" with custom settings: {}
2026-07-29 18:19:16,425 INFO Adding image type "Logarithm" with custom settings: {}
2026-07-29 18:19:16,425 INFO Adding image type "Square" with custom settings: {}
2026-07-29 18:19:16,425 INFO Adding image type "SquareRoot" with custom settings: {}
2026-07-29 18:19:16,425 INFO Adding image type "Wavelet" with custom settings: {}
2026-07-29 18:19:16,425 INFO Calculating features for original image
2026-07-29 18:19:16,427 INFO Computing firstorder
2026-07-29 18:19:16,429 INFO Computing glcm
2026-07-29 18:19:16,430 WARNING GLCM is symmetrical, therefore Sum Average = 2 * Joint Average, only 1 needs to be calculated
2026-07-29 18:19:16,436 INFO Calculating features for exponential image
2026-07-29 18:19:16,439 INFO Computing firstorder
2026-07-29 18:19:16,440 INFO Computing glcm
2026-07-29 18:19:16,441 WARNING GLCM is symmetrical, therefore Sum Average = 2 * Joint Average, only 1 needs to be calculated
2026-07-29 18:19:16,443 INFO Calculating features for gradient image
2026-07-29 18:19:16,446 INFO Computing firstorder
2026-07-29 18:19:16,447 INFO Computing glcm
2026-07-29 18:19:16,448 WARNING GLCM is symmetrical, therefore Sum Average = 2 * Joint Average, only 1 needs to be calculated
2026-07-29 18:19:16,473 INFO Calculating features for lbp-2D image
2026-07-29 18:19:16,476 INFO Computing firstorder
2026-07-29 18:19:16,478 INFO Computing glcm
2026-07-29 18:19:16,479 WARNING GLCM is symmetrical, therefore Sum Average = 2 * Joint Average, only 1 needs to be calculated
2026-07-29 18:19:16,479 WARNING LBP 3D only available for 3 dimensional images, found 2 dimensions
2026-07-29 18:19:16,486 INFO Calculating features for logarithm image
2026-07-29 18:19:16,489 INFO Computing firstorder
2026-07-29 18:19:16,491 INFO Computing glcm
2026-07-29 18:19:16,493 WARNING GLCM is symmetrical, therefore Sum Average = 2 * Joint Average, only 1 needs to be calculated
2026-07-29 18:19:16,497 INFO Calculating features for square image
2026-07-29 18:19:16,500 INFO Computing firstorder
2026-07-29 18:19:16,502 INFO Computing glcm
2026-07-29 18:19:16,503 WARNING GLCM is symmetrical, therefore Sum Average = 2 * Joint Average, only 1 needs to be calculated
2026-07-29 18:19:16,508 INFO Calculating features for squareroot image
2026-07-29 18:19:16,511 INFO Computing firstorder
2026-07-29 18:19:16,513 INFO Computing glcm
2026-07-29 18:19:16,515 WARNING GLCM is symmetrical, therefore Sum Average = 2 * Joint Average, only 1 needs to be calculated
2026-07-29 18:19:16,523 INFO Computing Wavelet H
2026-07-29 18:19:16,523 INFO Calculating features for wavelet-H image
2026-07-29 18:19:16,526 INFO Computing firstorder
2026-07-29 18:19:16,527 INFO Computing glcm
2026-07-29 18:19:16,528 WARNING GLCM is symmetrical, therefore Sum Average = 2 * Joint Average, only 1 needs to be calculated
2026-07-29 18:19:16,529 INFO Calculating features for wavelet-L image
2026-07-29 18:19:16,531 INFO Computing firstorder
2026-07-29 18:19:16,533 INFO Computing glcm
2026-07-29 18:19:16,535 WARNING GLCM is symmetrical, therefore Sum Average = 2 * Joint Average, only 1 needs to be calculated
2026-07-29 18:19:16,571 INFO Calculating features with label: 1
2026-07-29 18:19:16,571 INFO Loading image and mask
2026-07-29 18:19:16,608 INFO Computing shape2D
2026-07-29 18:19:16,610 INFO Adding image type "Original" with custom settings: {}
2026-07-29 18:19:16,610 INFO Adding image type "Exponential" with custom settings: {}
2026-07-29 18:19:16,610 INFO Adding image type "Gradient" with custom settings: {}
2026-07-29 18:19:16,610 INFO Adding image type "LBP2D" with custom settings: {}
2026-07-29 18:19:16,610 INFO Adding image type "LBP3D" with custom settings: {}
2026-07-29 18:19:16,610 INFO Adding image type "LoG" with custom settings: {}
2026-07-29 18:19:16,610 INFO Adding image type "Logarithm" with custom settings: {}
2026-07-29 18:19:16,610 INFO Adding image type "Square" with custom settings: {}
2026-07-29 18:19:16,610 INFO Adding image type "SquareRoot" with custom settings: {}
2026-07-29 18:19:16,610 INFO Adding image type "Wavelet" with custom settings: {}
2026-07-29 18:19:16,610 INFO Calculating features for original image
2026-07-29 18:19:16,613 INFO Computing firstorder
2026-07-29 18:19:16,615 INFO Computing glcm
2026-07-29 18:19:16,617 WARNING GLCM is symmetrical, therefore Sum Average = 2 * Joint Average, only 1 needs to be calculated
2026-07-29 18:19:16,622 INFO Calculating features for exponential image
2026-07-29 18:19:16,625 INFO Computing firstorder
2026-07-29 18:19:16,628 INFO Computing glcm
2026-07-29 18:19:16,629 WARNING GLCM is symmetrical, therefore Sum Average = 2 * Joint Average, only 1 needs to be calculated
2026-07-29 18:19:16,631 INFO Calculating features for gradient image
2026-07-29 18:19:16,633 INFO Computing firstorder
2026-07-29 18:19:16,636 INFO Computing glcm
2026-07-29 18:19:16,638 WARNING GLCM is symmetrical, therefore Sum Average = 2 * Joint Average, only 1 needs to be calculated
2026-07-29 18:19:16,662 INFO Calculating features for lbp-2D image
2026-07-29 18:19:16,665 INFO Computing firstorder
2026-07-29 18:19:16,668 INFO Computing glcm
2026-07-29 18:19:16,669 WARNING GLCM is symmetrical, therefore Sum Average = 2 * Joint Average, only 1 needs to be calculated
2026-07-29 18:19:16,670 WARNING LBP 3D only available for 3 dimensional images, found 2 dimensions
2026-07-29 18:19:16,677 INFO Calculating features for logarithm image
2026-07-29 18:19:16,680 INFO Computing firstorder
2026-07-29 18:19:16,683 INFO Computing glcm
2026-07-29 18:19:16,685 WARNING GLCM is symmetrical, therefore Sum Average = 2 * Joint Average, only 1 needs to be calculated
2026-07-29 18:19:16,690 INFO Calculating features for square image
2026-07-29 18:19:16,694 INFO Computing firstorder
2026-07-29 18:19:16,696 INFO Computing glcm
2026-07-29 18:19:16,698 WARNING GLCM is symmetrical, therefore Sum Average = 2 * Joint Average, only 1 needs to be calculated
2026-07-29 18:19:16,704 INFO Calculating features for squareroot image
2026-07-29 18:19:16,708 INFO Computing firstorder
2026-07-29 18:19:16,711 INFO Computing glcm
2026-07-29 18:19:16,713 WARNING GLCM is symmetrical, therefore Sum Average = 2 * Joint Average, only 1 needs to be calculated
2026-07-29 18:19:16,721 INFO Computing Wavelet H
2026-07-29 18:19:16,721 INFO Calculating features for wavelet-H image
2026-07-29 18:19:16,724 INFO Computing firstorder
2026-07-29 18:19:16,727 INFO Computing glcm
2026-07-29 18:19:16,728 WARNING GLCM is symmetrical, therefore Sum Average = 2 * Joint Average, only 1 needs to be calculated
2026-07-29 18:19:16,729 INFO Calculating features for wavelet-L image
2026-07-29 18:19:16,731 INFO Computing firstorder
2026-07-29 18:19:16,734 INFO Computing glcm
2026-07-29 18:19:16,736 WARNING GLCM is symmetrical, therefore Sum Average = 2 * Joint Average, only 1 needs to be calculated
2026-07-29 18:19:16,772 INFO Calculating features with label: 1
2026-07-29 18:19:16,772 INFO Loading image and mask
2026-07-29 18:19:16,809 INFO Computing shape2D
2026-07-29 18:19:16,812 INFO Adding image type "Original" with custom settings: {}
2026-07-29 18:19:16,812 INFO Adding image type "Exponential" with custom settings: {}
2026-07-29 18:19:16,812 INFO Adding image type "Gradient" with custom settings: {}
2026-07-29 18:19:16,812 INFO Adding image type "LBP2D" with custom settings: {}
2026-07-29 18:19:16,812 INFO Adding image type "LBP3D" with custom settings: {}
2026-07-29 18:19:16,812 INFO Adding image type "LoG" with custom settings: {}
2026-07-29 18:19:16,812 INFO Adding image type "Logarithm" with custom settings: {}
2026-07-29 18:19:16,812 INFO Adding image type "Square" with custom settings: {}
2026-07-29 18:19:16,812 INFO Adding image type "SquareRoot" with custom settings: {}
2026-07-29 18:19:16,812 INFO Adding image type "Wavelet" with custom settings: {}
2026-07-29 18:19:16,812 INFO Calculating features for original image
2026-07-29 18:19:16,815 INFO Computing firstorder
2026-07-29 18:19:16,821 INFO Computing glcm
2026-07-29 18:19:16,825 WARNING GLCM is symmetrical, therefore Sum Average = 2 * Joint Average, only 1 needs to be calculated
2026-07-29 18:19:16,830 INFO Calculating features for exponential image
2026-07-29 18:19:16,834 INFO Computing firstorder
2026-07-29 18:19:16,840 INFO Computing glcm
2026-07-29 18:19:16,843 WARNING GLCM is symmetrical, therefore Sum Average = 2 * Joint Average, only 1 needs to be calculated
2026-07-29 18:19:16,846 INFO Calculating features for gradient image
2026-07-29 18:19:16,849 INFO Computing firstorder
2026-07-29 18:19:16,855 INFO Computing glcm
2026-07-29 18:19:16,858 WARNING GLCM is symmetrical, therefore Sum Average = 2 * Joint Average, only 1 needs to be calculated
2026-07-29 18:19:16,882 INFO Calculating features for lbp-2D image
2026-07-29 18:19:16,886 INFO Computing firstorder
2026-07-29 18:19:16,892 INFO Computing glcm
2026-07-29 18:19:16,895 WARNING GLCM is symmetrical, therefore Sum Average = 2 * Joint Average, only 1 needs to be calculated
2026-07-29 18:19:16,895 WARNING LBP 3D only available for 3 dimensional images, found 2 dimensions
2026-07-29 18:19:16,903 INFO Calculating features for logarithm image
2026-07-29 18:19:16,907 INFO Computing firstorder
2026-07-29 18:19:16,913 INFO Computing glcm
2026-07-29 18:19:16,920 WARNING GLCM is symmetrical, therefore Sum Average = 2 * Joint Average, only 1 needs to be calculated
2026-07-29 18:19:16,926 INFO Calculating features for square image
2026-07-29 18:19:16,931 INFO Computing firstorder
2026-07-29 18:19:16,939 INFO Computing glcm
2026-07-29 18:19:16,943 WARNING GLCM is symmetrical, therefore Sum Average = 2 * Joint Average, only 1 needs to be calculated
2026-07-29 18:19:16,950 INFO Calculating features for squareroot image
2026-07-29 18:19:16,954 INFO Computing firstorder
2026-07-29 18:19:16,960 INFO Computing glcm
2026-07-29 18:19:16,964 WARNING GLCM is symmetrical, therefore Sum Average = 2 * Joint Average, only 1 needs to be calculated
2026-07-29 18:19:16,972 INFO Computing Wavelet H
2026-07-29 18:19:16,972 INFO Calculating features for wavelet-H image
2026-07-29 18:19:16,976 INFO Computing firstorder
2026-07-29 18:19:16,982 INFO Computing glcm
2026-07-29 18:19:16,985 WARNING GLCM is symmetrical, therefore Sum Average = 2 * Joint Average, only 1 needs to be calculated
2026-07-29 18:19:16,986 INFO Calculating features for wavelet-L image
2026-07-29 18:19:16,990 INFO Computing firstorder
2026-07-29 18:19:16,996 INFO Computing glcm
2026-07-29 18:19:17,000 WARNING GLCM is symmetrical, therefore Sum Average = 2 * Joint Average, only 1 needs to be calculated
2026-07-29 18:19:17,038 INFO Calculating features with label: 1
2026-07-29 18:19:17,038 INFO Loading image and mask
2026-07-29 18:19:17,076 INFO Computing shape2D
2026-07-29 18:19:17,077 INFO Adding image type "Original" with custom settings: {}
2026-07-29 18:19:17,077 INFO Adding image type "Exponential" with custom settings: {}
2026-07-29 18:19:17,077 INFO Adding image type "Gradient" with custom settings: {}
2026-07-29 18:19:17,077 INFO Adding image type "LBP2D" with custom settings: {}
2026-07-29 18:19:17,077 INFO Adding image type "LBP3D" with custom settings: {}
2026-07-29 18:19:17,077 INFO Adding image type "LoG" with custom settings: {}
2026-07-29 18:19:17,077 INFO Adding image type "Logarithm" with custom settings: {}
2026-07-29 18:19:17,077 INFO Adding image type "Square" with custom settings: {}
2026-07-29 18:19:17,077 INFO Adding image type "SquareRoot" with custom settings: {}
2026-07-29 18:19:17,077 INFO Adding image type "Wavelet" with custom settings: {}
2026-07-29 18:19:17,077 INFO Calculating features for original image
2026-07-29 18:19:17,079 INFO Computing firstorder
2026-07-29 18:19:17,081 INFO Computing glcm
2026-07-29 18:19:17,083 WARNING GLCM is symmetrical, therefore Sum Average = 2 * Joint Average, only 1 needs to be calculated
2026-07-29 18:19:17,088 INFO Calculating features for exponential image
2026-07-29 18:19:17,091 INFO Computing firstorder
2026-07-29 18:19:17,093 INFO Computing glcm
2026-07-29 18:19:17,094 WARNING GLCM is symmetrical, therefore Sum Average = 2 * Joint Average, only 1 needs to be calculated
2026-07-29 18:19:17,096 INFO Calculating features for gradient image
2026-07-29 18:19:17,098 INFO Computing firstorder
2026-07-29 18:19:17,100 INFO Computing glcm
2026-07-29 18:19:17,101 WARNING GLCM is symmetrical, therefore Sum Average = 2 * Joint Average, only 1 needs to be calculated
2026-07-29 18:19:17,125 INFO Calculating features for lbp-2D image
2026-07-29 18:19:17,128 INFO Computing firstorder
2026-07-29 18:19:17,130 INFO Computing glcm
2026-07-29 18:19:17,131 WARNING GLCM is symmetrical, therefore Sum Average = 2 * Joint Average, only 1 needs to be calculated
2026-07-29 18:19:17,132 WARNING LBP 3D only available for 3 dimensional images, found 2 dimensions
2026-07-29 18:19:17,139 INFO Calculating features for logarithm image
2026-07-29 18:19:17,143 INFO Computing firstorder
2026-07-29 18:19:17,145 INFO Computing glcm
2026-07-29 18:19:17,147 WARNING GLCM is symmetrical, therefore Sum Average = 2 * Joint Average, only 1 needs to be calculated
2026-07-29 18:19:17,152 INFO Calculating features for square image
2026-07-29 18:19:17,155 INFO Computing firstorder
2026-07-29 18:19:17,157 INFO Computing glcm
2026-07-29 18:19:17,158 WARNING GLCM is symmetrical, therefore Sum Average = 2 * Joint Average, only 1 needs to be calculated
2026-07-29 18:19:17,164 INFO Calculating features for squareroot image
2026-07-29 18:19:17,167 INFO Computing firstorder
2026-07-29 18:19:17,169 INFO Computing glcm
2026-07-29 18:19:17,171 WARNING GLCM is symmetrical, therefore Sum Average = 2 * Joint Average, only 1 needs to be calculated
2026-07-29 18:19:17,178 INFO Computing Wavelet H
2026-07-29 18:19:17,178 INFO Calculating features for wavelet-H image
2026-07-29 18:19:17,182 INFO Computing firstorder
2026-07-29 18:19:17,184 INFO Computing glcm
2026-07-29 18:19:17,185 WARNING GLCM is symmetrical, therefore Sum Average = 2 * Joint Average, only 1 needs to be calculated
2026-07-29 18:19:17,185 INFO Calculating features for wavelet-L image
2026-07-29 18:19:17,188 INFO Computing firstorder
2026-07-29 18:19:17,190 INFO Computing glcm
2026-07-29 18:19:17,192 WARNING GLCM is symmetrical, therefore Sum Average = 2 * Joint Average, only 1 needs to be calculated
2026-07-29 18:19:17,230 INFO Calculating features with label: 1
2026-07-29 18:19:17,230 INFO Loading image and mask
2026-07-29 18:19:17,266 INFO Computing shape2D
2026-07-29 18:19:17,267 INFO Adding image type "Original" with custom settings: {}
2026-07-29 18:19:17,267 INFO Adding image type "Exponential" with custom settings: {}
2026-07-29 18:19:17,267 INFO Adding image type "Gradient" with custom settings: {}
2026-07-29 18:19:17,267 INFO Adding image type "LBP2D" with custom settings: {}
2026-07-29 18:19:17,267 INFO Adding image type "LBP3D" with custom settings: {}
2026-07-29 18:19:17,267 INFO Adding image type "LoG" with custom settings: {}
2026-07-29 18:19:17,267 INFO Adding image type "Logarithm" with custom settings: {}
2026-07-29 18:19:17,267 INFO Adding image type "Square" with custom settings: {}
2026-07-29 18:19:17,267 INFO Adding image type "SquareRoot" with custom settings: {}
2026-07-29 18:19:17,267 INFO Adding image type "Wavelet" with custom settings: {}
2026-07-29 18:19:17,268 INFO Calculating features for original image
2026-07-29 18:19:17,270 INFO Computing firstorder
2026-07-29 18:19:17,272 INFO Computing glcm
2026-07-29 18:19:17,274 WARNING GLCM is symmetrical, therefore Sum Average = 2 * Joint Average, only 1 needs to be calculated
2026-07-29 18:19:17,279 INFO Calculating features for exponential image
2026-07-29 18:19:17,282 INFO Computing firstorder
2026-07-29 18:19:17,284 INFO Computing glcm
2026-07-29 18:19:17,285 WARNING GLCM is symmetrical, therefore Sum Average = 2 * Joint Average, only 1 needs to be calculated
2026-07-29 18:19:17,288 INFO Calculating features for gradient image
2026-07-29 18:19:17,290 INFO Computing firstorder
2026-07-29 18:19:17,293 INFO Computing glcm
2026-07-29 18:19:17,294 WARNING GLCM is symmetrical, therefore Sum Average = 2 * Joint Average, only 1 needs to be calculated
2026-07-29 18:19:17,318 INFO Calculating features for lbp-2D image
2026-07-29 18:19:17,322 INFO Computing firstorder
2026-07-29 18:19:17,324 INFO Computing glcm
2026-07-29 18:19:17,325 WARNING GLCM is symmetrical, therefore Sum Average = 2 * Joint Average, only 1 needs to be calculated
2026-07-29 18:19:17,326 WARNING LBP 3D only available for 3 dimensional images, found 2 dimensions
2026-07-29 18:19:17,334 INFO Calculating features for logarithm image
2026-07-29 18:19:17,337 INFO Computing firstorder
2026-07-29 18:19:17,339 INFO Computing glcm
2026-07-29 18:19:17,341 WARNING GLCM is symmetrical, therefore Sum Average = 2 * Joint Average, only 1 needs to be calculated
2026-07-29 18:19:17,347 INFO Calculating features for square image
2026-07-29 18:19:17,350 INFO Computing firstorder
2026-07-29 18:19:17,352 INFO Computing glcm
2026-07-29 18:19:17,354 WARNING GLCM is symmetrical, therefore Sum Average = 2 * Joint Average, only 1 needs to be calculated
2026-07-29 18:19:17,360 INFO Calculating features for squareroot image
2026-07-29 18:19:17,363 INFO Computing firstorder
2026-07-29 18:19:17,366 INFO Computing glcm
2026-07-29 18:19:17,368 WARNING GLCM is symmetrical, therefore Sum Average = 2 * Joint Average, only 1 needs to be calculated
2026-07-29 18:19:17,376 INFO Computing Wavelet H
2026-07-29 18:19:17,377 INFO Calculating features for wavelet-H image
2026-07-29 18:19:17,379 INFO Computing firstorder
2026-07-29 18:19:17,382 INFO Computing glcm
2026-07-29 18:19:17,384 WARNING GLCM is symmetrical, therefore Sum Average = 2 * Joint Average, only 1 needs to be calculated
2026-07-29 18:19:17,384 INFO Calculating features for wavelet-L image
2026-07-29 18:19:17,387 INFO Computing firstorder
2026-07-29 18:19:17,390 INFO Computing glcm
2026-07-29 18:19:17,393 WARNING GLCM is symmetrical, therefore Sum Average = 2 * Joint Average, only 1 needs to be calculated
2026-07-29 18:19:17,411 INFO Calculating features with label: 1
2026-07-29 18:19:17,411 INFO Loading image and mask
2026-07-29 18:19:17,447 INFO Computing shape2D
2026-07-29 18:19:17,448 INFO Adding image type "Original" with custom settings: {}
2026-07-29 18:19:17,448 INFO Adding image type "Exponential" with custom settings: {}
2026-07-29 18:19:17,448 INFO Adding image type "Gradient" with custom settings: {}
2026-07-29 18:19:17,448 INFO Adding image type "LBP2D" with custom settings: {}
2026-07-29 18:19:17,448 INFO Adding image type "LBP3D" with custom settings: {}
2026-07-29 18:19:17,448 INFO Adding image type "LoG" with custom settings: {}
2026-07-29 18:19:17,448 INFO Adding image type "Logarithm" with custom settings: {}
2026-07-29 18:19:17,448 INFO Adding image type "Square" with custom settings: {}
2026-07-29 18:19:17,448 INFO Adding image type "SquareRoot" with custom settings: {}
2026-07-29 18:19:17,448 INFO Adding image type "Wavelet" with custom settings: {}
2026-07-29 18:19:17,448 INFO Calculating features for original image
2026-07-29 18:19:17,450 INFO Computing firstorder
2026-07-29 18:19:17,453 INFO Computing glcm
2026-07-29 18:19:17,455 WARNING GLCM is symmetrical, therefore Sum Average = 2 * Joint Average, only 1 needs to be calculated
2026-07-29 18:19:17,461 INFO Calculating features for exponential image
2026-07-29 18:19:17,464 INFO Computing firstorder
2026-07-29 18:19:17,467 INFO Computing glcm
2026-07-29 18:19:17,468 WARNING GLCM is symmetrical, therefore Sum Average = 2 * Joint Average, only 1 needs to be calculated
2026-07-29 18:19:17,471 INFO Calculating features for gradient image
2026-07-29 18:19:17,473 INFO Computing firstorder
2026-07-29 18:19:17,476 INFO Computing glcm
2026-07-29 18:19:17,478 WARNING GLCM is symmetrical, therefore Sum Average = 2 * Joint Average, only 1 needs to be calculated
2026-07-29 18:19:17,502 INFO Calculating features for lbp-2D image
2026-07-29 18:19:17,506 INFO Computing firstorder
2026-07-29 18:19:17,509 INFO Computing glcm
2026-07-29 18:19:17,511 WARNING GLCM is symmetrical, therefore Sum Average = 2 * Joint Average, only 1 needs to be calculated
2026-07-29 18:19:17,511 WARNING LBP 3D only available for 3 dimensional images, found 2 dimensions
2026-07-29 18:19:17,518 INFO Calculating features for logarithm image
2026-07-29 18:19:17,522 INFO Computing firstorder
2026-07-29 18:19:17,525 INFO Computing glcm
2026-07-29 18:19:17,528 WARNING GLCM is symmetrical, therefore Sum Average = 2 * Joint Average, only 1 needs to be calculated
2026-07-29 18:19:17,532 INFO Calculating features for square image
2026-07-29 18:19:17,535 INFO Computing firstorder
2026-07-29 18:19:17,538 INFO Computing glcm
2026-07-29 18:19:17,540 WARNING GLCM is symmetrical, therefore Sum Average = 2 * Joint Average, only 1 needs to be calculated
2026-07-29 18:19:17,545 INFO Calculating features for squareroot image
2026-07-29 18:19:17,549 INFO Computing firstorder
2026-07-29 18:19:17,551 INFO Computing glcm
2026-07-29 18:19:17,554 WARNING GLCM is symmetrical, therefore Sum Average = 2 * Joint Average, only 1 needs to be calculated
2026-07-29 18:19:17,561 INFO Computing Wavelet H
2026-07-29 18:19:17,562 INFO Calculating features for wavelet-H image
2026-07-29 18:19:17,564 INFO Computing firstorder
2026-07-29 18:19:17,567 INFO Computing glcm
2026-07-29 18:19:17,569 WARNING GLCM is symmetrical, therefore Sum Average = 2 * Joint Average, only 1 needs to be calculated
2026-07-29 18:19:17,570 INFO Calculating features for wavelet-L image
2026-07-29 18:19:17,572 INFO Computing firstorder
2026-07-29 18:19:17,575 INFO Computing glcm
2026-07-29 18:19:17,577 WARNING GLCM is symmetrical, therefore Sum Average = 2 * Joint Average, only 1 needs to be calculated
2026-07-29 18:19:17,613 INFO Calculating features with label: 1
2026-07-29 18:19:17,613 INFO Loading image and mask
2026-07-29 18:19:17,650 INFO Computing shape2D
2026-07-29 18:19:17,651 INFO Adding image type "Original" with custom settings: {}
2026-07-29 18:19:17,651 INFO Adding image type "Exponential" with custom settings: {}
2026-07-29 18:19:17,651 INFO Adding image type "Gradient" with custom settings: {}
2026-07-29 18:19:17,652 INFO Adding image type "LBP2D" with custom settings: {}
2026-07-29 18:19:17,652 INFO Adding image type "LBP3D" with custom settings: {}
2026-07-29 18:19:17,652 INFO Adding image type "LoG" with custom settings: {}
2026-07-29 18:19:17,652 INFO Adding image type "Logarithm" with custom settings: {}
2026-07-29 18:19:17,652 INFO Adding image type "Square" with custom settings: {}
2026-07-29 18:19:17,652 INFO Adding image type "SquareRoot" with custom settings: {}
2026-07-29 18:19:17,652 INFO Adding image type "Wavelet" with custom settings: {}
2026-07-29 18:19:17,652 INFO Calculating features for original image
2026-07-29 18:19:17,654 INFO Computing firstorder
2026-07-29 18:19:17,656 INFO Computing glcm
2026-07-29 18:19:17,659 WARNING GLCM is symmetrical, therefore Sum Average = 2 * Joint Average, only 1 needs to be calculated
2026-07-29 18:19:17,663 INFO Calculating features for exponential image
2026-07-29 18:19:17,666 INFO Computing firstorder
2026-07-29 18:19:17,669 INFO Computing glcm
2026-07-29 18:19:17,670 WARNING GLCM is symmetrical, therefore Sum Average = 2 * Joint Average, only 1 needs to be calculated
2026-07-29 18:19:17,673 INFO Calculating features for gradient image
2026-07-29 18:19:17,675 INFO Computing firstorder
2026-07-29 18:19:17,678 INFO Computing glcm
2026-07-29 18:19:17,679 WARNING GLCM is symmetrical, therefore Sum Average = 2 * Joint Average, only 1 needs to be calculated
2026-07-29 18:19:17,703 INFO Calculating features for lbp-2D image
2026-07-29 18:19:17,707 INFO Computing firstorder
2026-07-29 18:19:17,709 INFO Computing glcm
2026-07-29 18:19:17,711 WARNING GLCM is symmetrical, therefore Sum Average = 2 * Joint Average, only 1 needs to be calculated
2026-07-29 18:19:17,712 WARNING LBP 3D only available for 3 dimensional images, found 2 dimensions
2026-07-29 18:19:17,719 INFO Calculating features for logarithm image
2026-07-29 18:19:17,722 INFO Computing firstorder
2026-07-29 18:19:17,725 INFO Computing glcm
2026-07-29 18:19:17,727 WARNING GLCM is symmetrical, therefore Sum Average = 2 * Joint Average, only 1 needs to be calculated
2026-07-29 18:19:17,732 INFO Calculating features for square image
2026-07-29 18:19:17,735 INFO Computing firstorder
2026-07-29 18:19:17,738 INFO Computing glcm
2026-07-29 18:19:17,740 WARNING GLCM is symmetrical, therefore Sum Average = 2 * Joint Average, only 1 needs to be calculated
2026-07-29 18:19:17,745 INFO Calculating features for squareroot image
2026-07-29 18:19:17,749 INFO Computing firstorder
2026-07-29 18:19:17,752 INFO Computing glcm
2026-07-29 18:19:17,754 WARNING GLCM is symmetrical, therefore Sum Average = 2 * Joint Average, only 1 needs to be calculated
2026-07-29 18:19:17,762 INFO Computing Wavelet H
2026-07-29 18:19:17,762 INFO Calculating features for wavelet-H image
2026-07-29 18:19:17,765 INFO Computing firstorder
2026-07-29 18:19:17,768 INFO Computing glcm
2026-07-29 18:19:17,770 WARNING GLCM is symmetrical, therefore Sum Average = 2 * Joint Average, only 1 needs to be calculated
2026-07-29 18:19:17,770 INFO Calculating features for wavelet-L image
2026-07-29 18:19:17,773 INFO Computing firstorder
2026-07-29 18:19:17,776 INFO Computing glcm
2026-07-29 18:19:17,779 WARNING GLCM is symmetrical, therefore Sum Average = 2 * Joint Average, only 1 needs to be calculated
2026-07-29 18:19:17,816 INFO Calculating features with label: 1
2026-07-29 18:19:17,817 INFO Loading image and mask
2026-07-29 18:19:17,855 INFO Computing shape2D
2026-07-29 18:19:17,856 INFO Adding image type "Original" with custom settings: {}
2026-07-29 18:19:17,856 INFO Adding image type "Exponential" with custom settings: {}
2026-07-29 18:19:17,856 INFO Adding image type "Gradient" with custom settings: {}
2026-07-29 18:19:17,856 INFO Adding image type "LBP2D" with custom settings: {}
2026-07-29 18:19:17,856 INFO Adding image type "LBP3D" with custom settings: {}
2026-07-29 18:19:17,856 INFO Adding image type "LoG" with custom settings: {}
2026-07-29 18:19:17,856 INFO Adding image type "Logarithm" with custom settings: {}
2026-07-29 18:19:17,856 INFO Adding image type "Square" with custom settings: {}
2026-07-29 18:19:17,856 INFO Adding image type "SquareRoot" with custom settings: {}
2026-07-29 18:19:17,856 INFO Adding image type "Wavelet" with custom settings: {}
2026-07-29 18:19:17,856 INFO Calculating features for original image
2026-07-29 18:19:17,859 INFO Computing firstorder
2026-07-29 18:19:17,862 INFO Computing glcm
2026-07-29 18:19:17,864 WARNING GLCM is symmetrical, therefore Sum Average = 2 * Joint Average, only 1 needs to be calculated
2026-07-29 18:19:17,869 INFO Calculating features for exponential image
2026-07-29 18:19:17,872 INFO Computing firstorder
2026-07-29 18:19:17,875 INFO Computing glcm
2026-07-29 18:19:17,877 WARNING GLCM is symmetrical, therefore Sum Average = 2 * Joint Average, only 1 needs to be calculated
2026-07-29 18:19:17,880 INFO Calculating features for gradient image
2026-07-29 18:19:17,882 INFO Computing firstorder
2026-07-29 18:19:17,885 INFO Computing glcm
2026-07-29 18:19:17,887 WARNING GLCM is symmetrical, therefore Sum Average = 2 * Joint Average, only 1 needs to be calculated
2026-07-29 18:19:17,910 INFO Calculating features for lbp-2D image
2026-07-29 18:19:17,914 INFO Computing firstorder
2026-07-29 18:19:17,917 INFO Computing glcm
2026-07-29 18:19:17,919 WARNING GLCM is symmetrical, therefore Sum Average = 2 * Joint Average, only 1 needs to be calculated
2026-07-29 18:19:17,920 WARNING LBP 3D only available for 3 dimensional images, found 2 dimensions
2026-07-29 18:19:17,927 INFO Calculating features for logarithm image
2026-07-29 18:19:17,931 INFO Computing firstorder
2026-07-29 18:19:17,934 INFO Computing glcm
2026-07-29 18:19:17,937 WARNING GLCM is symmetrical, therefore Sum Average = 2 * Joint Average, only 1 needs to be calculated
2026-07-29 18:19:17,943 INFO Calculating features for square image
2026-07-29 18:19:17,946 INFO Computing firstorder
2026-07-29 18:19:17,949 INFO Computing glcm
2026-07-29 18:19:17,951 WARNING GLCM is symmetrical, therefore Sum Average = 2 * Joint Average, only 1 needs to be calculated
2026-07-29 18:19:17,957 INFO Calculating features for squareroot image
2026-07-29 18:19:17,969 INFO Computing firstorder
2026-07-29 18:19:17,975 INFO Computing glcm
2026-07-29 18:19:17,979 WARNING GLCM is symmetrical, therefore Sum Average = 2 * Joint Average, only 1 needs to be calculated
2026-07-29 18:19:17,988 INFO Computing Wavelet H
2026-07-29 18:19:17,988 INFO Calculating features for wavelet-H image
2026-07-29 18:19:17,992 INFO Computing firstorder
2026-07-29 18:19:17,996 INFO Computing glcm
2026-07-29 18:19:17,997 WARNING GLCM is symmetrical, therefore Sum Average = 2 * Joint Average, only 1 needs to be calculated
2026-07-29 18:19:17,998 INFO Calculating features for wavelet-L image
2026-07-29 18:19:18,002 INFO Computing firstorder
2026-07-29 18:19:18,006 INFO Computing glcm
2026-07-29 18:19:18,009 WARNING GLCM is symmetrical, therefore Sum Average = 2 * Joint Average, only 1 needs to be calculated
2026-07-29 18:19:18,048 INFO Calculating features with label: 1
2026-07-29 18:19:18,048 INFO Loading image and mask
2026-07-29 18:19:18,084 INFO Computing shape2D
2026-07-29 18:19:18,086 INFO Adding image type "Original" with custom settings: {}
2026-07-29 18:19:18,086 INFO Adding image type "Exponential" with custom settings: {}
2026-07-29 18:19:18,086 INFO Adding image type "Gradient" with custom settings: {}
2026-07-29 18:19:18,086 INFO Adding image type "LBP2D" with custom settings: {}
2026-07-29 18:19:18,086 INFO Adding image type "LBP3D" with custom settings: {}
2026-07-29 18:19:18,086 INFO Adding image type "LoG" with custom settings: {}
2026-07-29 18:19:18,086 INFO Adding image type "Logarithm" with custom settings: {}
2026-07-29 18:19:18,086 INFO Adding image type "Square" with custom settings: {}
2026-07-29 18:19:18,087 INFO Adding image type "SquareRoot" with custom settings: {}
2026-07-29 18:19:18,087 INFO Adding image type "Wavelet" with custom settings: {}
2026-07-29 18:19:18,087 INFO Calculating features for original image
2026-07-29 18:19:18,089 INFO Computing firstorder
2026-07-29 18:19:18,094 INFO Computing glcm
2026-07-29 18:19:18,098 WARNING GLCM is symmetrical, therefore Sum Average = 2 * Joint Average, only 1 needs to be calculated
2026-07-29 18:19:18,103 INFO Calculating features for exponential image
2026-07-29 18:19:18,106 INFO Computing firstorder
2026-07-29 18:19:18,111 INFO Computing glcm
2026-07-29 18:19:18,114 WARNING GLCM is symmetrical, therefore Sum Average = 2 * Joint Average, only 1 needs to be calculated
2026-07-29 18:19:18,116 INFO Calculating features for gradient image
2026-07-29 18:19:18,119 INFO Computing firstorder
2026-07-29 18:19:18,124 INFO Computing glcm
2026-07-29 18:19:18,127 WARNING GLCM is symmetrical, therefore Sum Average = 2 * Joint Average, only 1 needs to be calculated
2026-07-29 18:19:18,151 INFO Calculating features for lbp-2D image
2026-07-29 18:19:18,155 INFO Computing firstorder
2026-07-29 18:19:18,160 INFO Computing glcm
2026-07-29 18:19:18,162 WARNING GLCM is symmetrical, therefore Sum Average = 2 * Joint Average, only 1 needs to be calculated
2026-07-29 18:19:18,163 WARNING LBP 3D only available for 3 dimensional images, found 2 dimensions
2026-07-29 18:19:18,170 INFO Calculating features for logarithm image
2026-07-29 18:19:18,174 INFO Computing firstorder
2026-07-29 18:19:18,180 INFO Computing glcm
2026-07-29 18:19:18,183 WARNING GLCM is symmetrical, therefore Sum Average = 2 * Joint Average, only 1 needs to be calculated
2026-07-29 18:19:18,188 INFO Calculating features for square image
2026-07-29 18:19:18,192 INFO Computing firstorder
2026-07-29 18:19:18,197 INFO Computing glcm
2026-07-29 18:19:18,200 WARNING GLCM is symmetrical, therefore Sum Average = 2 * Joint Average, only 1 needs to be calculated
2026-07-29 18:19:18,206 INFO Calculating features for squareroot image
2026-07-29 18:19:18,210 INFO Computing firstorder
2026-07-29 18:19:18,214 INFO Computing glcm
2026-07-29 18:19:18,218 WARNING GLCM is symmetrical, therefore Sum Average = 2 * Joint Average, only 1 needs to be calculated
2026-07-29 18:19:18,226 INFO Computing Wavelet H
2026-07-29 18:19:18,226 INFO Calculating features for wavelet-H image
2026-07-29 18:19:18,230 INFO Computing firstorder
2026-07-29 18:19:18,235 INFO Computing glcm
2026-07-29 18:19:18,238 WARNING GLCM is symmetrical, therefore Sum Average = 2 * Joint Average, only 1 needs to be calculated
2026-07-29 18:19:18,239 INFO Calculating features for wavelet-L image
2026-07-29 18:19:18,242 INFO Computing firstorder
2026-07-29 18:19:18,247 INFO Computing glcm
2026-07-29 18:19:18,251 WARNING GLCM is symmetrical, therefore Sum Average = 2 * Joint Average, only 1 needs to be calculated
2026-07-29 18:19:18,293 INFO Calculating features with label: 1
2026-07-29 18:19:18,293 INFO Loading image and mask
2026-07-29 18:19:18,332 INFO Computing shape2D
2026-07-29 18:19:18,333 INFO Adding image type "Original" with custom settings: {}
2026-07-29 18:19:18,333 INFO Adding image type "Exponential" with custom settings: {}
2026-07-29 18:19:18,333 INFO Adding image type "Gradient" with custom settings: {}
2026-07-29 18:19:18,333 INFO Adding image type "LBP2D" with custom settings: {}
2026-07-29 18:19:18,333 INFO Adding image type "LBP3D" with custom settings: {}
2026-07-29 18:19:18,333 INFO Adding image type "LoG" with custom settings: {}
2026-07-29 18:19:18,333 INFO Adding image type "Logarithm" with custom settings: {}
2026-07-29 18:19:18,333 INFO Adding image type "Square" with custom settings: {}
2026-07-29 18:19:18,333 INFO Adding image type "SquareRoot" with custom settings: {}
2026-07-29 18:19:18,334 INFO Adding image type "Wavelet" with custom settings: {}
2026-07-29 18:19:18,334 INFO Calculating features for original image
2026-07-29 18:19:18,336 INFO Computing firstorder
2026-07-29 18:19:18,339 INFO Computing glcm
2026-07-29 18:19:18,342 WARNING GLCM is symmetrical, therefore Sum Average = 2 * Joint Average, only 1 needs to be calculated
2026-07-29 18:19:18,347 INFO Calculating features for exponential image
2026-07-29 18:19:18,350 INFO Computing firstorder
2026-07-29 18:19:18,353 INFO Computing glcm
2026-07-29 18:19:18,355 WARNING GLCM is symmetrical, therefore Sum Average = 2 * Joint Average, only 1 needs to be calculated
2026-07-29 18:19:18,358 INFO Calculating features for gradient image
2026-07-29 18:19:18,361 INFO Computing firstorder
2026-07-29 18:19:18,365 INFO Computing glcm
2026-07-29 18:19:18,366 WARNING GLCM is symmetrical, therefore Sum Average = 2 * Joint Average, only 1 needs to be calculated
2026-07-29 18:19:18,391 INFO Calculating features for lbp-2D image
2026-07-29 18:19:18,394 INFO Computing firstorder
2026-07-29 18:19:18,397 INFO Computing glcm
2026-07-29 18:19:18,399 WARNING GLCM is symmetrical, therefore Sum Average = 2 * Joint Average, only 1 needs to be calculated
2026-07-29 18:19:18,400 WARNING LBP 3D only available for 3 dimensional images, found 2 dimensions
2026-07-29 18:19:18,407 INFO Calculating features for logarithm image
2026-07-29 18:19:18,410 INFO Computing firstorder
2026-07-29 18:19:18,413 INFO Computing glcm
2026-07-29 18:19:18,416 WARNING GLCM is symmetrical, therefore Sum Average = 2 * Joint Average, only 1 needs to be calculated
2026-07-29 18:19:18,421 INFO Calculating features for square image
2026-07-29 18:19:18,425 INFO Computing firstorder
2026-07-29 18:19:18,428 INFO Computing glcm
2026-07-29 18:19:18,430 WARNING GLCM is symmetrical, therefore Sum Average = 2 * Joint Average, only 1 needs to be calculated
2026-07-29 18:19:18,436 INFO Calculating features for squareroot image
2026-07-29 18:19:18,439 INFO Computing firstorder
2026-07-29 18:19:18,443 INFO Computing glcm
2026-07-29 18:19:18,445 WARNING GLCM is symmetrical, therefore Sum Average = 2 * Joint Average, only 1 needs to be calculated
2026-07-29 18:19:18,453 INFO Computing Wavelet H
2026-07-29 18:19:18,454 INFO Calculating features for wavelet-H image
2026-07-29 18:19:18,457 INFO Computing firstorder
2026-07-29 18:19:18,461 INFO Computing glcm
2026-07-29 18:19:18,463 WARNING GLCM is symmetrical, therefore Sum Average = 2 * Joint Average, only 1 needs to be calculated
2026-07-29 18:19:18,463 INFO Calculating features for wavelet-L image
2026-07-29 18:19:18,466 INFO Computing firstorder
2026-07-29 18:19:18,471 INFO Computing glcm
2026-07-29 18:19:18,474 WARNING GLCM is symmetrical, therefore Sum Average = 2 * Joint Average, only 1 needs to be calculated
2026-07-29 18:19:18,507 INFO Calculating features with label: 1
2026-07-29 18:19:18,507 INFO Loading image and mask
2026-07-29 18:19:18,544 INFO Computing shape2D
2026-07-29 18:19:18,546 INFO Adding image type "Original" with custom settings: {}
2026-07-29 18:19:18,546 INFO Adding image type "Exponential" with custom settings: {}
2026-07-29 18:19:18,546 INFO Adding image type "Gradient" with custom settings: {}
2026-07-29 18:19:18,546 INFO Adding image type "LBP2D" with custom settings: {}
2026-07-29 18:19:18,546 INFO Adding image type "LBP3D" with custom settings: {}
2026-07-29 18:19:18,546 INFO Adding image type "LoG" with custom settings: {}
2026-07-29 18:19:18,546 INFO Adding image type "Logarithm" with custom settings: {}
2026-07-29 18:19:18,546 INFO Adding image type "Square" with custom settings: {}
2026-07-29 18:19:18,546 INFO Adding image type "SquareRoot" with custom settings: {}
2026-07-29 18:19:18,546 INFO Adding image type "Wavelet" with custom settings: {}
2026-07-29 18:19:18,546 INFO Calculating features for original image
2026-07-29 18:19:18,549 INFO Computing firstorder
2026-07-29 18:19:18,554 INFO Computing glcm
2026-07-29 18:19:18,558 WARNING GLCM is symmetrical, therefore Sum Average = 2 * Joint Average, only 1 needs to be calculated
2026-07-29 18:19:18,564 INFO Calculating features for exponential image
2026-07-29 18:19:18,568 INFO Computing firstorder
2026-07-29 18:19:18,573 INFO Computing glcm
2026-07-29 18:19:18,576 WARNING GLCM is symmetrical, therefore Sum Average = 2 * Joint Average, only 1 needs to be calculated
2026-07-29 18:19:18,579 INFO Calculating features for gradient image
2026-07-29 18:19:18,583 INFO Computing firstorder
2026-07-29 18:19:18,588 INFO Computing glcm
2026-07-29 18:19:18,591 WARNING GLCM is symmetrical, therefore Sum Average = 2 * Joint Average, only 1 needs to be calculated
2026-07-29 18:19:18,614 INFO Calculating features for lbp-2D image
2026-07-29 18:19:18,618 INFO Computing firstorder
2026-07-29 18:19:18,623 INFO Computing glcm
2026-07-29 18:19:18,625 WARNING GLCM is symmetrical, therefore Sum Average = 2 * Joint Average, only 1 needs to be calculated
2026-07-29 18:19:18,626 WARNING LBP 3D only available for 3 dimensional images, found 2 dimensions
2026-07-29 18:19:18,633 INFO Calculating features for logarithm image
2026-07-29 18:19:18,637 INFO Computing firstorder
2026-07-29 18:19:18,642 INFO Computing glcm
2026-07-29 18:19:18,646 WARNING GLCM is symmetrical, therefore Sum Average = 2 * Joint Average, only 1 needs to be calculated
2026-07-29 18:19:18,650 INFO Calculating features for square image
2026-07-29 18:19:18,654 INFO Computing firstorder
2026-07-29 18:19:18,660 INFO Computing glcm
2026-07-29 18:19:18,663 WARNING GLCM is symmetrical, therefore Sum Average = 2 * Joint Average, only 1 needs to be calculated
2026-07-29 18:19:18,668 INFO Calculating features for squareroot image
2026-07-29 18:19:18,672 INFO Computing firstorder
2026-07-29 18:19:18,677 INFO Computing glcm
2026-07-29 18:19:18,681 WARNING GLCM is symmetrical, therefore Sum Average = 2 * Joint Average, only 1 needs to be calculated
2026-07-29 18:19:18,689 INFO Computing Wavelet H
2026-07-29 18:19:18,689 INFO Calculating features for wavelet-H image
2026-07-29 18:19:18,693 INFO Computing firstorder
2026-07-29 18:19:18,699 INFO Computing glcm
2026-07-29 18:19:18,702 WARNING GLCM is symmetrical, therefore Sum Average = 2 * Joint Average, only 1 needs to be calculated
2026-07-29 18:19:18,702 INFO Calculating features for wavelet-L image
2026-07-29 18:19:18,707 INFO Computing firstorder
2026-07-29 18:19:18,712 INFO Computing glcm
2026-07-29 18:19:18,715 WARNING GLCM is symmetrical, therefore Sum Average = 2 * Joint Average, only 1 needs to be calculated
2026-07-29 18:19:18,750 INFO Calculating features with label: 1
2026-07-29 18:19:18,750 INFO Loading image and mask
2026-07-29 18:19:18,787 INFO Computing shape2D
2026-07-29 18:19:18,789 INFO Adding image type "Original" with custom settings: {}
2026-07-29 18:19:18,789 INFO Adding image type "Exponential" with custom settings: {}
2026-07-29 18:19:18,789 INFO Adding image type "Gradient" with custom settings: {}
2026-07-29 18:19:18,789 INFO Adding image type "LBP2D" with custom settings: {}
2026-07-29 18:19:18,789 INFO Adding image type "LBP3D" with custom settings: {}
2026-07-29 18:19:18,789 INFO Adding image type "LoG" with custom settings: {}
2026-07-29 18:19:18,789 INFO Adding image type "Logarithm" with custom settings: {}
2026-07-29 18:19:18,789 INFO Adding image type "Square" with custom settings: {}
2026-07-29 18:19:18,789 INFO Adding image type "SquareRoot" with custom settings: {}
2026-07-29 18:19:18,789 INFO Adding image type "Wavelet" with custom settings: {}
2026-07-29 18:19:18,789 INFO Calculating features for original image
2026-07-29 18:19:18,790 INFO Computing firstorder
2026-07-29 18:19:18,793 INFO Computing glcm
2026-07-29 18:19:18,794 WARNING GLCM is symmetrical, therefore Sum Average = 2 * Joint Average, only 1 needs to be calculated
2026-07-29 18:19:18,799 INFO Calculating features for exponential image
2026-07-29 18:19:18,802 INFO Computing firstorder
2026-07-29 18:19:18,804 INFO Computing glcm
2026-07-29 18:19:18,805 WARNING GLCM is symmetrical, therefore Sum Average = 2 * Joint Average, only 1 needs to be calculated
2026-07-29 18:19:18,808 INFO Calculating features for gradient image
2026-07-29 18:19:18,811 INFO Computing firstorder
2026-07-29 18:19:18,812 INFO Computing glcm
2026-07-29 18:19:18,813 WARNING GLCM is symmetrical, therefore Sum Average = 2 * Joint Average, only 1 needs to be calculated
2026-07-29 18:19:18,837 INFO Calculating features for lbp-2D image
2026-07-29 18:19:18,841 INFO Computing firstorder
2026-07-29 18:19:18,842 INFO Computing glcm
2026-07-29 18:19:18,843 WARNING GLCM is symmetrical, therefore Sum Average = 2 * Joint Average, only 1 needs to be calculated
2026-07-29 18:19:18,844 WARNING LBP 3D only available for 3 dimensional images, found 2 dimensions
2026-07-29 18:19:18,853 INFO Calculating features for logarithm image
2026-07-29 18:19:18,857 INFO Computing firstorder
2026-07-29 18:19:18,859 INFO Computing glcm
2026-07-29 18:19:18,860 WARNING GLCM is symmetrical, therefore Sum Average = 2 * Joint Average, only 1 needs to be calculated
2026-07-29 18:19:18,865 INFO Calculating features for square image
2026-07-29 18:19:18,868 INFO Computing firstorder
2026-07-29 18:19:18,870 INFO Computing glcm
2026-07-29 18:19:18,871 WARNING GLCM is symmetrical, therefore Sum Average = 2 * Joint Average, only 1 needs to be calculated
2026-07-29 18:19:18,877 INFO Calculating features for squareroot image
2026-07-29 18:19:18,880 INFO Computing firstorder
2026-07-29 18:19:18,882 INFO Computing glcm
2026-07-29 18:19:18,883 WARNING GLCM is symmetrical, therefore Sum Average = 2 * Joint Average, only 1 needs to be calculated
2026-07-29 18:19:18,896 INFO Computing Wavelet H
2026-07-29 18:19:18,896 INFO Calculating features for wavelet-H image
2026-07-29 18:19:18,901 INFO Computing firstorder
2026-07-29 18:19:18,904 INFO Computing glcm
2026-07-29 18:19:18,906 WARNING GLCM is symmetrical, therefore Sum Average = 2 * Joint Average, only 1 needs to be calculated
2026-07-29 18:19:18,907 INFO Calculating features for wavelet-L image
2026-07-29 18:19:18,910 INFO Computing firstorder
2026-07-29 18:19:18,914 INFO Computing glcm
2026-07-29 18:19:18,916 WARNING GLCM is symmetrical, therefore Sum Average = 2 * Joint Average, only 1 needs to be calculated
2026-07-29 18:19:18,954 INFO Calculating features with label: 1
2026-07-29 18:19:18,954 INFO Loading image and mask
2026-07-29 18:19:18,994 INFO Computing shape2D
2026-07-29 18:19:18,995 INFO Adding image type "Original" with custom settings: {}
2026-07-29 18:19:18,995 INFO Adding image type "Exponential" with custom settings: {}
2026-07-29 18:19:18,995 INFO Adding image type "Gradient" with custom settings: {}
2026-07-29 18:19:18,995 INFO Adding image type "LBP2D" with custom settings: {}
2026-07-29 18:19:18,995 INFO Adding image type "LBP3D" with custom settings: {}
2026-07-29 18:19:18,995 INFO Adding image type "LoG" with custom settings: {}
2026-07-29 18:19:18,996 INFO Adding image type "Logarithm" with custom settings: {}
2026-07-29 18:19:18,996 INFO Adding image type "Square" with custom settings: {}
2026-07-29 18:19:18,996 INFO Adding image type "SquareRoot" with custom settings: {}
2026-07-29 18:19:18,996 INFO Adding image type "Wavelet" with custom settings: {}
2026-07-29 18:19:18,996 INFO Calculating features for original image
2026-07-29 18:19:18,998 INFO Computing firstorder
2026-07-29 18:19:19,002 INFO Computing glcm
2026-07-29 18:19:19,004 WARNING GLCM is symmetrical, therefore Sum Average = 2 * Joint Average, only 1 needs to be calculated
2026-07-29 18:19:19,009 INFO Calculating features for exponential image
2026-07-29 18:19:19,012 INFO Computing firstorder
2026-07-29 18:19:19,016 INFO Computing glcm
2026-07-29 18:19:19,018 WARNING GLCM is symmetrical, therefore Sum Average = 2 * Joint Average, only 1 needs to be calculated
2026-07-29 18:19:19,021 INFO Calculating features for gradient image
2026-07-29 18:19:19,023 INFO Computing firstorder
2026-07-29 18:19:19,027 INFO Computing glcm
2026-07-29 18:19:19,029 WARNING GLCM is symmetrical, therefore Sum Average = 2 * Joint Average, only 1 needs to be calculated
2026-07-29 18:19:19,053 INFO Calculating features for lbp-2D image
2026-07-29 18:19:19,056 INFO Computing firstorder
2026-07-29 18:19:19,060 INFO Computing glcm
2026-07-29 18:19:19,061 WARNING GLCM is symmetrical, therefore Sum Average = 2 * Joint Average, only 1 needs to be calculated
2026-07-29 18:19:19,062 WARNING LBP 3D only available for 3 dimensional images, found 2 dimensions
2026-07-29 18:19:19,069 INFO Calculating features for logarithm image
2026-07-29 18:19:19,072 INFO Computing firstorder
2026-07-29 18:19:19,076 INFO Computing glcm
2026-07-29 18:19:19,078 WARNING GLCM is symmetrical, therefore Sum Average = 2 * Joint Average, only 1 needs to be calculated
2026-07-29 18:19:19,083 INFO Calculating features for square image
2026-07-29 18:19:19,087 INFO Computing firstorder
2026-07-29 18:19:19,090 INFO Computing glcm
2026-07-29 18:19:19,092 WARNING GLCM is symmetrical, therefore Sum Average = 2 * Joint Average, only 1 needs to be calculated
2026-07-29 18:19:19,098 INFO Calculating features for squareroot image
2026-07-29 18:19:19,101 INFO Computing firstorder
2026-07-29 18:19:19,105 INFO Computing glcm
2026-07-29 18:19:19,107 WARNING GLCM is symmetrical, therefore Sum Average = 2 * Joint Average, only 1 needs to be calculated
2026-07-29 18:19:19,116 INFO Computing Wavelet H
2026-07-29 18:19:19,116 INFO Calculating features for wavelet-H image
2026-07-29 18:19:19,119 INFO Computing firstorder
2026-07-29 18:19:19,123 INFO Computing glcm
2026-07-29 18:19:19,125 WARNING GLCM is symmetrical, therefore Sum Average = 2 * Joint Average, only 1 needs to be calculated
2026-07-29 18:19:19,125 INFO Calculating features for wavelet-L image
2026-07-29 18:19:19,128 INFO Computing firstorder
2026-07-29 18:19:19,132 INFO Computing glcm
2026-07-29 18:19:19,134 WARNING GLCM is symmetrical, therefore Sum Average = 2 * Joint Average, only 1 needs to be calculated
2026-07-29 18:19:19,171 INFO Calculating features with label: 1
2026-07-29 18:19:19,171 INFO Loading image and mask
2026-07-29 18:19:19,210 INFO Computing shape2D
2026-07-29 18:19:19,210 INFO Adding image type "Original" with custom settings: {}
2026-07-29 18:19:19,210 INFO Adding image type "Exponential" with custom settings: {}
2026-07-29 18:19:19,210 INFO Adding image type "Gradient" with custom settings: {}
2026-07-29 18:19:19,210 INFO Adding image type "LBP2D" with custom settings: {}
2026-07-29 18:19:19,210 INFO Adding image type "LBP3D" with custom settings: {}
2026-07-29 18:19:19,211 INFO Adding image type "LoG" with custom settings: {}
2026-07-29 18:19:19,211 INFO Adding image type "Logarithm" with custom settings: {}
2026-07-29 18:19:19,211 INFO Adding image type "Square" with custom settings: {}
2026-07-29 18:19:19,211 INFO Adding image type "SquareRoot" with custom settings: {}
2026-07-29 18:19:19,211 INFO Adding image type "Wavelet" with custom settings: {}
2026-07-29 18:19:19,211 INFO Calculating features for original image
2026-07-29 18:19:19,213 INFO Computing firstorder
2026-07-29 18:19:19,215 INFO Computing glcm
2026-07-29 18:19:19,217 WARNING GLCM is symmetrical, therefore Sum Average = 2 * Joint Average, only 1 needs to be calculated
2026-07-29 18:19:19,222 INFO Calculating features for exponential image
2026-07-29 18:19:19,225 INFO Computing firstorder
2026-07-29 18:19:19,227 INFO Computing glcm
2026-07-29 18:19:19,229 WARNING GLCM is symmetrical, therefore Sum Average = 2 * Joint Average, only 1 needs to be calculated
2026-07-29 18:19:19,231 INFO Calculating features for gradient image
2026-07-29 18:19:19,233 INFO Computing firstorder
2026-07-29 18:19:19,236 INFO Computing glcm
2026-07-29 18:19:19,238 WARNING GLCM is symmetrical, therefore Sum Average = 2 * Joint Average, only 1 needs to be calculated
2026-07-29 18:19:19,263 INFO Calculating features for lbp-2D image
2026-07-29 18:19:19,266 INFO Computing firstorder
2026-07-29 18:19:19,269 INFO Computing glcm
2026-07-29 18:19:19,271 WARNING GLCM is symmetrical, therefore Sum Average = 2 * Joint Average, only 1 needs to be calculated
2026-07-29 18:19:19,271 WARNING LBP 3D only available for 3 dimensional images, found 2 dimensions
2026-07-29 18:19:19,278 INFO Calculating features for logarithm image
2026-07-29 18:19:19,281 INFO Computing firstorder
2026-07-29 18:19:19,284 INFO Computing glcm
2026-07-29 18:19:19,286 WARNING GLCM is symmetrical, therefore Sum Average = 2 * Joint Average, only 1 needs to be calculated
2026-07-29 18:19:19,292 INFO Calculating features for square image
2026-07-29 18:19:19,294 INFO Computing firstorder
2026-07-29 18:19:19,297 INFO Computing glcm
2026-07-29 18:19:19,299 WARNING GLCM is symmetrical, therefore Sum Average = 2 * Joint Average, only 1 needs to be calculated
2026-07-29 18:19:19,304 INFO Calculating features for squareroot image
2026-07-29 18:19:19,308 INFO Computing firstorder
2026-07-29 18:19:19,311 INFO Computing glcm
2026-07-29 18:19:19,313 WARNING GLCM is symmetrical, therefore Sum Average = 2 * Joint Average, only 1 needs to be calculated
2026-07-29 18:19:19,321 INFO Computing Wavelet H
2026-07-29 18:19:19,321 INFO Calculating features for wavelet-H image
2026-07-29 18:19:19,325 INFO Computing firstorder
2026-07-29 18:19:19,327 INFO Computing glcm
2026-07-29 18:19:19,329 WARNING GLCM is symmetrical, therefore Sum Average = 2 * Joint Average, only 1 needs to be calculated
2026-07-29 18:19:19,329 INFO Calculating features for wavelet-L image
2026-07-29 18:19:19,331 INFO Computing firstorder
2026-07-29 18:19:19,334 INFO Computing glcm
2026-07-29 18:19:19,336 WARNING GLCM is symmetrical, therefore Sum Average = 2 * Joint Average, only 1 needs to be calculated
2026-07-29 18:19:19,376 INFO Calculating features with label: 1
2026-07-29 18:19:19,376 INFO Loading image and mask
2026-07-29 18:19:19,413 INFO Computing shape2D
2026-07-29 18:19:19,415 INFO Adding image type "Original" with custom settings: {}
2026-07-29 18:19:19,416 INFO Adding image type "Exponential" with custom settings: {}
2026-07-29 18:19:19,416 INFO Adding image type "Gradient" with custom settings: {}
2026-07-29 18:19:19,416 INFO Adding image type "LBP2D" with custom settings: {}
2026-07-29 18:19:19,416 INFO Adding image type "LBP3D" with custom settings: {}
2026-07-29 18:19:19,416 INFO Adding image type "LoG" with custom settings: {}
2026-07-29 18:19:19,416 INFO Adding image type "Logarithm" with custom settings: {}
2026-07-29 18:19:19,416 INFO Adding image type "Square" with custom settings: {}
2026-07-29 18:19:19,416 INFO Adding image type "SquareRoot" with custom settings: {}
2026-07-29 18:19:19,416 INFO Adding image type "Wavelet" with custom settings: {}
2026-07-29 18:19:19,416 INFO Calculating features for original image
2026-07-29 18:19:19,418 INFO Computing firstorder
2026-07-29 18:19:19,424 INFO Computing glcm
2026-07-29 18:19:19,428 WARNING GLCM is symmetrical, therefore Sum Average = 2 * Joint Average, only 1 needs to be calculated
2026-07-29 18:19:19,433 INFO Calculating features for exponential image
2026-07-29 18:19:19,437 INFO Computing firstorder
2026-07-29 18:19:19,443 INFO Computing glcm
2026-07-29 18:19:19,446 WARNING GLCM is symmetrical, therefore Sum Average = 2 * Joint Average, only 1 needs to be calculated
2026-07-29 18:19:19,449 INFO Calculating features for gradient image
2026-07-29 18:19:19,452 INFO Computing firstorder
2026-07-29 18:19:19,458 INFO Computing glcm
2026-07-29 18:19:19,461 WARNING GLCM is symmetrical, therefore Sum Average = 2 * Joint Average, only 1 needs to be calculated
2026-07-29 18:19:19,487 INFO Calculating features for lbp-2D image
2026-07-29 18:19:19,490 INFO Computing firstorder
2026-07-29 18:19:19,495 INFO Computing glcm
2026-07-29 18:19:19,498 WARNING GLCM is symmetrical, therefore Sum Average = 2 * Joint Average, only 1 needs to be calculated
2026-07-29 18:19:19,499 WARNING LBP 3D only available for 3 dimensional images, found 2 dimensions
2026-07-29 18:19:19,507 INFO Calculating features for logarithm image
2026-07-29 18:19:19,510 INFO Computing firstorder
2026-07-29 18:19:19,516 INFO Computing glcm
2026-07-29 18:19:19,520 WARNING GLCM is symmetrical, therefore Sum Average = 2 * Joint Average, only 1 needs to be calculated
2026-07-29 18:19:19,525 INFO Calculating features for square image
2026-07-29 18:19:19,528 INFO Computing firstorder
2026-07-29 18:19:19,534 INFO Computing glcm
2026-07-29 18:19:19,539 WARNING GLCM is symmetrical, therefore Sum Average = 2 * Joint Average, only 1 needs to be calculated
2026-07-29 18:19:19,544 INFO Calculating features for squareroot image
2026-07-29 18:19:19,548 INFO Computing firstorder
2026-07-29 18:19:19,555 INFO Computing glcm
2026-07-29 18:19:19,559 WARNING GLCM is symmetrical, therefore Sum Average = 2 * Joint Average, only 1 needs to be calculated
2026-07-29 18:19:19,567 INFO Computing Wavelet H
2026-07-29 18:19:19,567 INFO Calculating features for wavelet-H image
2026-07-29 18:19:19,571 INFO Computing firstorder
2026-07-29 18:19:19,578 INFO Computing glcm
2026-07-29 18:19:19,581 WARNING GLCM is symmetrical, therefore Sum Average = 2 * Joint Average, only 1 needs to be calculated
2026-07-29 18:19:19,582 INFO Calculating features for wavelet-L image
2026-07-29 18:19:19,585 INFO Computing firstorder
2026-07-29 18:19:19,591 INFO Computing glcm
2026-07-29 18:19:19,596 WARNING GLCM is symmetrical, therefore Sum Average = 2 * Joint Average, only 1 needs to be calculated
2026-07-29 18:19:19,632 INFO Calculating features with label: 1
2026-07-29 18:19:19,632 INFO Loading image and mask
2026-07-29 18:19:19,669 INFO Computing shape2D
2026-07-29 18:19:19,671 INFO Adding image type "Original" with custom settings: {}
2026-07-29 18:19:19,671 INFO Adding image type "Exponential" with custom settings: {}
2026-07-29 18:19:19,671 INFO Adding image type "Gradient" with custom settings: {}
2026-07-29 18:19:19,671 INFO Adding image type "LBP2D" with custom settings: {}
2026-07-29 18:19:19,671 INFO Adding image type "LBP3D" with custom settings: {}
2026-07-29 18:19:19,671 INFO Adding image type "LoG" with custom settings: {}
2026-07-29 18:19:19,671 INFO Adding image type "Logarithm" with custom settings: {}
2026-07-29 18:19:19,671 INFO Adding image type "Square" with custom settings: {}
2026-07-29 18:19:19,671 INFO Adding image type "SquareRoot" with custom settings: {}
2026-07-29 18:19:19,671 INFO Adding image type "Wavelet" with custom settings: {}
2026-07-29 18:19:19,671 INFO Calculating features for original image
2026-07-29 18:19:19,674 INFO Computing firstorder
2026-07-29 18:19:19,679 INFO Computing glcm
2026-07-29 18:19:19,682 WARNING GLCM is symmetrical, therefore Sum Average = 2 * Joint Average, only 1 needs to be calculated
2026-07-29 18:19:19,688 INFO Calculating features for exponential image
2026-07-29 18:19:19,692 INFO Computing firstorder
2026-07-29 18:19:19,697 INFO Computing glcm
2026-07-29 18:19:19,700 WARNING GLCM is symmetrical, therefore Sum Average = 2 * Joint Average, only 1 needs to be calculated
2026-07-29 18:19:19,703 INFO Calculating features for gradient image
2026-07-29 18:19:19,706 INFO Computing firstorder
2026-07-29 18:19:19,711 INFO Computing glcm
2026-07-29 18:19:19,713 WARNING GLCM is symmetrical, therefore Sum Average = 2 * Joint Average, only 1 needs to be calculated
2026-07-29 18:19:19,737 INFO Calculating features for lbp-2D image
2026-07-29 18:19:19,741 INFO Computing firstorder
2026-07-29 18:19:19,746 INFO Computing glcm
2026-07-29 18:19:19,749 WARNING GLCM is symmetrical, therefore Sum Average = 2 * Joint Average, only 1 needs to be calculated
2026-07-29 18:19:19,749 WARNING LBP 3D only available for 3 dimensional images, found 2 dimensions
2026-07-29 18:19:19,757 INFO Calculating features for logarithm image
2026-07-29 18:19:19,761 INFO Computing firstorder
2026-07-29 18:19:19,766 INFO Computing glcm
2026-07-29 18:19:19,770 WARNING GLCM is symmetrical, therefore Sum Average = 2 * Joint Average, only 1 needs to be calculated
2026-07-29 18:19:19,775 INFO Calculating features for square image
2026-07-29 18:19:19,779 INFO Computing firstorder
2026-07-29 18:19:19,784 INFO Computing glcm
2026-07-29 18:19:19,787 WARNING GLCM is symmetrical, therefore Sum Average = 2 * Joint Average, only 1 needs to be calculated
2026-07-29 18:19:19,793 INFO Calculating features for squareroot image
2026-07-29 18:19:19,797 INFO Computing firstorder
2026-07-29 18:19:19,802 INFO Computing glcm
2026-07-29 18:19:19,806 WARNING GLCM is symmetrical, therefore Sum Average = 2 * Joint Average, only 1 needs to be calculated
2026-07-29 18:19:19,814 INFO Computing Wavelet H
2026-07-29 18:19:19,814 INFO Calculating features for wavelet-H image
2026-07-29 18:19:19,818 INFO Computing firstorder
2026-07-29 18:19:19,824 INFO Computing glcm
2026-07-29 18:19:19,827 WARNING GLCM is symmetrical, therefore Sum Average = 2 * Joint Average, only 1 needs to be calculated
2026-07-29 18:19:19,828 INFO Calculating features for wavelet-L image
2026-07-29 18:19:19,831 INFO Computing firstorder
2026-07-29 18:19:19,836 INFO Computing glcm
2026-07-29 18:19:19,841 WARNING GLCM is symmetrical, therefore Sum Average = 2 * Joint Average, only 1 needs to be calculated
2026-07-29 18:19:19,878 INFO Calculating features with label: 1
2026-07-29 18:19:19,878 INFO Loading image and mask
2026-07-29 18:19:19,915 INFO Computing shape2D
2026-07-29 18:19:19,916 INFO Adding image type "Original" with custom settings: {}
2026-07-29 18:19:19,916 INFO Adding image type "Exponential" with custom settings: {}
2026-07-29 18:19:19,916 INFO Adding image type "Gradient" with custom settings: {}
2026-07-29 18:19:19,916 INFO Adding image type "LBP2D" with custom settings: {}
2026-07-29 18:19:19,916 INFO Adding image type "LBP3D" with custom settings: {}
2026-07-29 18:19:19,916 INFO Adding image type "LoG" with custom settings: {}
2026-07-29 18:19:19,916 INFO Adding image type "Logarithm" with custom settings: {}
2026-07-29 18:19:19,916 INFO Adding image type "Square" with custom settings: {}
2026-07-29 18:19:19,916 INFO Adding image type "SquareRoot" with custom settings: {}
2026-07-29 18:19:19,916 INFO Adding image type "Wavelet" with custom settings: {}
2026-07-29 18:19:19,916 INFO Calculating features for original image
2026-07-29 18:19:19,919 INFO Computing firstorder
2026-07-29 18:19:19,921 INFO Computing glcm
2026-07-29 18:19:19,923 WARNING GLCM is symmetrical, therefore Sum Average = 2 * Joint Average, only 1 needs to be calculated
2026-07-29 18:19:19,928 INFO Calculating features for exponential image
2026-07-29 18:19:19,931 INFO Computing firstorder
2026-07-29 18:19:19,933 INFO Computing glcm
2026-07-29 18:19:19,934 WARNING GLCM is symmetrical, therefore Sum Average = 2 * Joint Average, only 1 needs to be calculated
2026-07-29 18:19:19,937 INFO Calculating features for gradient image
2026-07-29 18:19:19,939 INFO Computing firstorder
2026-07-29 18:19:19,942 INFO Computing glcm
2026-07-29 18:19:19,943 WARNING GLCM is symmetrical, therefore Sum Average = 2 * Joint Average, only 1 needs to be calculated
2026-07-29 18:19:19,967 INFO Calculating features for lbp-2D image
2026-07-29 18:19:19,970 INFO Computing firstorder
2026-07-29 18:19:19,972 INFO Computing glcm
2026-07-29 18:19:19,973 WARNING GLCM is symmetrical, therefore Sum Average = 2 * Joint Average, only 1 needs to be calculated
2026-07-29 18:19:19,974 WARNING LBP 3D only available for 3 dimensional images, found 2 dimensions
2026-07-29 18:19:19,981 INFO Calculating features for logarithm image
2026-07-29 18:19:19,984 INFO Computing firstorder
2026-07-29 18:19:19,986 INFO Computing glcm
2026-07-29 18:19:19,988 WARNING GLCM is symmetrical, therefore Sum Average = 2 * Joint Average, only 1 needs to be calculated
2026-07-29 18:19:19,992 INFO Calculating features for square image
2026-07-29 18:19:19,995 INFO Computing firstorder
2026-07-29 18:19:19,997 INFO Computing glcm
2026-07-29 18:19:19,999 WARNING GLCM is symmetrical, therefore Sum Average = 2 * Joint Average, only 1 needs to be calculated
2026-07-29 18:19:20,005 INFO Calculating features for squareroot image
2026-07-29 18:19:20,007 INFO Computing firstorder
2026-07-29 18:19:20,009 INFO Computing glcm
2026-07-29 18:19:20,011 WARNING GLCM is symmetrical, therefore Sum Average = 2 * Joint Average, only 1 needs to be calculated
2026-07-29 18:19:20,021 INFO Computing Wavelet H
2026-07-29 18:19:20,021 INFO Calculating features for wavelet-H image
2026-07-29 18:19:20,027 INFO Computing firstorder
2026-07-29 18:19:20,031 INFO Computing glcm
2026-07-29 18:19:20,033 WARNING GLCM is symmetrical, therefore Sum Average = 2 * Joint Average, only 1 needs to be calculated
2026-07-29 18:19:20,034 INFO Calculating features for wavelet-L image
2026-07-29 18:19:20,038 INFO Computing firstorder
2026-07-29 18:19:20,040 INFO Computing glcm
2026-07-29 18:19:20,043 WARNING GLCM is symmetrical, therefore Sum Average = 2 * Joint Average, only 1 needs to be calculated
2026-07-29 18:19:20,079 INFO Calculating features with label: 1
2026-07-29 18:19:20,079 INFO Loading image and mask
2026-07-29 18:19:20,118 INFO Computing shape2D
2026-07-29 18:19:20,120 INFO Adding image type "Original" with custom settings: {}
2026-07-29 18:19:20,120 INFO Adding image type "Exponential" with custom settings: {}
2026-07-29 18:19:20,120 INFO Adding image type "Gradient" with custom settings: {}
2026-07-29 18:19:20,120 INFO Adding image type "LBP2D" with custom settings: {}
2026-07-29 18:19:20,120 INFO Adding image type "LBP3D" with custom settings: {}
2026-07-29 18:19:20,120 INFO Adding image type "LoG" with custom settings: {}
2026-07-29 18:19:20,120 INFO Adding image type "Logarithm" with custom settings: {}
2026-07-29 18:19:20,120 INFO Adding image type "Square" with custom settings: {}
2026-07-29 18:19:20,120 INFO Adding image type "SquareRoot" with custom settings: {}
2026-07-29 18:19:20,120 INFO Adding image type "Wavelet" with custom settings: {}
2026-07-29 18:19:20,120 INFO Calculating features for original image
2026-07-29 18:19:20,123 INFO Computing firstorder
2026-07-29 18:19:20,128 INFO Computing glcm
2026-07-29 18:19:20,131 WARNING GLCM is symmetrical, therefore Sum Average = 2 * Joint Average, only 1 needs to be calculated
2026-07-29 18:19:20,136 INFO Calculating features for exponential image
2026-07-29 18:19:20,139 INFO Computing firstorder
2026-07-29 18:19:20,144 INFO Computing glcm
2026-07-29 18:19:20,146 WARNING GLCM is symmetrical, therefore Sum Average = 2 * Joint Average, only 1 needs to be calculated
2026-07-29 18:19:20,148 INFO Calculating features for gradient image
2026-07-29 18:19:20,151 INFO Computing firstorder
2026-07-29 18:19:20,156 INFO Computing glcm
2026-07-29 18:19:20,158 WARNING GLCM is symmetrical, therefore Sum Average = 2 * Joint Average, only 1 needs to be calculated
2026-07-29 18:19:20,182 INFO Calculating features for lbp-2D image
2026-07-29 18:19:20,186 INFO Computing firstorder
2026-07-29 18:19:20,191 INFO Computing glcm
2026-07-29 18:19:20,193 WARNING GLCM is symmetrical, therefore Sum Average = 2 * Joint Average, only 1 needs to be calculated
2026-07-29 18:19:20,194 WARNING LBP 3D only available for 3 dimensional images, found 2 dimensions
2026-07-29 18:19:20,201 INFO Calculating features for logarithm image
2026-07-29 18:19:20,205 INFO Computing firstorder
2026-07-29 18:19:20,210 INFO Computing glcm
2026-07-29 18:19:20,213 WARNING GLCM is symmetrical, therefore Sum Average = 2 * Joint Average, only 1 needs to be calculated
2026-07-29 18:19:20,217 INFO Calculating features for square image
2026-07-29 18:19:20,221 INFO Computing firstorder
2026-07-29 18:19:20,226 INFO Computing glcm
2026-07-29 18:19:20,228 WARNING GLCM is symmetrical, therefore Sum Average = 2 * Joint Average, only 1 needs to be calculated
2026-07-29 18:19:20,234 INFO Calculating features for squareroot image
2026-07-29 18:19:20,238 INFO Computing firstorder
2026-07-29 18:19:20,242 INFO Computing glcm
2026-07-29 18:19:20,246 WARNING GLCM is symmetrical, therefore Sum Average = 2 * Joint Average, only 1 needs to be calculated
2026-07-29 18:19:20,254 INFO Computing Wavelet H
2026-07-29 18:19:20,254 INFO Calculating features for wavelet-H image
2026-07-29 18:19:20,258 INFO Computing firstorder
2026-07-29 18:19:20,262 INFO Computing glcm
2026-07-29 18:19:20,266 WARNING GLCM is symmetrical, therefore Sum Average = 2 * Joint Average, only 1 needs to be calculated
2026-07-29 18:19:20,266 INFO Calculating features for wavelet-L image
2026-07-29 18:19:20,270 INFO Computing firstorder
2026-07-29 18:19:20,275 INFO Computing glcm
2026-07-29 18:19:20,279 WARNING GLCM is symmetrical, therefore Sum Average = 2 * Joint Average, only 1 needs to be calculated
2026-07-29 18:19:20,316 INFO Calculating features with label: 1
2026-07-29 18:19:20,316 INFO Loading image and mask
2026-07-29 18:19:20,353 INFO Computing shape2D
2026-07-29 18:19:20,355 INFO Adding image type "Original" with custom settings: {}
2026-07-29 18:19:20,355 INFO Adding image type "Exponential" with custom settings: {}
2026-07-29 18:19:20,355 INFO Adding image type "Gradient" with custom settings: {}
2026-07-29 18:19:20,355 INFO Adding image type "LBP2D" with custom settings: {}
2026-07-29 18:19:20,355 INFO Adding image type "LBP3D" with custom settings: {}
2026-07-29 18:19:20,355 INFO Adding image type "LoG" with custom settings: {}
2026-07-29 18:19:20,355 INFO Adding image type "Logarithm" with custom settings: {}
2026-07-29 18:19:20,355 INFO Adding image type "Square" with custom settings: {}
2026-07-29 18:19:20,355 INFO Adding image type "SquareRoot" with custom settings: {}
2026-07-29 18:19:20,355 INFO Adding image type "Wavelet" with custom settings: {}
2026-07-29 18:19:20,355 INFO Calculating features for original image
2026-07-29 18:19:20,357 INFO Computing firstorder
2026-07-29 18:19:20,361 INFO Computing glcm
2026-07-29 18:19:20,363 WARNING GLCM is symmetrical, therefore Sum Average = 2 * Joint Average, only 1 needs to be calculated
2026-07-29 18:19:20,369 INFO Calculating features for exponential image
2026-07-29 18:19:20,372 INFO Computing firstorder
2026-07-29 18:19:20,376 INFO Computing glcm
2026-07-29 18:19:20,378 WARNING GLCM is symmetrical, therefore Sum Average = 2 * Joint Average, only 1 needs to be calculated
2026-07-29 18:19:20,380 INFO Calculating features for gradient image
2026-07-29 18:19:20,383 INFO Computing firstorder
2026-07-29 18:19:20,388 INFO Computing glcm
2026-07-29 18:19:20,390 WARNING GLCM is symmetrical, therefore Sum Average = 2 * Joint Average, only 1 needs to be calculated
2026-07-29 18:19:20,416 INFO Calculating features for lbp-2D image
2026-07-29 18:19:20,419 INFO Computing firstorder
2026-07-29 18:19:20,423 INFO Computing glcm
2026-07-29 18:19:20,425 WARNING GLCM is symmetrical, therefore Sum Average = 2 * Joint Average, only 1 needs to be calculated
2026-07-29 18:19:20,425 WARNING LBP 3D only available for 3 dimensional images, found 2 dimensions
2026-07-29 18:19:20,432 INFO Calculating features for logarithm image
2026-07-29 18:19:20,436 INFO Computing firstorder
2026-07-29 18:19:20,440 INFO Computing glcm
2026-07-29 18:19:20,443 WARNING GLCM is symmetrical, therefore Sum Average = 2 * Joint Average, only 1 needs to be calculated
2026-07-29 18:19:20,447 INFO Calculating features for square image
2026-07-29 18:19:20,451 INFO Computing firstorder
2026-07-29 18:19:20,455 INFO Computing glcm
2026-07-29 18:19:20,457 WARNING GLCM is symmetrical, therefore Sum Average = 2 * Joint Average, only 1 needs to be calculated
2026-07-29 18:19:20,463 INFO Calculating features for squareroot image
2026-07-29 18:19:20,466 INFO Computing firstorder
2026-07-29 18:19:20,471 INFO Computing glcm
2026-07-29 18:19:20,474 WARNING GLCM is symmetrical, therefore Sum Average = 2 * Joint Average, only 1 needs to be calculated
2026-07-29 18:19:20,481 INFO Computing Wavelet H
2026-07-29 18:19:20,482 INFO Calculating features for wavelet-H image
2026-07-29 18:19:20,485 INFO Computing firstorder
2026-07-29 18:19:20,489 INFO Computing glcm
2026-07-29 18:19:20,491 WARNING GLCM is symmetrical, therefore Sum Average = 2 * Joint Average, only 1 needs to be calculated
2026-07-29 18:19:20,492 INFO Calculating features for wavelet-L image
2026-07-29 18:19:20,494 INFO Computing firstorder
2026-07-29 18:19:20,498 INFO Computing glcm
2026-07-29 18:19:20,501 WARNING GLCM is symmetrical, therefore Sum Average = 2 * Joint Average, only 1 needs to be calculated
2026-07-29 18:19:20,537 INFO Calculating features with label: 1
2026-07-29 18:19:20,537 INFO Loading image and mask
2026-07-29 18:19:20,575 INFO Computing shape2D
2026-07-29 18:19:20,577 INFO Adding image type "Original" with custom settings: {}
2026-07-29 18:19:20,577 INFO Adding image type "Exponential" with custom settings: {}
2026-07-29 18:19:20,577 INFO Adding image type "Gradient" with custom settings: {}
2026-07-29 18:19:20,577 INFO Adding image type "LBP2D" with custom settings: {}
2026-07-29 18:19:20,577 INFO Adding image type "LBP3D" with custom settings: {}
2026-07-29 18:19:20,577 INFO Adding image type "LoG" with custom settings: {}
2026-07-29 18:19:20,577 INFO Adding image type "Logarithm" with custom settings: {}
2026-07-29 18:19:20,577 INFO Adding image type "Square" with custom settings: {}
2026-07-29 18:19:20,577 INFO Adding image type "SquareRoot" with custom settings: {}
2026-07-29 18:19:20,577 INFO Adding image type "Wavelet" with custom settings: {}
2026-07-29 18:19:20,577 INFO Calculating features for original image
2026-07-29 18:19:20,580 INFO Computing firstorder
2026-07-29 18:19:20,586 INFO Computing glcm
2026-07-29 18:19:20,590 WARNING GLCM is symmetrical, therefore Sum Average = 2 * Joint Average, only 1 needs to be calculated
2026-07-29 18:19:20,595 INFO Calculating features for exponential image
2026-07-29 18:19:20,598 INFO Computing firstorder
2026-07-29 18:19:20,605 INFO Computing glcm
2026-07-29 18:19:20,608 WARNING GLCM is symmetrical, therefore Sum Average = 2 * Joint Average, only 1 needs to be calculated
2026-07-29 18:19:20,610 INFO Calculating features for gradient image
2026-07-29 18:19:20,614 INFO Computing firstorder
2026-07-29 18:19:20,620 INFO Computing glcm
2026-07-29 18:19:20,623 WARNING GLCM is symmetrical, therefore Sum Average = 2 * Joint Average, only 1 needs to be calculated
2026-07-29 18:19:20,648 INFO Calculating features for lbp-2D image
2026-07-29 18:19:20,651 INFO Computing firstorder
2026-07-29 18:19:20,657 INFO Computing glcm
2026-07-29 18:19:20,660 WARNING GLCM is symmetrical, therefore Sum Average = 2 * Joint Average, only 1 needs to be calculated
2026-07-29 18:19:20,660 WARNING LBP 3D only available for 3 dimensional images, found 2 dimensions
2026-07-29 18:19:20,668 INFO Calculating features for logarithm image
2026-07-29 18:19:20,672 INFO Computing firstorder
2026-07-29 18:19:20,679 INFO Computing glcm
2026-07-29 18:19:20,683 WARNING GLCM is symmetrical, therefore Sum Average = 2 * Joint Average, only 1 needs to be calculated
2026-07-29 18:19:20,689 INFO Calculating features for square image
2026-07-29 18:19:20,692 INFO Computing firstorder
2026-07-29 18:19:20,698 INFO Computing glcm
2026-07-29 18:19:20,702 WARNING GLCM is symmetrical, therefore Sum Average = 2 * Joint Average, only 1 needs to be calculated
2026-07-29 18:19:20,708 INFO Calculating features for squareroot image
2026-07-29 18:19:20,712 INFO Computing firstorder
2026-07-29 18:19:20,718 INFO Computing glcm
2026-07-29 18:19:20,722 WARNING GLCM is symmetrical, therefore Sum Average = 2 * Joint Average, only 1 needs to be calculated
2026-07-29 18:19:20,730 INFO Computing Wavelet H
2026-07-29 18:19:20,731 INFO Calculating features for wavelet-H image
2026-07-29 18:19:20,734 INFO Computing firstorder
2026-07-29 18:19:20,741 INFO Computing glcm
2026-07-29 18:19:20,744 WARNING GLCM is symmetrical, therefore Sum Average = 2 * Joint Average, only 1 needs to be calculated
2026-07-29 18:19:20,745 INFO Calculating features for wavelet-L image
2026-07-29 18:19:20,748 INFO Computing firstorder
2026-07-29 18:19:20,755 INFO Computing glcm
2026-07-29 18:19:20,759 WARNING GLCM is symmetrical, therefore Sum Average = 2 * Joint Average, only 1 needs to be calculated
2026-07-29 18:19:20,794 INFO Calculating features with label: 1
2026-07-29 18:19:20,794 INFO Loading image and mask
2026-07-29 18:19:20,833 INFO Computing shape2D
2026-07-29 18:19:20,836 INFO Adding image type "Original" with custom settings: {}
2026-07-29 18:19:20,836 INFO Adding image type "Exponential" with custom settings: {}
2026-07-29 18:19:20,836 INFO Adding image type "Gradient" with custom settings: {}
2026-07-29 18:19:20,836 INFO Adding image type "LBP2D" with custom settings: {}
2026-07-29 18:19:20,836 INFO Adding image type "LBP3D" with custom settings: {}
2026-07-29 18:19:20,836 INFO Adding image type "LoG" with custom settings: {}
2026-07-29 18:19:20,836 INFO Adding image type "Logarithm" with custom settings: {}
2026-07-29 18:19:20,836 INFO Adding image type "Square" with custom settings: {}
2026-07-29 18:19:20,836 INFO Adding image type "SquareRoot" with custom settings: {}
2026-07-29 18:19:20,836 INFO Adding image type "Wavelet" with custom settings: {}
2026-07-29 18:19:20,836 INFO Calculating features for original image
2026-07-29 18:19:20,839 INFO Computing firstorder
2026-07-29 18:19:20,843 INFO Computing glcm
2026-07-29 18:19:20,847 WARNING GLCM is symmetrical, therefore Sum Average = 2 * Joint Average, only 1 needs to be calculated
2026-07-29 18:19:20,852 INFO Calculating features for exponential image
2026-07-29 18:19:20,855 INFO Computing firstorder
2026-07-29 18:19:20,860 INFO Computing glcm
2026-07-29 18:19:20,862 WARNING GLCM is symmetrical, therefore Sum Average = 2 * Joint Average, only 1 needs to be calculated
2026-07-29 18:19:20,865 INFO Calculating features for gradient image
2026-07-29 18:19:20,868 INFO Computing firstorder
2026-07-29 18:19:20,873 INFO Computing glcm
2026-07-29 18:19:20,875 WARNING GLCM is symmetrical, therefore Sum Average = 2 * Joint Average, only 1 needs to be calculated
2026-07-29 18:19:20,899 INFO Calculating features for lbp-2D image
2026-07-29 18:19:20,903 INFO Computing firstorder
2026-07-29 18:19:20,907 INFO Computing glcm
2026-07-29 18:19:20,910 WARNING GLCM is symmetrical, therefore Sum Average = 2 * Joint Average, only 1 needs to be calculated
2026-07-29 18:19:20,910 WARNING LBP 3D only available for 3 dimensional images, found 2 dimensions
2026-07-29 18:19:20,917 INFO Calculating features for logarithm image
2026-07-29 18:19:20,920 INFO Computing firstorder
2026-07-29 18:19:20,925 INFO Computing glcm
2026-07-29 18:19:20,928 WARNING GLCM is symmetrical, therefore Sum Average = 2 * Joint Average, only 1 needs to be calculated
2026-07-29 18:19:20,933 INFO Calculating features for square image
2026-07-29 18:19:20,936 INFO Computing firstorder
2026-07-29 18:19:20,941 INFO Computing glcm
2026-07-29 18:19:20,944 WARNING GLCM is symmetrical, therefore Sum Average = 2 * Joint Average, only 1 needs to be calculated
2026-07-29 18:19:20,949 INFO Calculating features for squareroot image
2026-07-29 18:19:20,953 INFO Computing firstorder
2026-07-29 18:19:20,958 INFO Computing glcm
2026-07-29 18:19:20,961 WARNING GLCM is symmetrical, therefore Sum Average = 2 * Joint Average, only 1 needs to be calculated
2026-07-29 18:19:20,969 INFO Computing Wavelet H
2026-07-29 18:19:20,970 INFO Calculating features for wavelet-H image
2026-07-29 18:19:20,973 INFO Computing firstorder
2026-07-29 18:19:20,978 INFO Computing glcm
2026-07-29 18:19:20,980 WARNING GLCM is symmetrical, therefore Sum Average = 2 * Joint Average, only 1 needs to be calculated
2026-07-29 18:19:20,981 INFO Calculating features for wavelet-L image
2026-07-29 18:19:20,984 INFO Computing firstorder
2026-07-29 18:19:20,989 INFO Computing glcm
2026-07-29 18:19:20,993 WARNING GLCM is symmetrical, therefore Sum Average = 2 * Joint Average, only 1 needs to be calculated
2026-07-29 18:19:21,030 INFO Calculating features with label: 1
2026-07-29 18:19:21,030 INFO Loading image and mask
2026-07-29 18:19:21,083 INFO Computing shape2D
2026-07-29 18:19:21,086 INFO Adding image type "Original" with custom settings: {}
2026-07-29 18:19:21,086 INFO Adding image type "Exponential" with custom settings: {}
2026-07-29 18:19:21,086 INFO Adding image type "Gradient" with custom settings: {}
2026-07-29 18:19:21,086 INFO Adding image type "LBP2D" with custom settings: {}
2026-07-29 18:19:21,086 INFO Adding image type "LBP3D" with custom settings: {}
2026-07-29 18:19:21,086 INFO Adding image type "LoG" with custom settings: {}
2026-07-29 18:19:21,086 INFO Adding image type "Logarithm" with custom settings: {}
2026-07-29 18:19:21,086 INFO Adding image type "Square" with custom settings: {}
2026-07-29 18:19:21,086 INFO Adding image type "SquareRoot" with custom settings: {}
2026-07-29 18:19:21,086 INFO Adding image type "Wavelet" with custom settings: {}
2026-07-29 18:19:21,086 INFO Calculating features for original image
2026-07-29 18:19:21,090 INFO Computing firstorder
2026-07-29 18:19:21,096 INFO Computing glcm
2026-07-29 18:19:21,099 WARNING GLCM is symmetrical, therefore Sum Average = 2 * Joint Average, only 1 needs to be calculated
2026-07-29 18:19:21,104 INFO Calculating features for exponential image
2026-07-29 18:19:21,108 INFO Computing firstorder
2026-07-29 18:19:21,112 INFO Computing glcm
2026-07-29 18:19:21,114 WARNING GLCM is symmetrical, therefore Sum Average = 2 * Joint Average, only 1 needs to be calculated
2026-07-29 18:19:21,117 INFO Calculating features for gradient image
2026-07-29 18:19:21,121 INFO Computing firstorder
2026-07-29 18:19:21,125 INFO Computing glcm
2026-07-29 18:19:21,128 WARNING GLCM is symmetrical, therefore Sum Average = 2 * Joint Average, only 1 needs to be calculated
2026-07-29 18:19:21,152 INFO Calculating features for lbp-2D image
2026-07-29 18:19:21,156 INFO Computing firstorder
2026-07-29 18:19:21,160 INFO Computing glcm
2026-07-29 18:19:21,162 WARNING GLCM is symmetrical, therefore Sum Average = 2 * Joint Average, only 1 needs to be calculated
2026-07-29 18:19:21,163 WARNING LBP 3D only available for 3 dimensional images, found 2 dimensions
2026-07-29 18:19:21,171 INFO Calculating features for logarithm image
2026-07-29 18:19:21,174 INFO Computing firstorder
2026-07-29 18:19:21,179 INFO Computing glcm
2026-07-29 18:19:21,182 WARNING GLCM is symmetrical, therefore Sum Average = 2 * Joint Average, only 1 needs to be calculated
2026-07-29 18:19:21,187 INFO Calculating features for square image
2026-07-29 18:19:21,190 INFO Computing firstorder
2026-07-29 18:19:21,195 INFO Computing glcm
2026-07-29 18:19:21,197 WARNING GLCM is symmetrical, therefore Sum Average = 2 * Joint Average, only 1 needs to be calculated
2026-07-29 18:19:21,204 INFO Calculating features for squareroot image
2026-07-29 18:19:21,207 INFO Computing firstorder
2026-07-29 18:19:21,211 INFO Computing glcm
2026-07-29 18:19:21,215 WARNING GLCM is symmetrical, therefore Sum Average = 2 * Joint Average, only 1 needs to be calculated
2026-07-29 18:19:21,223 INFO Computing Wavelet H
2026-07-29 18:19:21,223 INFO Calculating features for wavelet-H image
2026-07-29 18:19:21,226 INFO Computing firstorder
2026-07-29 18:19:21,231 INFO Computing glcm
2026-07-29 18:19:21,234 WARNING GLCM is symmetrical, therefore Sum Average = 2 * Joint Average, only 1 needs to be calculated
2026-07-29 18:19:21,234 INFO Calculating features for wavelet-L image
2026-07-29 18:19:21,239 INFO Computing firstorder
2026-07-29 18:19:21,244 INFO Computing glcm
2026-07-29 18:19:21,247 WARNING GLCM is symmetrical, therefore Sum Average = 2 * Joint Average, only 1 needs to be calculated
2026-07-29 18:19:21,283 INFO Calculating features with label: 1
2026-07-29 18:19:21,283 INFO Loading image and mask
2026-07-29 18:19:21,318 INFO Computing shape2D
2026-07-29 18:19:21,319 INFO Adding image type "Original" with custom settings: {}
2026-07-29 18:19:21,320 INFO Adding image type "Exponential" with custom settings: {}
2026-07-29 18:19:21,320 INFO Adding image type "Gradient" with custom settings: {}
2026-07-29 18:19:21,320 INFO Adding image type "LBP2D" with custom settings: {}
2026-07-29 18:19:21,320 INFO Adding image type "LBP3D" with custom settings: {}
2026-07-29 18:19:21,320 INFO Adding image type "LoG" with custom settings: {}
2026-07-29 18:19:21,320 INFO Adding image type "Logarithm" with custom settings: {}
2026-07-29 18:19:21,320 INFO Adding image type "Square" with custom settings: {}
2026-07-29 18:19:21,320 INFO Adding image type "SquareRoot" with custom settings: {}
2026-07-29 18:19:21,320 INFO Adding image type "Wavelet" with custom settings: {}
2026-07-29 18:19:21,320 INFO Calculating features for original image
2026-07-29 18:19:21,323 INFO Computing firstorder
2026-07-29 18:19:21,325 INFO Computing glcm
2026-07-29 18:19:21,328 WARNING GLCM is symmetrical, therefore Sum Average = 2 * Joint Average, only 1 needs to be calculated
2026-07-29 18:19:21,333 INFO Calculating features for exponential image
2026-07-29 18:19:21,336 INFO Computing firstorder
2026-07-29 18:19:21,339 INFO Computing glcm
2026-07-29 18:19:21,340 WARNING GLCM is symmetrical, therefore Sum Average = 2 * Joint Average, only 1 needs to be calculated
2026-07-29 18:19:21,342 INFO Calculating features for gradient image
2026-07-29 18:19:21,345 INFO Computing firstorder
2026-07-29 18:19:21,348 INFO Computing glcm
2026-07-29 18:19:21,349 WARNING GLCM is symmetrical, therefore Sum Average = 2 * Joint Average, only 1 needs to be calculated
2026-07-29 18:19:21,374 INFO Calculating features for lbp-2D image
2026-07-29 18:19:21,378 INFO Computing firstorder
2026-07-29 18:19:21,380 INFO Computing glcm
2026-07-29 18:19:21,382 WARNING GLCM is symmetrical, therefore Sum Average = 2 * Joint Average, only 1 needs to be calculated
2026-07-29 18:19:21,382 WARNING LBP 3D only available for 3 dimensional images, found 2 dimensions
2026-07-29 18:19:21,389 INFO Calculating features for logarithm image
2026-07-29 18:19:21,393 INFO Computing firstorder
2026-07-29 18:19:21,396 INFO Computing glcm
2026-07-29 18:19:21,398 WARNING GLCM is symmetrical, therefore Sum Average = 2 * Joint Average, only 1 needs to be calculated
2026-07-29 18:19:21,403 INFO Calculating features for square image
2026-07-29 18:19:21,406 INFO Computing firstorder
2026-07-29 18:19:21,409 INFO Computing glcm
2026-07-29 18:19:21,411 WARNING GLCM is symmetrical, therefore Sum Average = 2 * Joint Average, only 1 needs to be calculated
2026-07-29 18:19:21,417 INFO Calculating features for squareroot image
2026-07-29 18:19:21,421 INFO Computing firstorder
2026-07-29 18:19:21,424 INFO Computing glcm
2026-07-29 18:19:21,426 WARNING GLCM is symmetrical, therefore Sum Average = 2 * Joint Average, only 1 needs to be calculated
2026-07-29 18:19:21,434 INFO Computing Wavelet H
2026-07-29 18:19:21,434 INFO Calculating features for wavelet-H image
2026-07-29 18:19:21,437 INFO Computing firstorder
2026-07-29 18:19:21,440 INFO Computing glcm
2026-07-29 18:19:21,442 WARNING GLCM is symmetrical, therefore Sum Average = 2 * Joint Average, only 1 needs to be calculated
2026-07-29 18:19:21,442 INFO Calculating features for wavelet-L image
2026-07-29 18:19:21,445 INFO Computing firstorder
2026-07-29 18:19:21,447 INFO Computing glcm
2026-07-29 18:19:21,450 WARNING GLCM is symmetrical, therefore Sum Average = 2 * Joint Average, only 1 needs to be calculated
2026-07-29 18:19:21,487 INFO Calculating features with label: 1
2026-07-29 18:19:21,487 INFO Loading image and mask
2026-07-29 18:19:21,523 INFO Computing shape2D
2026-07-29 18:19:21,525 INFO Adding image type "Original" with custom settings: {}
2026-07-29 18:19:21,525 INFO Adding image type "Exponential" with custom settings: {}
2026-07-29 18:19:21,525 INFO Adding image type "Gradient" with custom settings: {}
2026-07-29 18:19:21,526 INFO Adding image type "LBP2D" with custom settings: {}
2026-07-29 18:19:21,526 INFO Adding image type "LBP3D" with custom settings: {}
2026-07-29 18:19:21,526 INFO Adding image type "LoG" with custom settings: {}
2026-07-29 18:19:21,526 INFO Adding image type "Logarithm" with custom settings: {}
2026-07-29 18:19:21,526 INFO Adding image type "Square" with custom settings: {}
2026-07-29 18:19:21,526 INFO Adding image type "SquareRoot" with custom settings: {}
2026-07-29 18:19:21,526 INFO Adding image type "Wavelet" with custom settings: {}
2026-07-29 18:19:21,526 INFO Calculating features for original image
2026-07-29 18:19:21,528 INFO Computing firstorder
2026-07-29 18:19:21,535 INFO Computing glcm
2026-07-29 18:19:21,539 WARNING GLCM is symmetrical, therefore Sum Average = 2 * Joint Average, only 1 needs to be calculated
2026-07-29 18:19:21,544 INFO Calculating features for exponential image
2026-07-29 18:19:21,548 INFO Computing firstorder
2026-07-29 18:19:21,553 INFO Computing glcm
2026-07-29 18:19:21,556 WARNING GLCM is symmetrical, therefore Sum Average = 2 * Joint Average, only 1 needs to be calculated
2026-07-29 18:19:21,560 INFO Calculating features for gradient image
2026-07-29 18:19:21,563 INFO Computing firstorder
2026-07-29 18:19:21,569 INFO Computing glcm
2026-07-29 18:19:21,573 WARNING GLCM is symmetrical, therefore Sum Average = 2 * Joint Average, only 1 needs to be calculated
2026-07-29 18:19:21,598 INFO Calculating features for lbp-2D image
2026-07-29 18:19:21,601 INFO Computing firstorder
2026-07-29 18:19:21,608 INFO Computing glcm
2026-07-29 18:19:21,611 WARNING GLCM is symmetrical, therefore Sum Average = 2 * Joint Average, only 1 needs to be calculated
2026-07-29 18:19:21,612 WARNING LBP 3D only available for 3 dimensional images, found 2 dimensions
2026-07-29 18:19:21,620 INFO Calculating features for logarithm image
2026-07-29 18:19:21,624 INFO Computing firstorder
2026-07-29 18:19:21,630 INFO Computing glcm
2026-07-29 18:19:21,634 WARNING GLCM is symmetrical, therefore Sum Average = 2 * Joint Average, only 1 needs to be calculated
2026-07-29 18:19:21,639 INFO Calculating features for square image
2026-07-29 18:19:21,642 INFO Computing firstorder
2026-07-29 18:19:21,648 INFO Computing glcm
2026-07-29 18:19:21,652 WARNING GLCM is symmetrical, therefore Sum Average = 2 * Joint Average, only 1 needs to be calculated
2026-07-29 18:19:21,659 INFO Calculating features for squareroot image
2026-07-29 18:19:21,663 INFO Computing firstorder
2026-07-29 18:19:21,669 INFO Computing glcm
2026-07-29 18:19:21,672 WARNING GLCM is symmetrical, therefore Sum Average = 2 * Joint Average, only 1 needs to be calculated
2026-07-29 18:19:21,680 INFO Computing Wavelet H
2026-07-29 18:19:21,680 INFO Calculating features for wavelet-H image
2026-07-29 18:19:21,684 INFO Computing firstorder
2026-07-29 18:19:21,690 INFO Computing glcm
2026-07-29 18:19:21,694 WARNING GLCM is symmetrical, therefore Sum Average = 2 * Joint Average, only 1 needs to be calculated
2026-07-29 18:19:21,694 INFO Calculating features for wavelet-L image
2026-07-29 18:19:21,698 INFO Computing firstorder
2026-07-29 18:19:21,705 INFO Computing glcm
2026-07-29 18:19:21,709 WARNING GLCM is symmetrical, therefore Sum Average = 2 * Joint Average, only 1 needs to be calculated
2026-07-29 18:19:21,746 INFO Calculating features with label: 1
2026-07-29 18:19:21,746 INFO Loading image and mask
2026-07-29 18:19:21,784 INFO Computing shape2D
2026-07-29 18:19:21,787 INFO Adding image type "Original" with custom settings: {}
2026-07-29 18:19:21,787 INFO Adding image type "Exponential" with custom settings: {}
2026-07-29 18:19:21,787 INFO Adding image type "Gradient" with custom settings: {}
2026-07-29 18:19:21,787 INFO Adding image type "LBP2D" with custom settings: {}
2026-07-29 18:19:21,787 INFO Adding image type "LBP3D" with custom settings: {}
2026-07-29 18:19:21,787 INFO Adding image type "LoG" with custom settings: {}
2026-07-29 18:19:21,787 INFO Adding image type "Logarithm" with custom settings: {}
2026-07-29 18:19:21,787 INFO Adding image type "Square" with custom settings: {}
2026-07-29 18:19:21,787 INFO Adding image type "SquareRoot" with custom settings: {}
2026-07-29 18:19:21,787 INFO Adding image type "Wavelet" with custom settings: {}
2026-07-29 18:19:21,787 INFO Calculating features for original image
2026-07-29 18:19:21,790 INFO Computing firstorder
2026-07-29 18:19:21,795 INFO Computing glcm
2026-07-29 18:19:21,798 WARNING GLCM is symmetrical, therefore Sum Average = 2 * Joint Average, only 1 needs to be calculated
2026-07-29 18:19:21,804 INFO Calculating features for exponential image
2026-07-29 18:19:21,807 INFO Computing firstorder
2026-07-29 18:19:21,812 INFO Computing glcm
2026-07-29 18:19:21,815 WARNING GLCM is symmetrical, therefore Sum Average = 2 * Joint Average, only 1 needs to be calculated
2026-07-29 18:19:21,817 INFO Calculating features for gradient image
2026-07-29 18:19:21,820 INFO Computing firstorder
2026-07-29 18:19:21,825 INFO Computing glcm
2026-07-29 18:19:21,829 WARNING GLCM is symmetrical, therefore Sum Average = 2 * Joint Average, only 1 needs to be calculated
2026-07-29 18:19:21,853 INFO Calculating features for lbp-2D image
2026-07-29 18:19:21,856 INFO Computing firstorder
2026-07-29 18:19:21,862 INFO Computing glcm
2026-07-29 18:19:21,864 WARNING GLCM is symmetrical, therefore Sum Average = 2 * Joint Average, only 1 needs to be calculated
2026-07-29 18:19:21,865 WARNING LBP 3D only available for 3 dimensional images, found 2 dimensions
2026-07-29 18:19:21,875 INFO Calculating features for logarithm image
2026-07-29 18:19:21,878 INFO Computing firstorder
2026-07-29 18:19:21,884 INFO Computing glcm
2026-07-29 18:19:21,888 WARNING GLCM is symmetrical, therefore Sum Average = 2 * Joint Average, only 1 needs to be calculated
2026-07-29 18:19:21,893 INFO Calculating features for square image
2026-07-29 18:19:21,897 INFO Computing firstorder
2026-07-29 18:19:21,902 INFO Computing glcm
2026-07-29 18:19:21,905 WARNING GLCM is symmetrical, therefore Sum Average = 2 * Joint Average, only 1 needs to be calculated
2026-07-29 18:19:21,912 INFO Calculating features for squareroot image
2026-07-29 18:19:21,915 INFO Computing firstorder
2026-07-29 18:19:21,922 INFO Computing glcm
2026-07-29 18:19:21,926 WARNING GLCM is symmetrical, therefore Sum Average = 2 * Joint Average, only 1 needs to be calculated
2026-07-29 18:19:21,934 INFO Computing Wavelet H
2026-07-29 18:19:21,934 INFO Calculating features for wavelet-H image
2026-07-29 18:19:21,937 INFO Computing firstorder
2026-07-29 18:19:21,943 INFO Computing glcm
2026-07-29 18:19:21,946 WARNING GLCM is symmetrical, therefore Sum Average = 2 * Joint Average, only 1 needs to be calculated
2026-07-29 18:19:21,947 INFO Calculating features for wavelet-L image
2026-07-29 18:19:21,950 INFO Computing firstorder
2026-07-29 18:19:21,956 INFO Computing glcm
2026-07-29 18:19:21,960 WARNING GLCM is symmetrical, therefore Sum Average = 2 * Joint Average, only 1 needs to be calculated
2026-07-29 18:19:21,999 INFO Calculating features with label: 1
2026-07-29 18:19:22,000 INFO Loading image and mask
2026-07-29 18:19:22,035 INFO Computing shape2D
2026-07-29 18:19:22,038 INFO Adding image type "Original" with custom settings: {}
2026-07-29 18:19:22,038 INFO Adding image type "Exponential" with custom settings: {}
2026-07-29 18:19:22,038 INFO Adding image type "Gradient" with custom settings: {}
2026-07-29 18:19:22,038 INFO Adding image type "LBP2D" with custom settings: {}
2026-07-29 18:19:22,038 INFO Adding image type "LBP3D" with custom settings: {}
2026-07-29 18:19:22,038 INFO Adding image type "LoG" with custom settings: {}
2026-07-29 18:19:22,038 INFO Adding image type "Logarithm" with custom settings: {}
2026-07-29 18:19:22,038 INFO Adding image type "Square" with custom settings: {}
2026-07-29 18:19:22,038 INFO Adding image type "SquareRoot" with custom settings: {}
2026-07-29 18:19:22,038 INFO Adding image type "Wavelet" with custom settings: {}
2026-07-29 18:19:22,038 INFO Calculating features for original image
2026-07-29 18:19:22,040 INFO Computing firstorder
2026-07-29 18:19:22,045 INFO Computing glcm
2026-07-29 18:19:22,049 WARNING GLCM is symmetrical, therefore Sum Average = 2 * Joint Average, only 1 needs to be calculated
2026-07-29 18:19:22,054 INFO Calculating features for exponential image
2026-07-29 18:19:22,058 INFO Computing firstorder
2026-07-29 18:19:22,063 INFO Computing glcm
2026-07-29 18:19:22,066 WARNING GLCM is symmetrical, therefore Sum Average = 2 * Joint Average, only 1 needs to be calculated
2026-07-29 18:19:22,069 INFO Calculating features for gradient image
2026-07-29 18:19:22,072 INFO Computing firstorder
2026-07-29 18:19:22,077 INFO Computing glcm
2026-07-29 18:19:22,080 WARNING GLCM is symmetrical, therefore Sum Average = 2 * Joint Average, only 1 needs to be calculated
2026-07-29 18:19:22,105 INFO Calculating features for lbp-2D image
2026-07-29 18:19:22,108 INFO Computing firstorder
2026-07-29 18:19:22,113 INFO Computing glcm
2026-07-29 18:19:22,116 WARNING GLCM is symmetrical, therefore Sum Average = 2 * Joint Average, only 1 needs to be calculated
2026-07-29 18:19:22,116 WARNING LBP 3D only available for 3 dimensional images, found 2 dimensions
2026-07-29 18:19:22,124 INFO Calculating features for logarithm image
2026-07-29 18:19:22,128 INFO Computing firstorder
2026-07-29 18:19:22,133 INFO Computing glcm
2026-07-29 18:19:22,137 WARNING GLCM is symmetrical, therefore Sum Average = 2 * Joint Average, only 1 needs to be calculated
2026-07-29 18:19:22,142 INFO Calculating features for square image
2026-07-29 18:19:22,145 INFO Computing firstorder
2026-07-29 18:19:22,150 INFO Computing glcm
2026-07-29 18:19:22,154 WARNING GLCM is symmetrical, therefore Sum Average = 2 * Joint Average, only 1 needs to be calculated
2026-07-29 18:19:22,161 INFO Calculating features for squareroot image
2026-07-29 18:19:22,165 INFO Computing firstorder
2026-07-29 18:19:22,170 INFO Computing glcm
2026-07-29 18:19:22,174 WARNING GLCM is symmetrical, therefore Sum Average = 2 * Joint Average, only 1 needs to be calculated
2026-07-29 18:19:22,183 INFO Computing Wavelet H
2026-07-29 18:19:22,183 INFO Calculating features for wavelet-H image
2026-07-29 18:19:22,186 INFO Computing firstorder
2026-07-29 18:19:22,192 INFO Computing glcm
2026-07-29 18:19:22,195 WARNING GLCM is symmetrical, therefore Sum Average = 2 * Joint Average, only 1 needs to be calculated
2026-07-29 18:19:22,195 INFO Calculating features for wavelet-L image
2026-07-29 18:19:22,199 INFO Computing firstorder
2026-07-29 18:19:22,204 INFO Computing glcm
2026-07-29 18:19:22,208 WARNING GLCM is symmetrical, therefore Sum Average = 2 * Joint Average, only 1 needs to be calculated
2026-07-29 18:19:22,246 INFO Calculating features with label: 1
2026-07-29 18:19:22,246 INFO Loading image and mask
2026-07-29 18:19:22,290 INFO Computing shape2D
2026-07-29 18:19:22,291 INFO Adding image type "Original" with custom settings: {}
2026-07-29 18:19:22,291 INFO Adding image type "Exponential" with custom settings: {}
2026-07-29 18:19:22,291 INFO Adding image type "Gradient" with custom settings: {}
2026-07-29 18:19:22,291 INFO Adding image type "LBP2D" with custom settings: {}
2026-07-29 18:19:22,291 INFO Adding image type "LBP3D" with custom settings: {}
2026-07-29 18:19:22,291 INFO Adding image type "LoG" with custom settings: {}
2026-07-29 18:19:22,291 INFO Adding image type "Logarithm" with custom settings: {}
2026-07-29 18:19:22,291 INFO Adding image type "Square" with custom settings: {}
2026-07-29 18:19:22,291 INFO Adding image type "SquareRoot" with custom settings: {}
2026-07-29 18:19:22,291 INFO Adding image type "Wavelet" with custom settings: {}
2026-07-29 18:19:22,291 INFO Calculating features for original image
2026-07-29 18:19:22,293 INFO Computing firstorder
2026-07-29 18:19:22,295 INFO Computing glcm
2026-07-29 18:19:22,296 WARNING GLCM is symmetrical, therefore Sum Average = 2 * Joint Average, only 1 needs to be calculated
2026-07-29 18:19:22,302 INFO Calculating features for exponential image
2026-07-29 18:19:22,305 INFO Computing firstorder
2026-07-29 18:19:22,306 INFO Computing glcm
2026-07-29 18:19:22,307 WARNING GLCM is symmetrical, therefore Sum Average = 2 * Joint Average, only 1 needs to be calculated
2026-07-29 18:19:22,309 INFO Calculating features for gradient image
2026-07-29 18:19:22,312 INFO Computing firstorder
2026-07-29 18:19:22,314 INFO Computing glcm
2026-07-29 18:19:22,314 WARNING GLCM is symmetrical, therefore Sum Average = 2 * Joint Average, only 1 needs to be calculated
2026-07-29 18:19:22,339 INFO Calculating features for lbp-2D image
2026-07-29 18:19:22,343 INFO Computing firstorder
2026-07-29 18:19:22,345 INFO Computing glcm
2026-07-29 18:19:22,345 WARNING GLCM is symmetrical, therefore Sum Average = 2 * Joint Average, only 1 needs to be calculated
2026-07-29 18:19:22,346 WARNING LBP 3D only available for 3 dimensional images, found 2 dimensions
2026-07-29 18:19:22,354 INFO Calculating features for logarithm image
2026-07-29 18:19:22,357 INFO Computing firstorder
2026-07-29 18:19:22,358 INFO Computing glcm
2026-07-29 18:19:22,360 WARNING GLCM is symmetrical, therefore Sum Average = 2 * Joint Average, only 1 needs to be calculated
2026-07-29 18:19:22,365 INFO Calculating features for square image
2026-07-29 18:19:22,368 INFO Computing firstorder
2026-07-29 18:19:22,370 INFO Computing glcm
2026-07-29 18:19:22,371 WARNING GLCM is symmetrical, therefore Sum Average = 2 * Joint Average, only 1 needs to be calculated
2026-07-29 18:19:22,376 INFO Calculating features for squareroot image
2026-07-29 18:19:22,379 INFO Computing firstorder
2026-07-29 18:19:22,381 INFO Computing glcm
2026-07-29 18:19:22,383 WARNING GLCM is symmetrical, therefore Sum Average = 2 * Joint Average, only 1 needs to be calculated
2026-07-29 18:19:22,391 INFO Computing Wavelet H
2026-07-29 18:19:22,391 INFO Calculating features for wavelet-H image
2026-07-29 18:19:22,394 INFO Computing firstorder
2026-07-29 18:19:22,396 INFO Computing glcm
2026-07-29 18:19:22,397 WARNING GLCM is symmetrical, therefore Sum Average = 2 * Joint Average, only 1 needs to be calculated
2026-07-29 18:19:22,397 INFO Calculating features for wavelet-L image
2026-07-29 18:19:22,399 INFO Computing firstorder
2026-07-29 18:19:22,401 INFO Computing glcm
2026-07-29 18:19:22,403 WARNING GLCM is symmetrical, therefore Sum Average = 2 * Joint Average, only 1 needs to be calculated
2026-07-29 18:19:22,438 INFO Calculating features with label: 1
2026-07-29 18:19:22,438 INFO Loading image and mask
2026-07-29 18:19:22,442 ERROR s0142
Traceback (most recent call last):
  File "C:\Users\kanishk\OneDrive\Desktop\infant\Corpus_Callosum\radiomic_feature_extraction.py", line 392, in main
    feature_row = process_subject(
                  ^^^^^^^^^^^^^^^^
  File "C:\Users\kanishk\OneDrive\Desktop\infant\Corpus_Callosum\radiomic_feature_extraction.py", line 284, in process_subject
    feature_dict = extract_features(
                   ^^^^^^^^^^^^^^^^^
  File "C:\Users\kanishk\OneDrive\Desktop\infant\Corpus_Callosum\radiomic_feature_extraction.py", line 236, in extract_features
    feature_vector = extractor.execute(
                     ^^^^^^^^^^^^^^^^^^
  File "C:\Users\kanishk\AppData\Roaming\Python\Python311\site-packages\radiomics\featureextractor.py", line 272, in execute
    image, mask = self.loadImage(imageFilepath, maskFilepath, generalInfo, **_settings)
                  ^^^^^^^^^^^^^^^^^^^^^^^^^^^^^^^^^^^^^^^^^^^^^^^^^^^^^^^^^^^^^^^^^^^^^
  File "C:\Users\kanishk\AppData\Roaming\Python\Python311\site-packages\radiomics\featureextractor.py", line 385, in loadImage
    mask = imageoperations.getMask(mask, **kwargs)
           ^^^^^^^^^^^^^^^^^^^^^^^^^^^^^^^^^^^^^^^
  File "C:\Users\kanishk\AppData\Roaming\Python\Python311\site-packages\radiomics\imageoperations.py", line 49, in getMask
    raise ValueError('No labels found in this mask (i.e. nothing is segmented)!')
ValueError: No labels found in this mask (i.e. nothing is segmented)!
2026-07-29 18:19:22,480 INFO Calculating features with label: 1
2026-07-29 18:19:22,481 INFO Loading image and mask
2026-07-29 18:19:22,518 INFO Computing shape2D
2026-07-29 18:19:22,518 INFO Adding image type "Original" with custom settings: {}
2026-07-29 18:19:22,519 INFO Adding image type "Exponential" with custom settings: {}
2026-07-29 18:19:22,519 INFO Adding image type "Gradient" with custom settings: {}
2026-07-29 18:19:22,519 INFO Adding image type "LBP2D" with custom settings: {}
2026-07-29 18:19:22,519 INFO Adding image type "LBP3D" with custom settings: {}
2026-07-29 18:19:22,519 INFO Adding image type "LoG" with custom settings: {}
2026-07-29 18:19:22,519 INFO Adding image type "Logarithm" with custom settings: {}
2026-07-29 18:19:22,519 INFO Adding image type "Square" with custom settings: {}
2026-07-29 18:19:22,519 INFO Adding image type "SquareRoot" with custom settings: {}
2026-07-29 18:19:22,519 INFO Adding image type "Wavelet" with custom settings: {}
2026-07-29 18:19:22,519 INFO Calculating features for original image
2026-07-29 18:19:22,521 INFO Computing firstorder
2026-07-29 18:19:22,523 INFO Computing glcm
2026-07-29 18:19:22,525 WARNING GLCM is symmetrical, therefore Sum Average = 2 * Joint Average, only 1 needs to be calculated
2026-07-29 18:19:22,530 INFO Calculating features for exponential image
2026-07-29 18:19:22,532 INFO Computing firstorder
2026-07-29 18:19:22,534 INFO Computing glcm
2026-07-29 18:19:22,536 WARNING GLCM is symmetrical, therefore Sum Average = 2 * Joint Average, only 1 needs to be calculated
2026-07-29 18:19:22,538 INFO Calculating features for gradient image
2026-07-29 18:19:22,540 INFO Computing firstorder
2026-07-29 18:19:22,542 INFO Computing glcm
2026-07-29 18:19:22,544 WARNING GLCM is symmetrical, therefore Sum Average = 2 * Joint Average, only 1 needs to be calculated
2026-07-29 18:19:22,567 INFO Calculating features for lbp-2D image
2026-07-29 18:19:22,571 INFO Computing firstorder
2026-07-29 18:19:22,573 INFO Computing glcm
2026-07-29 18:19:22,574 WARNING GLCM is symmetrical, therefore Sum Average = 2 * Joint Average, only 1 needs to be calculated
2026-07-29 18:19:22,574 WARNING LBP 3D only available for 3 dimensional images, found 2 dimensions
2026-07-29 18:19:22,582 INFO Calculating features for logarithm image
2026-07-29 18:19:22,586 INFO Computing firstorder
2026-07-29 18:19:22,588 INFO Computing glcm
2026-07-29 18:19:22,589 WARNING GLCM is symmetrical, therefore Sum Average = 2 * Joint Average, only 1 needs to be calculated
2026-07-29 18:19:22,594 INFO Calculating features for square image
2026-07-29 18:19:22,597 INFO Computing firstorder
2026-07-29 18:19:22,599 INFO Computing glcm
2026-07-29 18:19:22,600 WARNING GLCM is symmetrical, therefore Sum Average = 2 * Joint Average, only 1 needs to be calculated
2026-07-29 18:19:22,606 INFO Calculating features for squareroot image
2026-07-29 18:19:22,610 INFO Computing firstorder
2026-07-29 18:19:22,612 INFO Computing glcm
2026-07-29 18:19:22,613 WARNING GLCM is symmetrical, therefore Sum Average = 2 * Joint Average, only 1 needs to be calculated
2026-07-29 18:19:22,622 INFO Computing Wavelet H
2026-07-29 18:19:22,622 INFO Calculating features for wavelet-H image
2026-07-29 18:19:22,624 INFO Computing firstorder
2026-07-29 18:19:22,627 INFO Computing glcm
2026-07-29 18:19:22,628 WARNING GLCM is symmetrical, therefore Sum Average = 2 * Joint Average, only 1 needs to be calculated
2026-07-29 18:19:22,628 INFO Calculating features for wavelet-L image
2026-07-29 18:19:22,630 INFO Computing firstorder
2026-07-29 18:19:22,633 INFO Computing glcm
2026-07-29 18:19:22,634 WARNING GLCM is symmetrical, therefore Sum Average = 2 * Joint Average, only 1 needs to be calculated
2026-07-29 18:19:22,671 INFO Calculating features with label: 1
2026-07-29 18:19:22,671 INFO Loading image and mask
2026-07-29 18:19:22,707 INFO Computing shape2D
2026-07-29 18:19:22,709 INFO Adding image type "Original" with custom settings: {}
2026-07-29 18:19:22,709 INFO Adding image type "Exponential" with custom settings: {}
2026-07-29 18:19:22,709 INFO Adding image type "Gradient" with custom settings: {}
2026-07-29 18:19:22,709 INFO Adding image type "LBP2D" with custom settings: {}
2026-07-29 18:19:22,709 INFO Adding image type "LBP3D" with custom settings: {}
2026-07-29 18:19:22,709 INFO Adding image type "LoG" with custom settings: {}
2026-07-29 18:19:22,709 INFO Adding image type "Logarithm" with custom settings: {}
2026-07-29 18:19:22,709 INFO Adding image type "Square" with custom settings: {}
2026-07-29 18:19:22,709 INFO Adding image type "SquareRoot" with custom settings: {}
2026-07-29 18:19:22,709 INFO Adding image type "Wavelet" with custom settings: {}
2026-07-29 18:19:22,709 INFO Calculating features for original image
2026-07-29 18:19:22,712 INFO Computing firstorder
2026-07-29 18:19:22,717 INFO Computing glcm
2026-07-29 18:19:22,720 WARNING GLCM is symmetrical, therefore Sum Average = 2 * Joint Average, only 1 needs to be calculated
2026-07-29 18:19:22,726 INFO Calculating features for exponential image
2026-07-29 18:19:22,729 INFO Computing firstorder
2026-07-29 18:19:22,733 INFO Computing glcm
2026-07-29 18:19:22,736 WARNING GLCM is symmetrical, therefore Sum Average = 2 * Joint Average, only 1 needs to be calculated
2026-07-29 18:19:22,739 INFO Calculating features for gradient image
2026-07-29 18:19:22,742 INFO Computing firstorder
2026-07-29 18:19:22,747 INFO Computing glcm
2026-07-29 18:19:22,750 WARNING GLCM is symmetrical, therefore Sum Average = 2 * Joint Average, only 1 needs to be calculated
2026-07-29 18:19:22,774 INFO Calculating features for lbp-2D image
2026-07-29 18:19:22,778 INFO Computing firstorder
2026-07-29 18:19:22,782 INFO Computing glcm
2026-07-29 18:19:22,785 WARNING GLCM is symmetrical, therefore Sum Average = 2 * Joint Average, only 1 needs to be calculated
2026-07-29 18:19:22,786 WARNING LBP 3D only available for 3 dimensional images, found 2 dimensions
2026-07-29 18:19:22,793 INFO Calculating features for logarithm image
2026-07-29 18:19:22,795 INFO Computing firstorder
2026-07-29 18:19:22,800 INFO Computing glcm
2026-07-29 18:19:22,803 WARNING GLCM is symmetrical, therefore Sum Average = 2 * Joint Average, only 1 needs to be calculated
2026-07-29 18:19:22,808 INFO Calculating features for square image
2026-07-29 18:19:22,811 INFO Computing firstorder
2026-07-29 18:19:22,816 INFO Computing glcm
2026-07-29 18:19:22,819 WARNING GLCM is symmetrical, therefore Sum Average = 2 * Joint Average, only 1 needs to be calculated
2026-07-29 18:19:22,825 INFO Calculating features for squareroot image
2026-07-29 18:19:22,828 INFO Computing firstorder
2026-07-29 18:19:22,833 INFO Computing glcm
2026-07-29 18:19:22,836 WARNING GLCM is symmetrical, therefore Sum Average = 2 * Joint Average, only 1 needs to be calculated
2026-07-29 18:19:22,845 INFO Computing Wavelet H
2026-07-29 18:19:22,845 INFO Calculating features for wavelet-H image
2026-07-29 18:19:22,848 INFO Computing firstorder
2026-07-29 18:19:22,853 INFO Computing glcm
2026-07-29 18:19:22,856 WARNING GLCM is symmetrical, therefore Sum Average = 2 * Joint Average, only 1 needs to be calculated
2026-07-29 18:19:22,856 INFO Calculating features for wavelet-L image
2026-07-29 18:19:22,860 INFO Computing firstorder
2026-07-29 18:19:22,864 INFO Computing glcm
2026-07-29 18:19:22,868 WARNING GLCM is symmetrical, therefore Sum Average = 2 * Joint Average, only 1 needs to be calculated
2026-07-29 18:19:22,905 INFO Calculating features with label: 1
2026-07-29 18:19:22,905 INFO Loading image and mask
2026-07-29 18:19:22,942 INFO Computing shape2D
2026-07-29 18:19:22,943 INFO Adding image type "Original" with custom settings: {}
2026-07-29 18:19:22,944 INFO Adding image type "Exponential" with custom settings: {}
2026-07-29 18:19:22,944 INFO Adding image type "Gradient" with custom settings: {}
2026-07-29 18:19:22,944 INFO Adding image type "LBP2D" with custom settings: {}
2026-07-29 18:19:22,944 INFO Adding image type "LBP3D" with custom settings: {}
2026-07-29 18:19:22,944 INFO Adding image type "LoG" with custom settings: {}
2026-07-29 18:19:22,944 INFO Adding image type "Logarithm" with custom settings: {}
2026-07-29 18:19:22,944 INFO Adding image type "Square" with custom settings: {}
2026-07-29 18:19:22,944 INFO Adding image type "SquareRoot" with custom settings: {}
2026-07-29 18:19:22,944 INFO Adding image type "Wavelet" with custom settings: {}
2026-07-29 18:19:22,944 INFO Calculating features for original image
2026-07-29 18:19:22,946 INFO Computing firstorder
2026-07-29 18:19:22,950 INFO Computing glcm
2026-07-29 18:19:22,953 WARNING GLCM is symmetrical, therefore Sum Average = 2 * Joint Average, only 1 needs to be calculated
2026-07-29 18:19:22,958 INFO Calculating features for exponential image
2026-07-29 18:19:22,961 INFO Computing firstorder
2026-07-29 18:19:22,965 INFO Computing glcm
2026-07-29 18:19:22,967 WARNING GLCM is symmetrical, therefore Sum Average = 2 * Joint Average, only 1 needs to be calculated
2026-07-29 18:19:22,970 INFO Calculating features for gradient image
2026-07-29 18:19:22,972 INFO Computing firstorder
2026-07-29 18:19:22,976 INFO Computing glcm
2026-07-29 18:19:22,978 WARNING GLCM is symmetrical, therefore Sum Average = 2 * Joint Average, only 1 needs to be calculated
2026-07-29 18:19:23,002 INFO Calculating features for lbp-2D image
2026-07-29 18:19:23,005 INFO Computing firstorder
2026-07-29 18:19:23,008 INFO Computing glcm
2026-07-29 18:19:23,010 WARNING GLCM is symmetrical, therefore Sum Average = 2 * Joint Average, only 1 needs to be calculated
2026-07-29 18:19:23,011 WARNING LBP 3D only available for 3 dimensional images, found 2 dimensions
2026-07-29 18:19:23,019 INFO Calculating features for logarithm image
2026-07-29 18:19:23,022 INFO Computing firstorder
2026-07-29 18:19:23,025 INFO Computing glcm
2026-07-29 18:19:23,028 WARNING GLCM is symmetrical, therefore Sum Average = 2 * Joint Average, only 1 needs to be calculated
2026-07-29 18:19:23,032 INFO Calculating features for square image
2026-07-29 18:19:23,036 INFO Computing firstorder
2026-07-29 18:19:23,039 INFO Computing glcm
2026-07-29 18:19:23,042 WARNING GLCM is symmetrical, therefore Sum Average = 2 * Joint Average, only 1 needs to be calculated
2026-07-29 18:19:23,047 INFO Calculating features for squareroot image
2026-07-29 18:19:23,051 INFO Computing firstorder
2026-07-29 18:19:23,055 INFO Computing glcm
2026-07-29 18:19:23,057 WARNING GLCM is symmetrical, therefore Sum Average = 2 * Joint Average, only 1 needs to be calculated
2026-07-29 18:19:23,065 INFO Computing Wavelet H
2026-07-29 18:19:23,066 INFO Calculating features for wavelet-H image
2026-07-29 18:19:23,069 INFO Computing firstorder
2026-07-29 18:19:23,073 INFO Computing glcm
2026-07-29 18:19:23,075 WARNING GLCM is symmetrical, therefore Sum Average = 2 * Joint Average, only 1 needs to be calculated
2026-07-29 18:19:23,075 INFO Calculating features for wavelet-L image
2026-07-29 18:19:23,078 INFO Computing firstorder
2026-07-29 18:19:23,082 INFO Computing glcm
2026-07-29 18:19:23,085 WARNING GLCM is symmetrical, therefore Sum Average = 2 * Joint Average, only 1 needs to be calculated
2026-07-29 18:19:23,126 INFO Calculating features with label: 1
2026-07-29 18:19:23,126 INFO Loading image and mask
2026-07-29 18:19:23,163 INFO Computing shape2D
2026-07-29 18:19:23,164 INFO Adding image type "Original" with custom settings: {}
2026-07-29 18:19:23,164 INFO Adding image type "Exponential" with custom settings: {}
2026-07-29 18:19:23,164 INFO Adding image type "Gradient" with custom settings: {}
2026-07-29 18:19:23,164 INFO Adding image type "LBP2D" with custom settings: {}
2026-07-29 18:19:23,164 INFO Adding image type "LBP3D" with custom settings: {}
2026-07-29 18:19:23,164 INFO Adding image type "LoG" with custom settings: {}
2026-07-29 18:19:23,164 INFO Adding image type "Logarithm" with custom settings: {}
2026-07-29 18:19:23,164 INFO Adding image type "Square" with custom settings: {}
2026-07-29 18:19:23,164 INFO Adding image type "SquareRoot" with custom settings: {}
2026-07-29 18:19:23,164 INFO Adding image type "Wavelet" with custom settings: {}
2026-07-29 18:19:23,164 INFO Calculating features for original image
2026-07-29 18:19:23,167 INFO Computing firstorder
2026-07-29 18:19:23,170 INFO Computing glcm
2026-07-29 18:19:23,172 WARNING GLCM is symmetrical, therefore Sum Average = 2 * Joint Average, only 1 needs to be calculated
2026-07-29 18:19:23,177 INFO Calculating features for exponential image
2026-07-29 18:19:23,180 INFO Computing firstorder
2026-07-29 18:19:23,182 INFO Computing glcm
2026-07-29 18:19:23,184 WARNING GLCM is symmetrical, therefore Sum Average = 2 * Joint Average, only 1 needs to be calculated
2026-07-29 18:19:23,187 INFO Calculating features for gradient image
2026-07-29 18:19:23,189 INFO Computing firstorder
2026-07-29 18:19:23,192 INFO Computing glcm
2026-07-29 18:19:23,194 WARNING GLCM is symmetrical, therefore Sum Average = 2 * Joint Average, only 1 needs to be calculated
2026-07-29 18:19:23,219 INFO Calculating features for lbp-2D image
2026-07-29 18:19:23,223 INFO Computing firstorder
2026-07-29 18:19:23,226 INFO Computing glcm
2026-07-29 18:19:23,227 WARNING GLCM is symmetrical, therefore Sum Average = 2 * Joint Average, only 1 needs to be calculated
2026-07-29 18:19:23,228 WARNING LBP 3D only available for 3 dimensional images, found 2 dimensions
2026-07-29 18:19:23,235 INFO Calculating features for logarithm image
2026-07-29 18:19:23,238 INFO Computing firstorder
2026-07-29 18:19:23,242 INFO Computing glcm
2026-07-29 18:19:23,243 WARNING GLCM is symmetrical, therefore Sum Average = 2 * Joint Average, only 1 needs to be calculated
2026-07-29 18:19:23,248 INFO Calculating features for square image
2026-07-29 18:19:23,252 INFO Computing firstorder
2026-07-29 18:19:23,256 INFO Computing glcm
2026-07-29 18:19:23,258 WARNING GLCM is symmetrical, therefore Sum Average = 2 * Joint Average, only 1 needs to be calculated
2026-07-29 18:19:23,265 INFO Calculating features for squareroot image
2026-07-29 18:19:23,269 INFO Computing firstorder
2026-07-29 18:19:23,272 INFO Computing glcm
2026-07-29 18:19:23,276 WARNING GLCM is symmetrical, therefore Sum Average = 2 * Joint Average, only 1 needs to be calculated
2026-07-29 18:19:23,285 INFO Computing Wavelet H
2026-07-29 18:19:23,285 INFO Calculating features for wavelet-H image
2026-07-29 18:19:23,288 INFO Computing firstorder
2026-07-29 18:19:23,292 INFO Computing glcm
2026-07-29 18:19:23,295 WARNING GLCM is symmetrical, therefore Sum Average = 2 * Joint Average, only 1 needs to be calculated
2026-07-29 18:19:23,295 INFO Calculating features for wavelet-L image
2026-07-29 18:19:23,298 INFO Computing firstorder
2026-07-29 18:19:23,301 INFO Computing glcm
2026-07-29 18:19:23,304 WARNING GLCM is symmetrical, therefore Sum Average = 2 * Joint Average, only 1 needs to be calculated
2026-07-29 18:19:23,338 INFO Calculating features with label: 1
2026-07-29 18:19:23,338 INFO Loading image and mask
2026-07-29 18:19:23,382 INFO Computing shape2D
2026-07-29 18:19:23,383 INFO Adding image type "Original" with custom settings: {}
2026-07-29 18:19:23,383 INFO Adding image type "Exponential" with custom settings: {}
2026-07-29 18:19:23,383 INFO Adding image type "Gradient" with custom settings: {}
2026-07-29 18:19:23,383 INFO Adding image type "LBP2D" with custom settings: {}
2026-07-29 18:19:23,383 INFO Adding image type "LBP3D" with custom settings: {}
2026-07-29 18:19:23,383 INFO Adding image type "LoG" with custom settings: {}
2026-07-29 18:19:23,383 INFO Adding image type "Logarithm" with custom settings: {}
2026-07-29 18:19:23,383 INFO Adding image type "Square" with custom settings: {}
2026-07-29 18:19:23,383 INFO Adding image type "SquareRoot" with custom settings: {}
2026-07-29 18:19:23,383 INFO Adding image type "Wavelet" with custom settings: {}
2026-07-29 18:19:23,383 INFO Calculating features for original image
2026-07-29 18:19:23,386 INFO Computing firstorder
2026-07-29 18:19:23,388 INFO Computing glcm
2026-07-29 18:19:23,389 WARNING GLCM is symmetrical, therefore Sum Average = 2 * Joint Average, only 1 needs to be calculated
2026-07-29 18:19:23,394 INFO Calculating features for exponential image
2026-07-29 18:19:23,398 INFO Computing firstorder
2026-07-29 18:19:23,399 INFO Computing glcm
2026-07-29 18:19:23,400 WARNING GLCM is symmetrical, therefore Sum Average = 2 * Joint Average, only 1 needs to be calculated
2026-07-29 18:19:23,403 INFO Calculating features for gradient image
2026-07-29 18:19:23,407 INFO Computing firstorder
2026-07-29 18:19:23,409 INFO Computing glcm
2026-07-29 18:19:23,410 WARNING GLCM is symmetrical, therefore Sum Average = 2 * Joint Average, only 1 needs to be calculated
2026-07-29 18:19:23,434 INFO Calculating features for lbp-2D image
2026-07-29 18:19:23,438 INFO Computing firstorder
2026-07-29 18:19:23,440 INFO Computing glcm
2026-07-29 18:19:23,441 WARNING GLCM is symmetrical, therefore Sum Average = 2 * Joint Average, only 1 needs to be calculated
2026-07-29 18:19:23,442 WARNING LBP 3D only available for 3 dimensional images, found 2 dimensions
2026-07-29 18:19:23,449 INFO Calculating features for logarithm image
2026-07-29 18:19:23,452 INFO Computing firstorder
2026-07-29 18:19:23,454 INFO Computing glcm
2026-07-29 18:19:23,455 WARNING GLCM is symmetrical, therefore Sum Average = 2 * Joint Average, only 1 needs to be calculated
2026-07-29 18:19:23,460 INFO Calculating features for square image
2026-07-29 18:19:23,463 INFO Computing firstorder
2026-07-29 18:19:23,465 INFO Computing glcm
2026-07-29 18:19:23,466 WARNING GLCM is symmetrical, therefore Sum Average = 2 * Joint Average, only 1 needs to be calculated
2026-07-29 18:19:23,472 INFO Calculating features for squareroot image
2026-07-29 18:19:23,475 INFO Computing firstorder
2026-07-29 18:19:23,477 INFO Computing glcm
2026-07-29 18:19:23,478 WARNING GLCM is symmetrical, therefore Sum Average = 2 * Joint Average, only 1 needs to be calculated
2026-07-29 18:19:23,486 INFO Computing Wavelet H
2026-07-29 18:19:23,486 INFO Calculating features for wavelet-H image
2026-07-29 18:19:23,490 INFO Computing firstorder
2026-07-29 18:19:23,491 INFO Computing glcm
2026-07-29 18:19:23,492 WARNING GLCM is symmetrical, therefore Sum Average = 2 * Joint Average, only 1 needs to be calculated
2026-07-29 18:19:23,493 INFO Calculating features for wavelet-L image
2026-07-29 18:19:23,496 INFO Computing firstorder
2026-07-29 18:19:23,497 INFO Computing glcm
2026-07-29 18:19:23,499 WARNING GLCM is symmetrical, therefore Sum Average = 2 * Joint Average, only 1 needs to be calculated
2026-07-29 18:19:23,526 INFO Calculating features with label: 1
2026-07-29 18:19:23,527 INFO Loading image and mask
2026-07-29 18:19:23,562 INFO Computing shape2D
2026-07-29 18:19:23,562 INFO Adding image type "Original" with custom settings: {}
2026-07-29 18:19:23,562 INFO Adding image type "Exponential" with custom settings: {}
2026-07-29 18:19:23,562 INFO Adding image type "Gradient" with custom settings: {}
2026-07-29 18:19:23,562 INFO Adding image type "LBP2D" with custom settings: {}
2026-07-29 18:19:23,562 INFO Adding image type "LBP3D" with custom settings: {}
2026-07-29 18:19:23,563 INFO Adding image type "LoG" with custom settings: {}
2026-07-29 18:19:23,563 INFO Adding image type "Logarithm" with custom settings: {}
2026-07-29 18:19:23,563 INFO Adding image type "Square" with custom settings: {}
2026-07-29 18:19:23,563 INFO Adding image type "SquareRoot" with custom settings: {}
2026-07-29 18:19:23,563 INFO Adding image type "Wavelet" with custom settings: {}
2026-07-29 18:19:23,563 INFO Calculating features for original image
2026-07-29 18:19:23,565 INFO Computing firstorder
2026-07-29 18:19:23,567 INFO Computing glcm
2026-07-29 18:19:23,569 WARNING GLCM is symmetrical, therefore Sum Average = 2 * Joint Average, only 1 needs to be calculated
2026-07-29 18:19:23,574 INFO Calculating features for exponential image
2026-07-29 18:19:23,577 INFO Computing firstorder
2026-07-29 18:19:23,579 INFO Computing glcm
2026-07-29 18:19:23,581 WARNING GLCM is symmetrical, therefore Sum Average = 2 * Joint Average, only 1 needs to be calculated
2026-07-29 18:19:23,583 INFO Calculating features for gradient image
2026-07-29 18:19:23,586 INFO Computing firstorder
2026-07-29 18:19:23,588 INFO Computing glcm
2026-07-29 18:19:23,589 WARNING GLCM is symmetrical, therefore Sum Average = 2 * Joint Average, only 1 needs to be calculated
2026-07-29 18:19:23,613 INFO Calculating features for lbp-2D image
2026-07-29 18:19:23,617 INFO Computing firstorder
2026-07-29 18:19:23,619 INFO Computing glcm
2026-07-29 18:19:23,620 WARNING GLCM is symmetrical, therefore Sum Average = 2 * Joint Average, only 1 needs to be calculated
2026-07-29 18:19:23,621 WARNING LBP 3D only available for 3 dimensional images, found 2 dimensions
2026-07-29 18:19:23,628 INFO Calculating features for logarithm image
2026-07-29 18:19:23,631 INFO Computing firstorder
2026-07-29 18:19:23,634 INFO Computing glcm
2026-07-29 18:19:23,636 WARNING GLCM is symmetrical, therefore Sum Average = 2 * Joint Average, only 1 needs to be calculated
2026-07-29 18:19:23,641 INFO Calculating features for square image
2026-07-29 18:19:23,644 INFO Computing firstorder
2026-07-29 18:19:23,646 INFO Computing glcm
2026-07-29 18:19:23,648 WARNING GLCM is symmetrical, therefore Sum Average = 2 * Joint Average, only 1 needs to be calculated
2026-07-29 18:19:23,654 INFO Calculating features for squareroot image
2026-07-29 18:19:23,657 INFO Computing firstorder
2026-07-29 18:19:23,659 INFO Computing glcm
2026-07-29 18:19:23,661 WARNING GLCM is symmetrical, therefore Sum Average = 2 * Joint Average, only 1 needs to be calculated
2026-07-29 18:19:23,670 INFO Computing Wavelet H
2026-07-29 18:19:23,670 INFO Calculating features for wavelet-H image
2026-07-29 18:19:23,672 INFO Computing firstorder
2026-07-29 18:19:23,675 INFO Computing glcm
2026-07-29 18:19:23,676 WARNING GLCM is symmetrical, therefore Sum Average = 2 * Joint Average, only 1 needs to be calculated
2026-07-29 18:19:23,676 INFO Calculating features for wavelet-L image
2026-07-29 18:19:23,679 INFO Computing firstorder
2026-07-29 18:19:23,681 INFO Computing glcm
2026-07-29 18:19:23,683 WARNING GLCM is symmetrical, therefore Sum Average = 2 * Joint Average, only 1 needs to be calculated
2026-07-29 18:19:23,719 INFO Calculating features with label: 1
2026-07-29 18:19:23,719 INFO Loading image and mask
2026-07-29 18:19:23,764 INFO Computing shape2D
2026-07-29 18:19:23,765 INFO Adding image type "Original" with custom settings: {}
2026-07-29 18:19:23,765 INFO Adding image type "Exponential" with custom settings: {}
2026-07-29 18:19:23,765 INFO Adding image type "Gradient" with custom settings: {}
2026-07-29 18:19:23,765 INFO Adding image type "LBP2D" with custom settings: {}
2026-07-29 18:19:23,765 INFO Adding image type "LBP3D" with custom settings: {}
2026-07-29 18:19:23,765 INFO Adding image type "LoG" with custom settings: {}
2026-07-29 18:19:23,765 INFO Adding image type "Logarithm" with custom settings: {}
2026-07-29 18:19:23,765 INFO Adding image type "Square" with custom settings: {}
2026-07-29 18:19:23,765 INFO Adding image type "SquareRoot" with custom settings: {}
2026-07-29 18:19:23,765 INFO Adding image type "Wavelet" with custom settings: {}
2026-07-29 18:19:23,765 INFO Calculating features for original image
2026-07-29 18:19:23,768 INFO Computing firstorder
2026-07-29 18:19:23,770 INFO Computing glcm
2026-07-29 18:19:23,772 WARNING GLCM is symmetrical, therefore Sum Average = 2 * Joint Average, only 1 needs to be calculated
2026-07-29 18:19:23,777 INFO Calculating features for exponential image
2026-07-29 18:19:23,779 INFO Computing firstorder
2026-07-29 18:19:23,781 INFO Computing glcm
2026-07-29 18:19:23,783 WARNING GLCM is symmetrical, therefore Sum Average = 2 * Joint Average, only 1 needs to be calculated
2026-07-29 18:19:23,785 INFO Calculating features for gradient image
2026-07-29 18:19:23,788 INFO Computing firstorder
2026-07-29 18:19:23,790 INFO Computing glcm
2026-07-29 18:19:23,791 WARNING GLCM is symmetrical, therefore Sum Average = 2 * Joint Average, only 1 needs to be calculated
2026-07-29 18:19:23,816 INFO Calculating features for lbp-2D image
2026-07-29 18:19:23,820 INFO Computing firstorder
2026-07-29 18:19:23,822 INFO Computing glcm
2026-07-29 18:19:23,823 WARNING GLCM is symmetrical, therefore Sum Average = 2 * Joint Average, only 1 needs to be calculated
2026-07-29 18:19:23,824 WARNING LBP 3D only available for 3 dimensional images, found 2 dimensions
2026-07-29 18:19:23,830 INFO Calculating features for logarithm image
2026-07-29 18:19:23,833 INFO Computing firstorder
2026-07-29 18:19:23,836 INFO Computing glcm
2026-07-29 18:19:23,838 WARNING GLCM is symmetrical, therefore Sum Average = 2 * Joint Average, only 1 needs to be calculated
2026-07-29 18:19:23,842 INFO Calculating features for square image
2026-07-29 18:19:23,845 INFO Computing firstorder
2026-07-29 18:19:23,847 INFO Computing glcm
2026-07-29 18:19:23,849 WARNING GLCM is symmetrical, therefore Sum Average = 2 * Joint Average, only 1 needs to be calculated
2026-07-29 18:19:23,855 INFO Calculating features for squareroot image
2026-07-29 18:19:23,858 INFO Computing firstorder
2026-07-29 18:19:23,860 INFO Computing glcm
2026-07-29 18:19:23,862 WARNING GLCM is symmetrical, therefore Sum Average = 2 * Joint Average, only 1 needs to be calculated
2026-07-29 18:19:23,870 INFO Computing Wavelet H
2026-07-29 18:19:23,870 INFO Calculating features for wavelet-H image
2026-07-29 18:19:23,873 INFO Computing firstorder
2026-07-29 18:19:23,875 INFO Computing glcm
2026-07-29 18:19:23,876 WARNING GLCM is symmetrical, therefore Sum Average = 2 * Joint Average, only 1 needs to be calculated
2026-07-29 18:19:23,876 INFO Calculating features for wavelet-L image
2026-07-29 18:19:23,879 INFO Computing firstorder
2026-07-29 18:19:23,881 INFO Computing glcm
2026-07-29 18:19:23,883 WARNING GLCM is symmetrical, therefore Sum Average = 2 * Joint Average, only 1 needs to be calculated
2026-07-29 18:19:23,921 INFO Calculating features with label: 1
2026-07-29 18:19:23,921 INFO Loading image and mask
2026-07-29 18:19:23,957 INFO Computing shape2D
2026-07-29 18:19:23,959 INFO Adding image type "Original" with custom settings: {}
2026-07-29 18:19:23,959 INFO Adding image type "Exponential" with custom settings: {}
2026-07-29 18:19:23,959 INFO Adding image type "Gradient" with custom settings: {}
2026-07-29 18:19:23,959 INFO Adding image type "LBP2D" with custom settings: {}
2026-07-29 18:19:23,959 INFO Adding image type "LBP3D" with custom settings: {}
2026-07-29 18:19:23,959 INFO Adding image type "LoG" with custom settings: {}
2026-07-29 18:19:23,959 INFO Adding image type "Logarithm" with custom settings: {}
2026-07-29 18:19:23,959 INFO Adding image type "Square" with custom settings: {}
2026-07-29 18:19:23,959 INFO Adding image type "SquareRoot" with custom settings: {}
2026-07-29 18:19:23,959 INFO Adding image type "Wavelet" with custom settings: {}
2026-07-29 18:19:23,959 INFO Calculating features for original image
2026-07-29 18:19:23,962 INFO Computing firstorder
2026-07-29 18:19:23,967 INFO Computing glcm
2026-07-29 18:19:23,970 WARNING GLCM is symmetrical, therefore Sum Average = 2 * Joint Average, only 1 needs to be calculated
2026-07-29 18:19:23,975 INFO Calculating features for exponential image
2026-07-29 18:19:23,979 INFO Computing firstorder
2026-07-29 18:19:23,984 INFO Computing glcm
2026-07-29 18:19:23,987 WARNING GLCM is symmetrical, therefore Sum Average = 2 * Joint Average, only 1 needs to be calculated
2026-07-29 18:19:23,989 INFO Calculating features for gradient image
2026-07-29 18:19:23,992 INFO Computing firstorder
2026-07-29 18:19:23,997 INFO Computing glcm
2026-07-29 18:19:24,000 WARNING GLCM is symmetrical, therefore Sum Average = 2 * Joint Average, only 1 needs to be calculated
2026-07-29 18:19:24,024 INFO Calculating features for lbp-2D image
2026-07-29 18:19:24,028 INFO Computing firstorder
2026-07-29 18:19:24,033 INFO Computing glcm
2026-07-29 18:19:24,036 WARNING GLCM is symmetrical, therefore Sum Average = 2 * Joint Average, only 1 needs to be calculated
2026-07-29 18:19:24,036 WARNING LBP 3D only available for 3 dimensional images, found 2 dimensions
2026-07-29 18:19:24,043 INFO Calculating features for logarithm image
2026-07-29 18:19:24,047 INFO Computing firstorder
2026-07-29 18:19:24,052 INFO Computing glcm
2026-07-29 18:19:24,056 WARNING GLCM is symmetrical, therefore Sum Average = 2 * Joint Average, only 1 needs to be calculated
2026-07-29 18:19:24,061 INFO Calculating features for square image
2026-07-29 18:19:24,064 INFO Computing firstorder
2026-07-29 18:19:24,070 INFO Computing glcm
2026-07-29 18:19:24,073 WARNING GLCM is symmetrical, therefore Sum Average = 2 * Joint Average, only 1 needs to be calculated
2026-07-29 18:19:24,079 INFO Calculating features for squareroot image
2026-07-29 18:19:24,082 INFO Computing firstorder
2026-07-29 18:19:24,088 INFO Computing glcm
2026-07-29 18:19:24,092 WARNING GLCM is symmetrical, therefore Sum Average = 2 * Joint Average, only 1 needs to be calculated
2026-07-29 18:19:24,099 INFO Computing Wavelet H
2026-07-29 18:19:24,099 INFO Calculating features for wavelet-H image
2026-07-29 18:19:24,103 INFO Computing firstorder
2026-07-29 18:19:24,109 INFO Computing glcm
2026-07-29 18:19:24,111 WARNING GLCM is symmetrical, therefore Sum Average = 2 * Joint Average, only 1 needs to be calculated
2026-07-29 18:19:24,112 INFO Calculating features for wavelet-L image
2026-07-29 18:19:24,115 INFO Computing firstorder
2026-07-29 18:19:24,120 INFO Computing glcm
2026-07-29 18:19:24,124 WARNING GLCM is symmetrical, therefore Sum Average = 2 * Joint Average, only 1 needs to be calculated
2026-07-29 18:19:24,163 INFO Calculating features with label: 1
2026-07-29 18:19:24,163 INFO Loading image and mask
2026-07-29 18:19:24,199 INFO Computing shape2D
2026-07-29 18:19:24,201 INFO Adding image type "Original" with custom settings: {}
2026-07-29 18:19:24,201 INFO Adding image type "Exponential" with custom settings: {}
2026-07-29 18:19:24,201 INFO Adding image type "Gradient" with custom settings: {}
2026-07-29 18:19:24,201 INFO Adding image type "LBP2D" with custom settings: {}
2026-07-29 18:19:24,201 INFO Adding image type "LBP3D" with custom settings: {}
2026-07-29 18:19:24,201 INFO Adding image type "LoG" with custom settings: {}
2026-07-29 18:19:24,201 INFO Adding image type "Logarithm" with custom settings: {}
2026-07-29 18:19:24,201 INFO Adding image type "Square" with custom settings: {}
2026-07-29 18:19:24,202 INFO Adding image type "SquareRoot" with custom settings: {}
2026-07-29 18:19:24,202 INFO Adding image type "Wavelet" with custom settings: {}
2026-07-29 18:19:24,202 INFO Calculating features for original image
2026-07-29 18:19:24,204 INFO Computing firstorder
2026-07-29 18:19:24,209 INFO Computing glcm
2026-07-29 18:19:24,213 WARNING GLCM is symmetrical, therefore Sum Average = 2 * Joint Average, only 1 needs to be calculated
2026-07-29 18:19:24,219 INFO Calculating features for exponential image
2026-07-29 18:19:24,223 INFO Computing firstorder
2026-07-29 18:19:24,228 INFO Computing glcm
2026-07-29 18:19:24,231 WARNING GLCM is symmetrical, therefore Sum Average = 2 * Joint Average, only 1 needs to be calculated
2026-07-29 18:19:24,234 INFO Calculating features for gradient image
2026-07-29 18:19:24,237 INFO Computing firstorder
2026-07-29 18:19:24,243 INFO Computing glcm
2026-07-29 18:19:24,246 WARNING GLCM is symmetrical, therefore Sum Average = 2 * Joint Average, only 1 needs to be calculated
2026-07-29 18:19:24,272 INFO Calculating features for lbp-2D image
2026-07-29 18:19:24,275 INFO Computing firstorder
2026-07-29 18:19:24,282 INFO Computing glcm
2026-07-29 18:19:24,285 WARNING GLCM is symmetrical, therefore Sum Average = 2 * Joint Average, only 1 needs to be calculated
2026-07-29 18:19:24,286 WARNING LBP 3D only available for 3 dimensional images, found 2 dimensions
2026-07-29 18:19:24,294 INFO Calculating features for logarithm image
2026-07-29 18:19:24,297 INFO Computing firstorder
2026-07-29 18:19:24,303 INFO Computing glcm
2026-07-29 18:19:24,307 WARNING GLCM is symmetrical, therefore Sum Average = 2 * Joint Average, only 1 needs to be calculated
2026-07-29 18:19:24,312 INFO Calculating features for square image
2026-07-29 18:19:24,316 INFO Computing firstorder
2026-07-29 18:19:24,323 INFO Computing glcm
2026-07-29 18:19:24,326 WARNING GLCM is symmetrical, therefore Sum Average = 2 * Joint Average, only 1 needs to be calculated
2026-07-29 18:19:24,332 INFO Calculating features for squareroot image
2026-07-29 18:19:24,336 INFO Computing firstorder
2026-07-29 18:19:24,342 INFO Computing glcm
2026-07-29 18:19:24,346 WARNING GLCM is symmetrical, therefore Sum Average = 2 * Joint Average, only 1 needs to be calculated
2026-07-29 18:19:24,354 INFO Computing Wavelet H
2026-07-29 18:19:24,355 INFO Calculating features for wavelet-H image
2026-07-29 18:19:24,358 INFO Computing firstorder
2026-07-29 18:19:24,365 INFO Computing glcm
2026-07-29 18:19:24,368 WARNING GLCM is symmetrical, therefore Sum Average = 2 * Joint Average, only 1 needs to be calculated
2026-07-29 18:19:24,368 INFO Calculating features for wavelet-L image
2026-07-29 18:19:24,372 INFO Computing firstorder
2026-07-29 18:19:24,378 INFO Computing glcm
2026-07-29 18:19:24,382 WARNING GLCM is symmetrical, therefore Sum Average = 2 * Joint Average, only 1 needs to be calculated
2026-07-29 18:19:24,419 INFO Calculating features with label: 1
2026-07-29 18:19:24,420 INFO Loading image and mask
2026-07-29 18:19:24,455 INFO Computing shape2D
2026-07-29 18:19:24,456 INFO Adding image type "Original" with custom settings: {}
2026-07-29 18:19:24,456 INFO Adding image type "Exponential" with custom settings: {}
2026-07-29 18:19:24,456 INFO Adding image type "Gradient" with custom settings: {}
2026-07-29 18:19:24,456 INFO Adding image type "LBP2D" with custom settings: {}
2026-07-29 18:19:24,456 INFO Adding image type "LBP3D" with custom settings: {}
2026-07-29 18:19:24,456 INFO Adding image type "LoG" with custom settings: {}
2026-07-29 18:19:24,456 INFO Adding image type "Logarithm" with custom settings: {}
2026-07-29 18:19:24,456 INFO Adding image type "Square" with custom settings: {}
2026-07-29 18:19:24,456 INFO Adding image type "SquareRoot" with custom settings: {}
2026-07-29 18:19:24,456 INFO Adding image type "Wavelet" with custom settings: {}
2026-07-29 18:19:24,456 INFO Calculating features for original image
2026-07-29 18:19:24,458 INFO Computing firstorder
2026-07-29 18:19:24,461 INFO Computing glcm
2026-07-29 18:19:24,463 WARNING GLCM is symmetrical, therefore Sum Average = 2 * Joint Average, only 1 needs to be calculated
2026-07-29 18:19:24,468 INFO Calculating features for exponential image
2026-07-29 18:19:24,471 INFO Computing firstorder
2026-07-29 18:19:24,474 INFO Computing glcm
2026-07-29 18:19:24,475 WARNING GLCM is symmetrical, therefore Sum Average = 2 * Joint Average, only 1 needs to be calculated
2026-07-29 18:19:24,478 INFO Calculating features for gradient image
2026-07-29 18:19:24,480 INFO Computing firstorder
2026-07-29 18:19:24,483 INFO Computing glcm
2026-07-29 18:19:24,485 WARNING GLCM is symmetrical, therefore Sum Average = 2 * Joint Average, only 1 needs to be calculated
2026-07-29 18:19:24,509 INFO Calculating features for lbp-2D image
2026-07-29 18:19:24,512 INFO Computing firstorder
2026-07-29 18:19:24,515 INFO Computing glcm
2026-07-29 18:19:24,517 WARNING GLCM is symmetrical, therefore Sum Average = 2 * Joint Average, only 1 needs to be calculated
2026-07-29 18:19:24,517 WARNING LBP 3D only available for 3 dimensional images, found 2 dimensions
2026-07-29 18:19:24,525 INFO Calculating features for logarithm image
2026-07-29 18:19:24,528 INFO Computing firstorder
2026-07-29 18:19:24,531 INFO Computing glcm
2026-07-29 18:19:24,533 WARNING GLCM is symmetrical, therefore Sum Average = 2 * Joint Average, only 1 needs to be calculated
2026-07-29 18:19:24,538 INFO Calculating features for square image
2026-07-29 18:19:24,541 INFO Computing firstorder
2026-07-29 18:19:24,544 INFO Computing glcm
2026-07-29 18:19:24,546 WARNING GLCM is symmetrical, therefore Sum Average = 2 * Joint Average, only 1 needs to be calculated
2026-07-29 18:19:24,551 INFO Calculating features for squareroot image
2026-07-29 18:19:24,554 INFO Computing firstorder
2026-07-29 18:19:24,557 INFO Computing glcm
2026-07-29 18:19:24,559 WARNING GLCM is symmetrical, therefore Sum Average = 2 * Joint Average, only 1 needs to be calculated
2026-07-29 18:19:24,567 INFO Computing Wavelet H
2026-07-29 18:19:24,567 INFO Calculating features for wavelet-H image
2026-07-29 18:19:24,571 INFO Computing firstorder
2026-07-29 18:19:24,574 INFO Computing glcm
2026-07-29 18:19:24,575 WARNING GLCM is symmetrical, therefore Sum Average = 2 * Joint Average, only 1 needs to be calculated
2026-07-29 18:19:24,576 INFO Calculating features for wavelet-L image
2026-07-29 18:19:24,579 INFO Computing firstorder
2026-07-29 18:19:24,582 INFO Computing glcm
2026-07-29 18:19:24,584 WARNING GLCM is symmetrical, therefore Sum Average = 2 * Joint Average, only 1 needs to be calculated
2026-07-29 18:19:24,621 INFO Calculating features with label: 1
2026-07-29 18:19:24,621 INFO Loading image and mask
2026-07-29 18:19:24,657 INFO Computing shape2D
2026-07-29 18:19:24,657 INFO Adding image type "Original" with custom settings: {}
2026-07-29 18:19:24,657 INFO Adding image type "Exponential" with custom settings: {}
2026-07-29 18:19:24,657 INFO Adding image type "Gradient" with custom settings: {}
2026-07-29 18:19:24,657 INFO Adding image type "LBP2D" with custom settings: {}
2026-07-29 18:19:24,657 INFO Adding image type "LBP3D" with custom settings: {}
2026-07-29 18:19:24,657 INFO Adding image type "LoG" with custom settings: {}
2026-07-29 18:19:24,657 INFO Adding image type "Logarithm" with custom settings: {}
2026-07-29 18:19:24,657 INFO Adding image type "Square" with custom settings: {}
2026-07-29 18:19:24,657 INFO Adding image type "SquareRoot" with custom settings: {}
2026-07-29 18:19:24,657 INFO Adding image type "Wavelet" with custom settings: {}
2026-07-29 18:19:24,657 INFO Calculating features for original image
2026-07-29 18:19:24,660 INFO Computing firstorder
2026-07-29 18:19:24,661 INFO Computing glcm
2026-07-29 18:19:24,662 WARNING GLCM is symmetrical, therefore Sum Average = 2 * Joint Average, only 1 needs to be calculated
2026-07-29 18:19:24,667 INFO Calculating features for exponential image
2026-07-29 18:19:24,670 INFO Computing firstorder
2026-07-29 18:19:24,672 INFO Computing glcm
2026-07-29 18:19:24,673 WARNING GLCM is symmetrical, therefore Sum Average = 2 * Joint Average, only 1 needs to be calculated
2026-07-29 18:19:24,675 INFO Calculating features for gradient image
2026-07-29 18:19:24,677 INFO Computing firstorder
2026-07-29 18:19:24,678 INFO Computing glcm
2026-07-29 18:19:24,679 WARNING GLCM is symmetrical, therefore Sum Average = 2 * Joint Average, only 1 needs to be calculated
2026-07-29 18:19:24,703 INFO Calculating features for lbp-2D image
2026-07-29 18:19:24,706 INFO Computing firstorder
2026-07-29 18:19:24,708 INFO Computing glcm
2026-07-29 18:19:24,709 WARNING GLCM is symmetrical, therefore Sum Average = 2 * Joint Average, only 1 needs to be calculated
2026-07-29 18:19:24,709 WARNING LBP 3D only available for 3 dimensional images, found 2 dimensions
2026-07-29 18:19:24,716 INFO Calculating features for logarithm image
2026-07-29 18:19:24,720 INFO Computing firstorder
2026-07-29 18:19:24,722 INFO Computing glcm
2026-07-29 18:19:24,723 WARNING GLCM is symmetrical, therefore Sum Average = 2 * Joint Average, only 1 needs to be calculated
2026-07-29 18:19:24,728 INFO Calculating features for square image
2026-07-29 18:19:24,731 INFO Computing firstorder
2026-07-29 18:19:24,733 INFO Computing glcm
2026-07-29 18:19:24,734 WARNING GLCM is symmetrical, therefore Sum Average = 2 * Joint Average, only 1 needs to be calculated
2026-07-29 18:19:24,740 INFO Calculating features for squareroot image
2026-07-29 18:19:24,742 INFO Computing firstorder
2026-07-29 18:19:24,744 INFO Computing glcm
2026-07-29 18:19:24,745 WARNING GLCM is symmetrical, therefore Sum Average = 2 * Joint Average, only 1 needs to be calculated
2026-07-29 18:19:24,753 INFO Computing Wavelet H
2026-07-29 18:19:24,753 INFO Calculating features for wavelet-H image
2026-07-29 18:19:24,756 INFO Computing firstorder
2026-07-29 18:19:24,758 INFO Computing glcm
2026-07-29 18:19:24,759 WARNING GLCM is symmetrical, therefore Sum Average = 2 * Joint Average, only 1 needs to be calculated
2026-07-29 18:19:24,759 INFO Calculating features for wavelet-L image
2026-07-29 18:19:24,762 INFO Computing firstorder
2026-07-29 18:19:24,763 INFO Computing glcm
2026-07-29 18:19:24,764 WARNING GLCM is symmetrical, therefore Sum Average = 2 * Joint Average, only 1 needs to be calculated
2026-07-29 18:19:24,799 INFO Calculating features with label: 1
2026-07-29 18:19:24,799 INFO Loading image and mask
2026-07-29 18:19:24,837 INFO Computing shape2D
2026-07-29 18:19:24,837 INFO Adding image type "Original" with custom settings: {}
2026-07-29 18:19:24,837 INFO Adding image type "Exponential" with custom settings: {}
2026-07-29 18:19:24,837 INFO Adding image type "Gradient" with custom settings: {}
2026-07-29 18:19:24,838 INFO Adding image type "LBP2D" with custom settings: {}
2026-07-29 18:19:24,838 INFO Adding image type "LBP3D" with custom settings: {}
2026-07-29 18:19:24,838 INFO Adding image type "LoG" with custom settings: {}
2026-07-29 18:19:24,838 INFO Adding image type "Logarithm" with custom settings: {}
2026-07-29 18:19:24,838 INFO Adding image type "Square" with custom settings: {}
2026-07-29 18:19:24,838 INFO Adding image type "SquareRoot" with custom settings: {}
2026-07-29 18:19:24,838 INFO Adding image type "Wavelet" with custom settings: {}
2026-07-29 18:19:24,838 INFO Calculating features for original image
2026-07-29 18:19:24,840 INFO Computing firstorder
2026-07-29 18:19:24,842 INFO Computing glcm
2026-07-29 18:19:24,843 WARNING GLCM is symmetrical, therefore Sum Average = 2 * Joint Average, only 1 needs to be calculated
2026-07-29 18:19:24,848 INFO Calculating features for exponential image
2026-07-29 18:19:24,851 INFO Computing firstorder
2026-07-29 18:19:24,853 INFO Computing glcm
2026-07-29 18:19:24,854 WARNING GLCM is symmetrical, therefore Sum Average = 2 * Joint Average, only 1 needs to be calculated
2026-07-29 18:19:24,856 INFO Calculating features for gradient image
2026-07-29 18:19:24,859 INFO Computing firstorder
2026-07-29 18:19:24,860 INFO Computing glcm
2026-07-29 18:19:24,861 WARNING GLCM is symmetrical, therefore Sum Average = 2 * Joint Average, only 1 needs to be calculated
2026-07-29 18:19:24,885 INFO Calculating features for lbp-2D image
2026-07-29 18:19:24,889 INFO Computing firstorder
2026-07-29 18:19:24,890 INFO Computing glcm
2026-07-29 18:19:24,891 WARNING GLCM is symmetrical, therefore Sum Average = 2 * Joint Average, only 1 needs to be calculated
2026-07-29 18:19:24,892 WARNING LBP 3D only available for 3 dimensional images, found 2 dimensions
2026-07-29 18:19:24,899 INFO Calculating features for logarithm image
2026-07-29 18:19:24,902 INFO Computing firstorder
2026-07-29 18:19:24,904 INFO Computing glcm
2026-07-29 18:19:24,905 WARNING GLCM is symmetrical, therefore Sum Average = 2 * Joint Average, only 1 needs to be calculated
2026-07-29 18:19:24,910 INFO Calculating features for square image
2026-07-29 18:19:24,914 INFO Computing firstorder
2026-07-29 18:19:24,916 INFO Computing glcm
2026-07-29 18:19:24,917 WARNING GLCM is symmetrical, therefore Sum Average = 2 * Joint Average, only 1 needs to be calculated
2026-07-29 18:19:24,924 INFO Calculating features for squareroot image
2026-07-29 18:19:24,927 INFO Computing firstorder
2026-07-29 18:19:24,929 INFO Computing glcm
2026-07-29 18:19:24,930 WARNING GLCM is symmetrical, therefore Sum Average = 2 * Joint Average, only 1 needs to be calculated
2026-07-29 18:19:24,939 INFO Computing Wavelet H
2026-07-29 18:19:24,939 INFO Calculating features for wavelet-H image
2026-07-29 18:19:24,942 INFO Computing firstorder
2026-07-29 18:19:24,944 INFO Computing glcm
2026-07-29 18:19:24,945 WARNING GLCM is symmetrical, therefore Sum Average = 2 * Joint Average, only 1 needs to be calculated
2026-07-29 18:19:24,945 INFO Calculating features for wavelet-L image
2026-07-29 18:19:24,948 INFO Computing firstorder
2026-07-29 18:19:24,949 INFO Computing glcm
2026-07-29 18:19:24,951 WARNING GLCM is symmetrical, therefore Sum Average = 2 * Joint Average, only 1 needs to be calculated
2026-07-29 18:19:24,990 INFO Calculating features with label: 1
2026-07-29 18:19:24,990 INFO Loading image and mask
2026-07-29 18:19:25,027 INFO Computing shape2D
2026-07-29 18:19:25,028 INFO Adding image type "Original" with custom settings: {}
2026-07-29 18:19:25,028 INFO Adding image type "Exponential" with custom settings: {}
2026-07-29 18:19:25,028 INFO Adding image type "Gradient" with custom settings: {}
2026-07-29 18:19:25,028 INFO Adding image type "LBP2D" with custom settings: {}
2026-07-29 18:19:25,028 INFO Adding image type "LBP3D" with custom settings: {}
2026-07-29 18:19:25,028 INFO Adding image type "LoG" with custom settings: {}
2026-07-29 18:19:25,028 INFO Adding image type "Logarithm" with custom settings: {}
2026-07-29 18:19:25,028 INFO Adding image type "Square" with custom settings: {}
2026-07-29 18:19:25,028 INFO Adding image type "SquareRoot" with custom settings: {}
2026-07-29 18:19:25,028 INFO Adding image type "Wavelet" with custom settings: {}
2026-07-29 18:19:25,028 INFO Calculating features for original image
2026-07-29 18:19:25,030 INFO Computing firstorder
2026-07-29 18:19:25,033 INFO Computing glcm
2026-07-29 18:19:25,036 WARNING GLCM is symmetrical, therefore Sum Average = 2 * Joint Average, only 1 needs to be calculated
2026-07-29 18:19:25,041 INFO Calculating features for exponential image
2026-07-29 18:19:25,043 INFO Computing firstorder
2026-07-29 18:19:25,046 INFO Computing glcm
2026-07-29 18:19:25,048 WARNING GLCM is symmetrical, therefore Sum Average = 2 * Joint Average, only 1 needs to be calculated
2026-07-29 18:19:25,050 INFO Calculating features for gradient image
2026-07-29 18:19:25,053 INFO Computing firstorder
2026-07-29 18:19:25,056 INFO Computing glcm
2026-07-29 18:19:25,058 WARNING GLCM is symmetrical, therefore Sum Average = 2 * Joint Average, only 1 needs to be calculated
2026-07-29 18:19:25,082 INFO Calculating features for lbp-2D image
2026-07-29 18:19:25,086 INFO Computing firstorder
2026-07-29 18:19:25,089 INFO Computing glcm
2026-07-29 18:19:25,091 WARNING GLCM is symmetrical, therefore Sum Average = 2 * Joint Average, only 1 needs to be calculated
2026-07-29 18:19:25,092 WARNING LBP 3D only available for 3 dimensional images, found 2 dimensions
2026-07-29 18:19:25,099 INFO Calculating features for logarithm image
2026-07-29 18:19:25,103 INFO Computing firstorder
2026-07-29 18:19:25,107 INFO Computing glcm
2026-07-29 18:19:25,109 WARNING GLCM is symmetrical, therefore Sum Average = 2 * Joint Average, only 1 needs to be calculated
2026-07-29 18:19:25,114 INFO Calculating features for square image
2026-07-29 18:19:25,117 INFO Computing firstorder
2026-07-29 18:19:25,122 INFO Computing glcm
2026-07-29 18:19:25,124 WARNING GLCM is symmetrical, therefore Sum Average = 2 * Joint Average, only 1 needs to be calculated
2026-07-29 18:19:25,130 INFO Calculating features for squareroot image
2026-07-29 18:19:25,133 INFO Computing firstorder
2026-07-29 18:19:25,137 INFO Computing glcm
2026-07-29 18:19:25,139 WARNING GLCM is symmetrical, therefore Sum Average = 2 * Joint Average, only 1 needs to be calculated
2026-07-29 18:19:25,148 INFO Computing Wavelet H
2026-07-29 18:19:25,148 INFO Calculating features for wavelet-H image
2026-07-29 18:19:25,151 INFO Computing firstorder
2026-07-29 18:19:25,154 INFO Computing glcm
2026-07-29 18:19:25,156 WARNING GLCM is symmetrical, therefore Sum Average = 2 * Joint Average, only 1 needs to be calculated
2026-07-29 18:19:25,157 INFO Calculating features for wavelet-L image
2026-07-29 18:19:25,160 INFO Computing firstorder
2026-07-29 18:19:25,163 INFO Computing glcm
2026-07-29 18:19:25,165 WARNING GLCM is symmetrical, therefore Sum Average = 2 * Joint Average, only 1 needs to be calculated
2026-07-29 18:19:25,202 INFO Calculating features with label: 1
2026-07-29 18:19:25,202 INFO Loading image and mask
2026-07-29 18:19:25,239 INFO Computing shape2D
2026-07-29 18:19:25,240 INFO Adding image type "Original" with custom settings: {}
2026-07-29 18:19:25,240 INFO Adding image type "Exponential" with custom settings: {}
2026-07-29 18:19:25,240 INFO Adding image type "Gradient" with custom settings: {}
2026-07-29 18:19:25,240 INFO Adding image type "LBP2D" with custom settings: {}
2026-07-29 18:19:25,240 INFO Adding image type "LBP3D" with custom settings: {}
2026-07-29 18:19:25,240 INFO Adding image type "LoG" with custom settings: {}
2026-07-29 18:19:25,240 INFO Adding image type "Logarithm" with custom settings: {}
2026-07-29 18:19:25,240 INFO Adding image type "Square" with custom settings: {}
2026-07-29 18:19:25,240 INFO Adding image type "SquareRoot" with custom settings: {}
2026-07-29 18:19:25,240 INFO Adding image type "Wavelet" with custom settings: {}
2026-07-29 18:19:25,240 INFO Calculating features for original image
2026-07-29 18:19:25,242 INFO Computing firstorder
2026-07-29 18:19:25,245 INFO Computing glcm
2026-07-29 18:19:25,247 WARNING GLCM is symmetrical, therefore Sum Average = 2 * Joint Average, only 1 needs to be calculated
2026-07-29 18:19:25,252 INFO Calculating features for exponential image
2026-07-29 18:19:25,255 INFO Computing firstorder
2026-07-29 18:19:25,257 INFO Computing glcm
2026-07-29 18:19:25,258 WARNING GLCM is symmetrical, therefore Sum Average = 2 * Joint Average, only 1 needs to be calculated
2026-07-29 18:19:25,260 INFO Calculating features for gradient image
2026-07-29 18:19:25,262 INFO Computing firstorder
2026-07-29 18:19:25,264 INFO Computing glcm
2026-07-29 18:19:25,266 WARNING GLCM is symmetrical, therefore Sum Average = 2 * Joint Average, only 1 needs to be calculated
2026-07-29 18:19:25,290 INFO Calculating features for lbp-2D image
2026-07-29 18:19:25,293 INFO Computing firstorder
2026-07-29 18:19:25,295 INFO Computing glcm
2026-07-29 18:19:25,296 WARNING GLCM is symmetrical, therefore Sum Average = 2 * Joint Average, only 1 needs to be calculated
2026-07-29 18:19:25,297 WARNING LBP 3D only available for 3 dimensional images, found 2 dimensions
2026-07-29 18:19:25,305 INFO Calculating features for logarithm image
2026-07-29 18:19:25,308 INFO Computing firstorder
2026-07-29 18:19:25,310 INFO Computing glcm
2026-07-29 18:19:25,311 WARNING GLCM is symmetrical, therefore Sum Average = 2 * Joint Average, only 1 needs to be calculated
2026-07-29 18:19:25,315 INFO Calculating features for square image
2026-07-29 18:19:25,320 INFO Computing firstorder
2026-07-29 18:19:25,322 INFO Computing glcm
2026-07-29 18:19:25,324 WARNING GLCM is symmetrical, therefore Sum Average = 2 * Joint Average, only 1 needs to be calculated
2026-07-29 18:19:25,330 INFO Calculating features for squareroot image
2026-07-29 18:19:25,333 INFO Computing firstorder
2026-07-29 18:19:25,335 INFO Computing glcm
2026-07-29 18:19:25,337 WARNING GLCM is symmetrical, therefore Sum Average = 2 * Joint Average, only 1 needs to be calculated
2026-07-29 18:19:25,345 INFO Computing Wavelet H
2026-07-29 18:19:25,345 INFO Calculating features for wavelet-H image
2026-07-29 18:19:25,348 INFO Computing firstorder
2026-07-29 18:19:25,350 INFO Computing glcm
2026-07-29 18:19:25,352 WARNING GLCM is symmetrical, therefore Sum Average = 2 * Joint Average, only 1 needs to be calculated
2026-07-29 18:19:25,352 INFO Calculating features for wavelet-L image
2026-07-29 18:19:25,355 INFO Computing firstorder
2026-07-29 18:19:25,357 INFO Computing glcm
2026-07-29 18:19:25,359 WARNING GLCM is symmetrical, therefore Sum Average = 2 * Joint Average, only 1 needs to be calculated
2026-07-29 18:19:25,394 INFO Calculating features with label: 1
2026-07-29 18:19:25,394 INFO Loading image and mask
2026-07-29 18:19:25,432 INFO Computing shape2D
2026-07-29 18:19:25,432 INFO Adding image type "Original" with custom settings: {}
2026-07-29 18:19:25,433 INFO Adding image type "Exponential" with custom settings: {}
2026-07-29 18:19:25,433 INFO Adding image type "Gradient" with custom settings: {}
2026-07-29 18:19:25,433 INFO Adding image type "LBP2D" with custom settings: {}
2026-07-29 18:19:25,433 INFO Adding image type "LBP3D" with custom settings: {}
2026-07-29 18:19:25,433 INFO Adding image type "LoG" with custom settings: {}
2026-07-29 18:19:25,433 INFO Adding image type "Logarithm" with custom settings: {}
2026-07-29 18:19:25,433 INFO Adding image type "Square" with custom settings: {}
2026-07-29 18:19:25,433 INFO Adding image type "SquareRoot" with custom settings: {}
2026-07-29 18:19:25,433 INFO Adding image type "Wavelet" with custom settings: {}
2026-07-29 18:19:25,433 INFO Calculating features for original image
2026-07-29 18:19:25,435 INFO Computing firstorder
2026-07-29 18:19:25,436 INFO Computing glcm
2026-07-29 18:19:25,437 WARNING GLCM is symmetrical, therefore Sum Average = 2 * Joint Average, only 1 needs to be calculated
2026-07-29 18:19:25,442 INFO Calculating features for exponential image
2026-07-29 18:19:25,445 INFO Computing firstorder
2026-07-29 18:19:25,447 INFO Computing glcm
2026-07-29 18:19:25,448 WARNING GLCM is symmetrical, therefore Sum Average = 2 * Joint Average, only 1 needs to be calculated
2026-07-29 18:19:25,450 INFO Calculating features for gradient image
2026-07-29 18:19:25,453 INFO Computing firstorder
2026-07-29 18:19:25,454 INFO Computing glcm
2026-07-29 18:19:25,455 WARNING GLCM is symmetrical, therefore Sum Average = 2 * Joint Average, only 1 needs to be calculated
2026-07-29 18:19:25,480 INFO Calculating features for lbp-2D image
2026-07-29 18:19:25,483 INFO Computing firstorder
2026-07-29 18:19:25,485 INFO Computing glcm
2026-07-29 18:19:25,486 WARNING GLCM is symmetrical, therefore Sum Average = 2 * Joint Average, only 1 needs to be calculated
2026-07-29 18:19:25,487 WARNING LBP 3D only available for 3 dimensional images, found 2 dimensions
2026-07-29 18:19:25,495 INFO Calculating features for logarithm image
2026-07-29 18:19:25,498 INFO Computing firstorder
2026-07-29 18:19:25,500 INFO Computing glcm
2026-07-29 18:19:25,501 WARNING GLCM is symmetrical, therefore Sum Average = 2 * Joint Average, only 1 needs to be calculated
2026-07-29 18:19:25,506 INFO Calculating features for square image
2026-07-29 18:19:25,509 INFO Computing firstorder
2026-07-29 18:19:25,511 INFO Computing glcm
2026-07-29 18:19:25,511 WARNING GLCM is symmetrical, therefore Sum Average = 2 * Joint Average, only 1 needs to be calculated
2026-07-29 18:19:25,518 INFO Calculating features for squareroot image
2026-07-29 18:19:25,520 INFO Computing firstorder
2026-07-29 18:19:25,522 INFO Computing glcm
2026-07-29 18:19:25,523 WARNING GLCM is symmetrical, therefore Sum Average = 2 * Joint Average, only 1 needs to be calculated
2026-07-29 18:19:25,531 INFO Computing Wavelet H
2026-07-29 18:19:25,531 INFO Calculating features for wavelet-H image
2026-07-29 18:19:25,534 INFO Computing firstorder
2026-07-29 18:19:25,536 INFO Computing glcm
2026-07-29 18:19:25,537 WARNING GLCM is symmetrical, therefore Sum Average = 2 * Joint Average, only 1 needs to be calculated
2026-07-29 18:19:25,537 INFO Calculating features for wavelet-L image
2026-07-29 18:19:25,540 INFO Computing firstorder
2026-07-29 18:19:25,541 INFO Computing glcm
2026-07-29 18:19:25,542 WARNING GLCM is symmetrical, therefore Sum Average = 2 * Joint Average, only 1 needs to be calculated
2026-07-29 18:19:25,579 INFO Calculating features with label: 1
2026-07-29 18:19:25,580 INFO Loading image and mask
2026-07-29 18:19:25,618 INFO Computing shape2D
2026-07-29 18:19:25,619 INFO Adding image type "Original" with custom settings: {}
2026-07-29 18:19:25,619 INFO Adding image type "Exponential" with custom settings: {}
2026-07-29 18:19:25,619 INFO Adding image type "Gradient" with custom settings: {}
2026-07-29 18:19:25,619 INFO Adding image type "LBP2D" with custom settings: {}
2026-07-29 18:19:25,619 INFO Adding image type "LBP3D" with custom settings: {}
2026-07-29 18:19:25,619 INFO Adding image type "LoG" with custom settings: {}
2026-07-29 18:19:25,619 INFO Adding image type "Logarithm" with custom settings: {}
2026-07-29 18:19:25,619 INFO Adding image type "Square" with custom settings: {}
2026-07-29 18:19:25,619 INFO Adding image type "SquareRoot" with custom settings: {}
2026-07-29 18:19:25,619 INFO Adding image type "Wavelet" with custom settings: {}
2026-07-29 18:19:25,619 INFO Calculating features for original image
2026-07-29 18:19:25,622 INFO Computing firstorder
2026-07-29 18:19:25,626 INFO Computing glcm
2026-07-29 18:19:25,629 WARNING GLCM is symmetrical, therefore Sum Average = 2 * Joint Average, only 1 needs to be calculated
2026-07-29 18:19:25,634 INFO Calculating features for exponential image
2026-07-29 18:19:25,638 INFO Computing firstorder
2026-07-29 18:19:25,642 INFO Computing glcm
2026-07-29 18:19:25,644 WARNING GLCM is symmetrical, therefore Sum Average = 2 * Joint Average, only 1 needs to be calculated
2026-07-29 18:19:25,646 INFO Calculating features for gradient image
2026-07-29 18:19:25,649 INFO Computing firstorder
2026-07-29 18:19:25,654 INFO Computing glcm
2026-07-29 18:19:25,656 WARNING GLCM is symmetrical, therefore Sum Average = 2 * Joint Average, only 1 needs to be calculated
2026-07-29 18:19:25,681 INFO Calculating features for lbp-2D image
2026-07-29 18:19:25,685 INFO Computing firstorder
2026-07-29 18:19:25,689 INFO Computing glcm
2026-07-29 18:19:25,691 WARNING GLCM is symmetrical, therefore Sum Average = 2 * Joint Average, only 1 needs to be calculated
2026-07-29 18:19:25,692 WARNING LBP 3D only available for 3 dimensional images, found 2 dimensions
2026-07-29 18:19:25,700 INFO Calculating features for logarithm image
2026-07-29 18:19:25,703 INFO Computing firstorder
2026-07-29 18:19:25,708 INFO Computing glcm
2026-07-29 18:19:25,711 WARNING GLCM is symmetrical, therefore Sum Average = 2 * Joint Average, only 1 needs to be calculated
2026-07-29 18:19:25,715 INFO Calculating features for square image
2026-07-29 18:19:25,719 INFO Computing firstorder
2026-07-29 18:19:25,723 INFO Computing glcm
2026-07-29 18:19:25,726 WARNING GLCM is symmetrical, therefore Sum Average = 2 * Joint Average, only 1 needs to be calculated
2026-07-29 18:19:25,731 INFO Calculating features for squareroot image
2026-07-29 18:19:25,735 INFO Computing firstorder
2026-07-29 18:19:25,740 INFO Computing glcm
2026-07-29 18:19:25,743 WARNING GLCM is symmetrical, therefore Sum Average = 2 * Joint Average, only 1 needs to be calculated
2026-07-29 18:19:25,751 INFO Computing Wavelet H
2026-07-29 18:19:25,751 INFO Calculating features for wavelet-H image
2026-07-29 18:19:25,755 INFO Computing firstorder
2026-07-29 18:19:25,759 INFO Computing glcm
2026-07-29 18:19:25,762 WARNING GLCM is symmetrical, therefore Sum Average = 2 * Joint Average, only 1 needs to be calculated
2026-07-29 18:19:25,762 INFO Calculating features for wavelet-L image
2026-07-29 18:19:25,765 INFO Computing firstorder
2026-07-29 18:19:25,771 INFO Computing glcm
2026-07-29 18:19:25,774 WARNING GLCM is symmetrical, therefore Sum Average = 2 * Joint Average, only 1 needs to be calculated
2026-07-29 18:19:25,810 INFO Calculating features with label: 1
2026-07-29 18:19:25,810 INFO Loading image and mask
2026-07-29 18:19:25,848 INFO Computing shape2D
2026-07-29 18:19:25,850 INFO Adding image type "Original" with custom settings: {}
2026-07-29 18:19:25,850 INFO Adding image type "Exponential" with custom settings: {}
2026-07-29 18:19:25,850 INFO Adding image type "Gradient" with custom settings: {}
2026-07-29 18:19:25,850 INFO Adding image type "LBP2D" with custom settings: {}
2026-07-29 18:19:25,850 INFO Adding image type "LBP3D" with custom settings: {}
2026-07-29 18:19:25,850 INFO Adding image type "LoG" with custom settings: {}
2026-07-29 18:19:25,850 INFO Adding image type "Logarithm" with custom settings: {}
2026-07-29 18:19:25,850 INFO Adding image type "Square" with custom settings: {}
2026-07-29 18:19:25,850 INFO Adding image type "SquareRoot" with custom settings: {}
2026-07-29 18:19:25,850 INFO Adding image type "Wavelet" with custom settings: {}
2026-07-29 18:19:25,850 INFO Calculating features for original image
2026-07-29 18:19:25,853 INFO Computing firstorder
2026-07-29 18:19:25,857 INFO Computing glcm
2026-07-29 18:19:25,860 WARNING GLCM is symmetrical, therefore Sum Average = 2 * Joint Average, only 1 needs to be calculated
2026-07-29 18:19:25,865 INFO Calculating features for exponential image
2026-07-29 18:19:25,868 INFO Computing firstorder
2026-07-29 18:19:25,873 INFO Computing glcm
2026-07-29 18:19:25,876 WARNING GLCM is symmetrical, therefore Sum Average = 2 * Joint Average, only 1 needs to be calculated
2026-07-29 18:19:25,878 INFO Calculating features for gradient image
2026-07-29 18:19:25,881 INFO Computing firstorder
2026-07-29 18:19:25,885 INFO Computing glcm
2026-07-29 18:19:25,888 WARNING GLCM is symmetrical, therefore Sum Average = 2 * Joint Average, only 1 needs to be calculated
2026-07-29 18:19:25,912 INFO Calculating features for lbp-2D image
2026-07-29 18:19:25,916 INFO Computing firstorder
2026-07-29 18:19:25,920 INFO Computing glcm
2026-07-29 18:19:25,922 WARNING GLCM is symmetrical, therefore Sum Average = 2 * Joint Average, only 1 needs to be calculated
2026-07-29 18:19:25,923 WARNING LBP 3D only available for 3 dimensional images, found 2 dimensions
2026-07-29 18:19:25,930 INFO Calculating features for logarithm image
2026-07-29 18:19:25,934 INFO Computing firstorder
2026-07-29 18:19:25,939 INFO Computing glcm
2026-07-29 18:19:25,942 WARNING GLCM is symmetrical, therefore Sum Average = 2 * Joint Average, only 1 needs to be calculated
2026-07-29 18:19:25,947 INFO Calculating features for square image
2026-07-29 18:19:25,950 INFO Computing firstorder
2026-07-29 18:19:25,954 INFO Computing glcm
2026-07-29 18:19:25,957 WARNING GLCM is symmetrical, therefore Sum Average = 2 * Joint Average, only 1 needs to be calculated
2026-07-29 18:19:25,962 INFO Calculating features for squareroot image
2026-07-29 18:19:25,966 INFO Computing firstorder
2026-07-29 18:19:25,971 INFO Computing glcm
2026-07-29 18:19:25,974 WARNING GLCM is symmetrical, therefore Sum Average = 2 * Joint Average, only 1 needs to be calculated
2026-07-29 18:19:25,982 INFO Computing Wavelet H
2026-07-29 18:19:25,982 INFO Calculating features for wavelet-H image
2026-07-29 18:19:25,986 INFO Computing firstorder
2026-07-29 18:19:25,990 INFO Computing glcm
2026-07-29 18:19:25,993 WARNING GLCM is symmetrical, therefore Sum Average = 2 * Joint Average, only 1 needs to be calculated
2026-07-29 18:19:25,993 INFO Calculating features for wavelet-L image
2026-07-29 18:19:25,997 INFO Computing firstorder
2026-07-29 18:19:26,002 INFO Computing glcm
2026-07-29 18:19:26,005 WARNING GLCM is symmetrical, therefore Sum Average = 2 * Joint Average, only 1 needs to be calculated
2026-07-29 18:19:26,047 INFO Calculating features with label: 1
2026-07-29 18:19:26,047 INFO Loading image and mask
2026-07-29 18:19:26,084 INFO Computing shape2D
2026-07-29 18:19:26,085 INFO Adding image type "Original" with custom settings: {}
2026-07-29 18:19:26,085 INFO Adding image type "Exponential" with custom settings: {}
2026-07-29 18:19:26,085 INFO Adding image type "Gradient" with custom settings: {}
2026-07-29 18:19:26,085 INFO Adding image type "LBP2D" with custom settings: {}
2026-07-29 18:19:26,085 INFO Adding image type "LBP3D" with custom settings: {}
2026-07-29 18:19:26,085 INFO Adding image type "LoG" with custom settings: {}
2026-07-29 18:19:26,085 INFO Adding image type "Logarithm" with custom settings: {}
2026-07-29 18:19:26,085 INFO Adding image type "Square" with custom settings: {}
2026-07-29 18:19:26,085 INFO Adding image type "SquareRoot" with custom settings: {}
2026-07-29 18:19:26,085 INFO Adding image type "Wavelet" with custom settings: {}
2026-07-29 18:19:26,085 INFO Calculating features for original image
2026-07-29 18:19:26,088 INFO Computing firstorder
2026-07-29 18:19:26,090 INFO Computing glcm
2026-07-29 18:19:26,092 WARNING GLCM is symmetrical, therefore Sum Average = 2 * Joint Average, only 1 needs to be calculated
2026-07-29 18:19:26,097 INFO Calculating features for exponential image
2026-07-29 18:19:26,100 INFO Computing firstorder
2026-07-29 18:19:26,102 INFO Computing glcm
2026-07-29 18:19:26,104 WARNING GLCM is symmetrical, therefore Sum Average = 2 * Joint Average, only 1 needs to be calculated
2026-07-29 18:19:26,106 INFO Calculating features for gradient image
2026-07-29 18:19:26,109 INFO Computing firstorder
2026-07-29 18:19:26,111 INFO Computing glcm
2026-07-29 18:19:26,113 WARNING GLCM is symmetrical, therefore Sum Average = 2 * Joint Average, only 1 needs to be calculated
2026-07-29 18:19:26,138 INFO Calculating features for lbp-2D image
2026-07-29 18:19:26,142 INFO Computing firstorder
2026-07-29 18:19:26,144 INFO Computing glcm
2026-07-29 18:19:26,145 WARNING GLCM is symmetrical, therefore Sum Average = 2 * Joint Average, only 1 needs to be calculated
2026-07-29 18:19:26,146 WARNING LBP 3D only available for 3 dimensional images, found 2 dimensions
2026-07-29 18:19:26,154 INFO Calculating features for logarithm image
2026-07-29 18:19:26,157 INFO Computing firstorder
2026-07-29 18:19:26,159 INFO Computing glcm
2026-07-29 18:19:26,161 WARNING GLCM is symmetrical, therefore Sum Average = 2 * Joint Average, only 1 needs to be calculated
2026-07-29 18:19:26,166 INFO Calculating features for square image
2026-07-29 18:19:26,170 INFO Computing firstorder
2026-07-29 18:19:26,173 INFO Computing glcm
2026-07-29 18:19:26,174 WARNING GLCM is symmetrical, therefore Sum Average = 2 * Joint Average, only 1 needs to be calculated
2026-07-29 18:19:26,180 INFO Calculating features for squareroot image
2026-07-29 18:19:26,183 INFO Computing firstorder
2026-07-29 18:19:26,186 INFO Computing glcm
2026-07-29 18:19:26,188 WARNING GLCM is symmetrical, therefore Sum Average = 2 * Joint Average, only 1 needs to be calculated
2026-07-29 18:19:26,196 INFO Computing Wavelet H
2026-07-29 18:19:26,197 INFO Calculating features for wavelet-H image
2026-07-29 18:19:26,200 INFO Computing firstorder
2026-07-29 18:19:26,203 INFO Computing glcm
2026-07-29 18:19:26,205 WARNING GLCM is symmetrical, therefore Sum Average = 2 * Joint Average, only 1 needs to be calculated
2026-07-29 18:19:26,205 INFO Calculating features for wavelet-L image
2026-07-29 18:19:26,208 INFO Computing firstorder
2026-07-29 18:19:26,210 INFO Computing glcm
2026-07-29 18:19:26,212 WARNING GLCM is symmetrical, therefore Sum Average = 2 * Joint Average, only 1 needs to be calculated
2026-07-29 18:19:26,246 INFO Calculating features with label: 1
2026-07-29 18:19:26,246 INFO Loading image and mask
2026-07-29 18:19:26,284 INFO Computing shape2D
2026-07-29 18:19:26,286 INFO Adding image type "Original" with custom settings: {}
2026-07-29 18:19:26,286 INFO Adding image type "Exponential" with custom settings: {}
2026-07-29 18:19:26,286 INFO Adding image type "Gradient" with custom settings: {}
2026-07-29 18:19:26,286 INFO Adding image type "LBP2D" with custom settings: {}
2026-07-29 18:19:26,286 INFO Adding image type "LBP3D" with custom settings: {}
2026-07-29 18:19:26,286 INFO Adding image type "LoG" with custom settings: {}
2026-07-29 18:19:26,286 INFO Adding image type "Logarithm" with custom settings: {}
2026-07-29 18:19:26,286 INFO Adding image type "Square" with custom settings: {}
2026-07-29 18:19:26,286 INFO Adding image type "SquareRoot" with custom settings: {}
2026-07-29 18:19:26,286 INFO Adding image type "Wavelet" with custom settings: {}
2026-07-29 18:19:26,286 INFO Calculating features for original image
2026-07-29 18:19:26,289 INFO Computing firstorder
2026-07-29 18:19:26,293 INFO Computing glcm
2026-07-29 18:19:26,296 WARNING GLCM is symmetrical, therefore Sum Average = 2 * Joint Average, only 1 needs to be calculated
2026-07-29 18:19:26,302 INFO Calculating features for exponential image
2026-07-29 18:19:26,305 INFO Computing firstorder
2026-07-29 18:19:26,309 INFO Computing glcm
2026-07-29 18:19:26,312 WARNING GLCM is symmetrical, therefore Sum Average = 2 * Joint Average, only 1 needs to be calculated
2026-07-29 18:19:26,314 INFO Calculating features for gradient image
2026-07-29 18:19:26,317 INFO Computing firstorder
2026-07-29 18:19:26,322 INFO Computing glcm
2026-07-29 18:19:26,324 WARNING GLCM is symmetrical, therefore Sum Average = 2 * Joint Average, only 1 needs to be calculated
2026-07-29 18:19:26,348 INFO Calculating features for lbp-2D image
2026-07-29 18:19:26,353 INFO Computing firstorder
2026-07-29 18:19:26,357 INFO Computing glcm
2026-07-29 18:19:26,360 WARNING GLCM is symmetrical, therefore Sum Average = 2 * Joint Average, only 1 needs to be calculated
2026-07-29 18:19:26,360 WARNING LBP 3D only available for 3 dimensional images, found 2 dimensions
2026-07-29 18:19:26,367 INFO Calculating features for logarithm image
2026-07-29 18:19:26,371 INFO Computing firstorder
2026-07-29 18:19:26,376 INFO Computing glcm
2026-07-29 18:19:26,379 WARNING GLCM is symmetrical, therefore Sum Average = 2 * Joint Average, only 1 needs to be calculated
2026-07-29 18:19:26,384 INFO Calculating features for square image
2026-07-29 18:19:26,388 INFO Computing firstorder
2026-07-29 18:19:26,392 INFO Computing glcm
2026-07-29 18:19:26,395 WARNING GLCM is symmetrical, therefore Sum Average = 2 * Joint Average, only 1 needs to be calculated
2026-07-29 18:19:26,400 INFO Calculating features for squareroot image
2026-07-29 18:19:26,404 INFO Computing firstorder
2026-07-29 18:19:26,409 INFO Computing glcm
2026-07-29 18:19:26,412 WARNING GLCM is symmetrical, therefore Sum Average = 2 * Joint Average, only 1 needs to be calculated
2026-07-29 18:19:26,420 INFO Computing Wavelet H
2026-07-29 18:19:26,420 INFO Calculating features for wavelet-H image
2026-07-29 18:19:26,424 INFO Computing firstorder
2026-07-29 18:19:26,429 INFO Computing glcm
2026-07-29 18:19:26,432 WARNING GLCM is symmetrical, therefore Sum Average = 2 * Joint Average, only 1 needs to be calculated
2026-07-29 18:19:26,432 INFO Calculating features for wavelet-L image
2026-07-29 18:19:26,436 INFO Computing firstorder
2026-07-29 18:19:26,441 INFO Computing glcm
2026-07-29 18:19:26,444 WARNING GLCM is symmetrical, therefore Sum Average = 2 * Joint Average, only 1 needs to be calculated
2026-07-29 18:19:26,479 INFO Calculating features with label: 1
2026-07-29 18:19:26,479 INFO Loading image and mask
2026-07-29 18:19:26,483 ERROR s0162
Traceback (most recent call last):
  File "C:\Users\kanishk\OneDrive\Desktop\infant\Corpus_Callosum\radiomic_feature_extraction.py", line 392, in main
    feature_row = process_subject(
                  ^^^^^^^^^^^^^^^^
  File "C:\Users\kanishk\OneDrive\Desktop\infant\Corpus_Callosum\radiomic_feature_extraction.py", line 284, in process_subject
    feature_dict = extract_features(
                   ^^^^^^^^^^^^^^^^^
  File "C:\Users\kanishk\OneDrive\Desktop\infant\Corpus_Callosum\radiomic_feature_extraction.py", line 236, in extract_features
    feature_vector = extractor.execute(
                     ^^^^^^^^^^^^^^^^^^
  File "C:\Users\kanishk\AppData\Roaming\Python\Python311\site-packages\radiomics\featureextractor.py", line 272, in execute
    image, mask = self.loadImage(imageFilepath, maskFilepath, generalInfo, **_settings)
                  ^^^^^^^^^^^^^^^^^^^^^^^^^^^^^^^^^^^^^^^^^^^^^^^^^^^^^^^^^^^^^^^^^^^^^
  File "C:\Users\kanishk\AppData\Roaming\Python\Python311\site-packages\radiomics\featureextractor.py", line 385, in loadImage
    mask = imageoperations.getMask(mask, **kwargs)
           ^^^^^^^^^^^^^^^^^^^^^^^^^^^^^^^^^^^^^^^
  File "C:\Users\kanishk\AppData\Roaming\Python\Python311\site-packages\radiomics\imageoperations.py", line 49, in getMask
    raise ValueError('No labels found in this mask (i.e. nothing is segmented)!')
ValueError: No labels found in this mask (i.e. nothing is segmented)!
2026-07-29 18:19:26,517 INFO Calculating features with label: 1
2026-07-29 18:19:26,517 INFO Loading image and mask
2026-07-29 18:19:26,555 INFO Computing shape2D
2026-07-29 18:19:26,556 INFO Adding image type "Original" with custom settings: {}
2026-07-29 18:19:26,556 INFO Adding image type "Exponential" with custom settings: {}
2026-07-29 18:19:26,556 INFO Adding image type "Gradient" with custom settings: {}
2026-07-29 18:19:26,556 INFO Adding image type "LBP2D" with custom settings: {}
2026-07-29 18:19:26,556 INFO Adding image type "LBP3D" with custom settings: {}
2026-07-29 18:19:26,556 INFO Adding image type "LoG" with custom settings: {}
2026-07-29 18:19:26,556 INFO Adding image type "Logarithm" with custom settings: {}
2026-07-29 18:19:26,556 INFO Adding image type "Square" with custom settings: {}
2026-07-29 18:19:26,556 INFO Adding image type "SquareRoot" with custom settings: {}
2026-07-29 18:19:26,556 INFO Adding image type "Wavelet" with custom settings: {}
2026-07-29 18:19:26,556 INFO Calculating features for original image
2026-07-29 18:19:26,558 INFO Computing firstorder
2026-07-29 18:19:26,560 INFO Computing glcm
2026-07-29 18:19:26,562 WARNING GLCM is symmetrical, therefore Sum Average = 2 * Joint Average, only 1 needs to be calculated
2026-07-29 18:19:26,567 INFO Calculating features for exponential image
2026-07-29 18:19:26,570 INFO Computing firstorder
2026-07-29 18:19:26,572 INFO Computing glcm
2026-07-29 18:19:26,573 WARNING GLCM is symmetrical, therefore Sum Average = 2 * Joint Average, only 1 needs to be calculated
2026-07-29 18:19:26,576 INFO Calculating features for gradient image
2026-07-29 18:19:26,578 INFO Computing firstorder
2026-07-29 18:19:26,580 INFO Computing glcm
2026-07-29 18:19:26,582 WARNING GLCM is symmetrical, therefore Sum Average = 2 * Joint Average, only 1 needs to be calculated
2026-07-29 18:19:26,606 INFO Calculating features for lbp-2D image
2026-07-29 18:19:26,609 INFO Computing firstorder
2026-07-29 18:19:26,611 INFO Computing glcm
2026-07-29 18:19:26,612 WARNING GLCM is symmetrical, therefore Sum Average = 2 * Joint Average, only 1 needs to be calculated
2026-07-29 18:19:26,613 WARNING LBP 3D only available for 3 dimensional images, found 2 dimensions
2026-07-29 18:19:26,620 INFO Calculating features for logarithm image
2026-07-29 18:19:26,623 INFO Computing firstorder
2026-07-29 18:19:26,625 INFO Computing glcm
2026-07-29 18:19:26,627 WARNING GLCM is symmetrical, therefore Sum Average = 2 * Joint Average, only 1 needs to be calculated
2026-07-29 18:19:26,631 INFO Calculating features for square image
2026-07-29 18:19:26,634 INFO Computing firstorder
2026-07-29 18:19:26,637 INFO Computing glcm
2026-07-29 18:19:26,638 WARNING GLCM is symmetrical, therefore Sum Average = 2 * Joint Average, only 1 needs to be calculated
2026-07-29 18:19:26,644 INFO Calculating features for squareroot image
2026-07-29 18:19:26,647 INFO Computing firstorder
2026-07-29 18:19:26,649 INFO Computing glcm
2026-07-29 18:19:26,652 WARNING GLCM is symmetrical, therefore Sum Average = 2 * Joint Average, only 1 needs to be calculated
2026-07-29 18:19:26,661 INFO Computing Wavelet H
2026-07-29 18:19:26,661 INFO Calculating features for wavelet-H image
2026-07-29 18:19:26,664 INFO Computing firstorder
2026-07-29 18:19:26,666 INFO Computing glcm
2026-07-29 18:19:26,667 WARNING GLCM is symmetrical, therefore Sum Average = 2 * Joint Average, only 1 needs to be calculated
2026-07-29 18:19:26,668 INFO Calculating features for wavelet-L image
2026-07-29 18:19:26,672 INFO Computing firstorder
2026-07-29 18:19:26,675 INFO Computing glcm
2026-07-29 18:19:26,678 WARNING GLCM is symmetrical, therefore Sum Average = 2 * Joint Average, only 1 needs to be calculated
2026-07-29 18:19:26,713 INFO Calculating features with label: 1
2026-07-29 18:19:26,713 INFO Loading image and mask
2026-07-29 18:19:26,762 INFO Computing shape2D
2026-07-29 18:19:26,763 INFO Adding image type "Original" with custom settings: {}
2026-07-29 18:19:26,763 INFO Adding image type "Exponential" with custom settings: {}
2026-07-29 18:19:26,763 INFO Adding image type "Gradient" with custom settings: {}
2026-07-29 18:19:26,763 INFO Adding image type "LBP2D" with custom settings: {}
2026-07-29 18:19:26,763 INFO Adding image type "LBP3D" with custom settings: {}
2026-07-29 18:19:26,763 INFO Adding image type "LoG" with custom settings: {}
2026-07-29 18:19:26,763 INFO Adding image type "Logarithm" with custom settings: {}
2026-07-29 18:19:26,763 INFO Adding image type "Square" with custom settings: {}
2026-07-29 18:19:26,763 INFO Adding image type "SquareRoot" with custom settings: {}
2026-07-29 18:19:26,763 INFO Adding image type "Wavelet" with custom settings: {}
2026-07-29 18:19:26,763 INFO Calculating features for original image
2026-07-29 18:19:26,767 INFO Computing firstorder
2026-07-29 18:19:26,771 INFO Computing glcm
2026-07-29 18:19:26,774 WARNING GLCM is symmetrical, therefore Sum Average = 2 * Joint Average, only 1 needs to be calculated
2026-07-29 18:19:26,781 INFO Calculating features for exponential image
2026-07-29 18:19:26,785 INFO Computing firstorder
2026-07-29 18:19:26,788 INFO Computing glcm
2026-07-29 18:19:26,790 WARNING GLCM is symmetrical, therefore Sum Average = 2 * Joint Average, only 1 needs to be calculated
2026-07-29 18:19:26,793 INFO Calculating features for gradient image
2026-07-29 18:19:26,796 INFO Computing firstorder
2026-07-29 18:19:26,800 INFO Computing glcm
2026-07-29 18:19:26,802 WARNING GLCM is symmetrical, therefore Sum Average = 2 * Joint Average, only 1 needs to be calculated
2026-07-29 18:19:26,828 INFO Calculating features for lbp-2D image
2026-07-29 18:19:26,832 INFO Computing firstorder
2026-07-29 18:19:26,835 INFO Computing glcm
2026-07-29 18:19:26,837 WARNING GLCM is symmetrical, therefore Sum Average = 2 * Joint Average, only 1 needs to be calculated
2026-07-29 18:19:26,838 WARNING LBP 3D only available for 3 dimensional images, found 2 dimensions
2026-07-29 18:19:26,847 INFO Calculating features for logarithm image
2026-07-29 18:19:26,850 INFO Computing firstorder
2026-07-29 18:19:26,854 INFO Computing glcm
2026-07-29 18:19:26,857 WARNING GLCM is symmetrical, therefore Sum Average = 2 * Joint Average, only 1 needs to be calculated
2026-07-29 18:19:26,864 INFO Calculating features for square image
2026-07-29 18:19:26,869 INFO Computing firstorder
2026-07-29 18:19:26,873 INFO Computing glcm
2026-07-29 18:19:26,876 WARNING GLCM is symmetrical, therefore Sum Average = 2 * Joint Average, only 1 needs to be calculated
2026-07-29 18:19:26,883 INFO Calculating features for squareroot image
2026-07-29 18:19:26,888 INFO Computing firstorder
2026-07-29 18:19:26,891 INFO Computing glcm
2026-07-29 18:19:26,894 WARNING GLCM is symmetrical, therefore Sum Average = 2 * Joint Average, only 1 needs to be calculated
2026-07-29 18:19:26,904 INFO Computing Wavelet H
2026-07-29 18:19:26,904 INFO Calculating features for wavelet-H image
2026-07-29 18:19:26,908 INFO Computing firstorder
2026-07-29 18:19:26,913 INFO Computing glcm
2026-07-29 18:19:26,915 WARNING GLCM is symmetrical, therefore Sum Average = 2 * Joint Average, only 1 needs to be calculated
2026-07-29 18:19:26,916 INFO Calculating features for wavelet-L image
2026-07-29 18:19:26,920 INFO Computing firstorder
2026-07-29 18:19:26,925 INFO Computing glcm
2026-07-29 18:19:26,929 WARNING GLCM is symmetrical, therefore Sum Average = 2 * Joint Average, only 1 needs to be calculated
2026-07-29 18:19:26,968 INFO Calculating features with label: 1
2026-07-29 18:19:26,968 INFO Loading image and mask
2026-07-29 18:19:27,008 INFO Computing shape2D
2026-07-29 18:19:27,008 INFO Adding image type "Original" with custom settings: {}
2026-07-29 18:19:27,008 INFO Adding image type "Exponential" with custom settings: {}
2026-07-29 18:19:27,008 INFO Adding image type "Gradient" with custom settings: {}
2026-07-29 18:19:27,008 INFO Adding image type "LBP2D" with custom settings: {}
2026-07-29 18:19:27,008 INFO Adding image type "LBP3D" with custom settings: {}
2026-07-29 18:19:27,008 INFO Adding image type "LoG" with custom settings: {}
2026-07-29 18:19:27,009 INFO Adding image type "Logarithm" with custom settings: {}
2026-07-29 18:19:27,009 INFO Adding image type "Square" with custom settings: {}
2026-07-29 18:19:27,009 INFO Adding image type "SquareRoot" with custom settings: {}
2026-07-29 18:19:27,009 INFO Adding image type "Wavelet" with custom settings: {}
2026-07-29 18:19:27,009 INFO Calculating features for original image
2026-07-29 18:19:27,011 INFO Computing firstorder
2026-07-29 18:19:27,013 INFO Computing glcm
2026-07-29 18:19:27,015 WARNING GLCM is symmetrical, therefore Sum Average = 2 * Joint Average, only 1 needs to be calculated
2026-07-29 18:19:27,021 INFO Calculating features for exponential image
2026-07-29 18:19:27,024 INFO Computing firstorder
2026-07-29 18:19:27,026 INFO Computing glcm
2026-07-29 18:19:27,027 WARNING GLCM is symmetrical, therefore Sum Average = 2 * Joint Average, only 1 needs to be calculated
2026-07-29 18:19:27,029 INFO Calculating features for gradient image
2026-07-29 18:19:27,032 INFO Computing firstorder
2026-07-29 18:19:27,034 INFO Computing glcm
2026-07-29 18:19:27,036 WARNING GLCM is symmetrical, therefore Sum Average = 2 * Joint Average, only 1 needs to be calculated
2026-07-29 18:19:27,060 INFO Calculating features for lbp-2D image
2026-07-29 18:19:27,063 INFO Computing firstorder
2026-07-29 18:19:27,065 INFO Computing glcm
2026-07-29 18:19:27,066 WARNING GLCM is symmetrical, therefore Sum Average = 2 * Joint Average, only 1 needs to be calculated
2026-07-29 18:19:27,067 WARNING LBP 3D only available for 3 dimensional images, found 2 dimensions
2026-07-29 18:19:27,079 INFO Calculating features for logarithm image
2026-07-29 18:19:27,085 INFO Computing firstorder
2026-07-29 18:19:27,089 INFO Computing glcm
2026-07-29 18:19:27,092 WARNING GLCM is symmetrical, therefore Sum Average = 2 * Joint Average, only 1 needs to be calculated
2026-07-29 18:19:27,097 INFO Calculating features for square image
2026-07-29 18:19:27,101 INFO Computing firstorder
2026-07-29 18:19:27,104 INFO Computing glcm
2026-07-29 18:19:27,107 WARNING GLCM is symmetrical, therefore Sum Average = 2 * Joint Average, only 1 needs to be calculated
2026-07-29 18:19:27,112 INFO Calculating features for squareroot image
2026-07-29 18:19:27,116 INFO Computing firstorder
2026-07-29 18:19:27,118 INFO Computing glcm
2026-07-29 18:19:27,120 WARNING GLCM is symmetrical, therefore Sum Average = 2 * Joint Average, only 1 needs to be calculated
2026-07-29 18:19:27,130 INFO Computing Wavelet H
2026-07-29 18:19:27,130 INFO Calculating features for wavelet-H image
2026-07-29 18:19:27,133 INFO Computing firstorder
2026-07-29 18:19:27,135 INFO Computing glcm
2026-07-29 18:19:27,136 WARNING GLCM is symmetrical, therefore Sum Average = 2 * Joint Average, only 1 needs to be calculated
2026-07-29 18:19:27,137 INFO Calculating features for wavelet-L image
2026-07-29 18:19:27,140 INFO Computing firstorder
2026-07-29 18:19:27,142 INFO Computing glcm
2026-07-29 18:19:27,144 WARNING GLCM is symmetrical, therefore Sum Average = 2 * Joint Average, only 1 needs to be calculated
2026-07-29 18:19:27,178 INFO Calculating features with label: 1
2026-07-29 18:19:27,178 INFO Loading image and mask
2026-07-29 18:19:27,216 INFO Computing shape2D
2026-07-29 18:19:27,216 INFO Adding image type "Original" with custom settings: {}
2026-07-29 18:19:27,216 INFO Adding image type "Exponential" with custom settings: {}
2026-07-29 18:19:27,216 INFO Adding image type "Gradient" with custom settings: {}
2026-07-29 18:19:27,216 INFO Adding image type "LBP2D" with custom settings: {}
2026-07-29 18:19:27,216 INFO Adding image type "LBP3D" with custom settings: {}
2026-07-29 18:19:27,216 INFO Adding image type "LoG" with custom settings: {}
2026-07-29 18:19:27,216 INFO Adding image type "Logarithm" with custom settings: {}
2026-07-29 18:19:27,216 INFO Adding image type "Square" with custom settings: {}
2026-07-29 18:19:27,216 INFO Adding image type "SquareRoot" with custom settings: {}
2026-07-29 18:19:27,216 INFO Adding image type "Wavelet" with custom settings: {}
2026-07-29 18:19:27,216 INFO Calculating features for original image
2026-07-29 18:19:27,219 INFO Computing firstorder
2026-07-29 18:19:27,220 INFO Computing glcm
2026-07-29 18:19:27,222 WARNING GLCM is symmetrical, therefore Sum Average = 2 * Joint Average, only 1 needs to be calculated
2026-07-29 18:19:27,228 INFO Calculating features for exponential image
2026-07-29 18:19:27,231 INFO Computing firstorder
2026-07-29 18:19:27,232 INFO Computing glcm
2026-07-29 18:19:27,233 WARNING GLCM is symmetrical, therefore Sum Average = 2 * Joint Average, only 1 needs to be calculated
2026-07-29 18:19:27,236 INFO Calculating features for gradient image
2026-07-29 18:19:27,238 INFO Computing firstorder
2026-07-29 18:19:27,241 INFO Computing glcm
2026-07-29 18:19:27,242 WARNING GLCM is symmetrical, therefore Sum Average = 2 * Joint Average, only 1 needs to be calculated
2026-07-29 18:19:27,266 INFO Calculating features for lbp-2D image
2026-07-29 18:19:27,270 INFO Computing firstorder
2026-07-29 18:19:27,272 INFO Computing glcm
2026-07-29 18:19:27,274 WARNING GLCM is symmetrical, therefore Sum Average = 2 * Joint Average, only 1 needs to be calculated
2026-07-29 18:19:27,274 WARNING LBP 3D only available for 3 dimensional images, found 2 dimensions
2026-07-29 18:19:27,281 INFO Calculating features for logarithm image
2026-07-29 18:19:27,284 INFO Computing firstorder
2026-07-29 18:19:27,286 INFO Computing glcm
2026-07-29 18:19:27,288 WARNING GLCM is symmetrical, therefore Sum Average = 2 * Joint Average, only 1 needs to be calculated
2026-07-29 18:19:27,292 INFO Calculating features for square image
2026-07-29 18:19:27,295 INFO Computing firstorder
2026-07-29 18:19:27,297 INFO Computing glcm
2026-07-29 18:19:27,298 WARNING GLCM is symmetrical, therefore Sum Average = 2 * Joint Average, only 1 needs to be calculated
2026-07-29 18:19:27,304 INFO Calculating features for squareroot image
2026-07-29 18:19:27,307 INFO Computing firstorder
2026-07-29 18:19:27,308 INFO Computing glcm
2026-07-29 18:19:27,310 WARNING GLCM is symmetrical, therefore Sum Average = 2 * Joint Average, only 1 needs to be calculated
2026-07-29 18:19:27,318 INFO Computing Wavelet H
2026-07-29 18:19:27,318 INFO Calculating features for wavelet-H image
2026-07-29 18:19:27,322 INFO Computing firstorder
2026-07-29 18:19:27,324 INFO Computing glcm
2026-07-29 18:19:27,325 WARNING GLCM is symmetrical, therefore Sum Average = 2 * Joint Average, only 1 needs to be calculated
2026-07-29 18:19:27,325 INFO Calculating features for wavelet-L image
2026-07-29 18:19:27,328 INFO Computing firstorder
2026-07-29 18:19:27,330 INFO Computing glcm
2026-07-29 18:19:27,331 WARNING GLCM is symmetrical, therefore Sum Average = 2 * Joint Average, only 1 needs to be calculated
2026-07-29 18:19:27,365 INFO Calculating features with label: 1
2026-07-29 18:19:27,365 INFO Loading image and mask
2026-07-29 18:19:27,400 INFO Computing shape2D
2026-07-29 18:19:27,401 INFO Adding image type "Original" with custom settings: {}
2026-07-29 18:19:27,402 INFO Adding image type "Exponential" with custom settings: {}
2026-07-29 18:19:27,402 INFO Adding image type "Gradient" with custom settings: {}
2026-07-29 18:19:27,402 INFO Adding image type "LBP2D" with custom settings: {}
2026-07-29 18:19:27,402 INFO Adding image type "LBP3D" with custom settings: {}
2026-07-29 18:19:27,402 INFO Adding image type "LoG" with custom settings: {}
2026-07-29 18:19:27,402 INFO Adding image type "Logarithm" with custom settings: {}
2026-07-29 18:19:27,402 INFO Adding image type "Square" with custom settings: {}
2026-07-29 18:19:27,402 INFO Adding image type "SquareRoot" with custom settings: {}
2026-07-29 18:19:27,402 INFO Adding image type "Wavelet" with custom settings: {}
2026-07-29 18:19:27,402 INFO Calculating features for original image
2026-07-29 18:19:27,404 INFO Computing firstorder
2026-07-29 18:19:27,408 INFO Computing glcm
2026-07-29 18:19:27,411 WARNING GLCM is symmetrical, therefore Sum Average = 2 * Joint Average, only 1 needs to be calculated
2026-07-29 18:19:27,418 INFO Calculating features for exponential image
2026-07-29 18:19:27,420 INFO Computing firstorder
2026-07-29 18:19:27,423 INFO Computing glcm
2026-07-29 18:19:27,424 WARNING GLCM is symmetrical, therefore Sum Average = 2 * Joint Average, only 1 needs to be calculated
2026-07-29 18:19:27,427 INFO Calculating features for gradient image
2026-07-29 18:19:27,430 INFO Computing firstorder
2026-07-29 18:19:27,432 INFO Computing glcm
2026-07-29 18:19:27,435 WARNING GLCM is symmetrical, therefore Sum Average = 2 * Joint Average, only 1 needs to be calculated
2026-07-29 18:19:27,459 INFO Calculating features for lbp-2D image
2026-07-29 18:19:27,462 INFO Computing firstorder
2026-07-29 18:19:27,465 INFO Computing glcm
2026-07-29 18:19:27,466 WARNING GLCM is symmetrical, therefore Sum Average = 2 * Joint Average, only 1 needs to be calculated
2026-07-29 18:19:27,467 WARNING LBP 3D only available for 3 dimensional images, found 2 dimensions
2026-07-29 18:19:27,474 INFO Calculating features for logarithm image
2026-07-29 18:19:27,477 INFO Computing firstorder
2026-07-29 18:19:27,480 INFO Computing glcm
2026-07-29 18:19:27,482 WARNING GLCM is symmetrical, therefore Sum Average = 2 * Joint Average, only 1 needs to be calculated
2026-07-29 18:19:27,487 INFO Calculating features for square image
2026-07-29 18:19:27,490 INFO Computing firstorder
2026-07-29 18:19:27,492 INFO Computing glcm
2026-07-29 18:19:27,494 WARNING GLCM is symmetrical, therefore Sum Average = 2 * Joint Average, only 1 needs to be calculated
2026-07-29 18:19:27,500 INFO Calculating features for squareroot image
2026-07-29 18:19:27,504 INFO Computing firstorder
2026-07-29 18:19:27,507 INFO Computing glcm
2026-07-29 18:19:27,509 WARNING GLCM is symmetrical, therefore Sum Average = 2 * Joint Average, only 1 needs to be calculated
2026-07-29 18:19:27,517 INFO Computing Wavelet H
2026-07-29 18:19:27,517 INFO Calculating features for wavelet-H image
2026-07-29 18:19:27,520 INFO Computing firstorder
2026-07-29 18:19:27,524 INFO Computing glcm
2026-07-29 18:19:27,526 WARNING GLCM is symmetrical, therefore Sum Average = 2 * Joint Average, only 1 needs to be calculated
2026-07-29 18:19:27,526 INFO Calculating features for wavelet-L image
2026-07-29 18:19:27,529 INFO Computing firstorder
2026-07-29 18:19:27,532 INFO Computing glcm
2026-07-29 18:19:27,534 WARNING GLCM is symmetrical, therefore Sum Average = 2 * Joint Average, only 1 needs to be calculated
2026-07-29 18:19:27,570 INFO Calculating features with label: 1
2026-07-29 18:19:27,571 INFO Loading image and mask
2026-07-29 18:19:27,605 INFO Computing shape2D
2026-07-29 18:19:27,606 INFO Adding image type "Original" with custom settings: {}
2026-07-29 18:19:27,606 INFO Adding image type "Exponential" with custom settings: {}
2026-07-29 18:19:27,606 INFO Adding image type "Gradient" with custom settings: {}
2026-07-29 18:19:27,606 INFO Adding image type "LBP2D" with custom settings: {}
2026-07-29 18:19:27,606 INFO Adding image type "LBP3D" with custom settings: {}
2026-07-29 18:19:27,606 INFO Adding image type "LoG" with custom settings: {}
2026-07-29 18:19:27,606 INFO Adding image type "Logarithm" with custom settings: {}
2026-07-29 18:19:27,606 INFO Adding image type "Square" with custom settings: {}
2026-07-29 18:19:27,606 INFO Adding image type "SquareRoot" with custom settings: {}
2026-07-29 18:19:27,606 INFO Adding image type "Wavelet" with custom settings: {}
2026-07-29 18:19:27,606 INFO Calculating features for original image
2026-07-29 18:19:27,609 INFO Computing firstorder
2026-07-29 18:19:27,611 INFO Computing glcm
2026-07-29 18:19:27,612 WARNING GLCM is symmetrical, therefore Sum Average = 2 * Joint Average, only 1 needs to be calculated
2026-07-29 18:19:27,618 INFO Calculating features for exponential image
2026-07-29 18:19:27,621 INFO Computing firstorder
2026-07-29 18:19:27,623 INFO Computing glcm
2026-07-29 18:19:27,624 WARNING GLCM is symmetrical, therefore Sum Average = 2 * Joint Average, only 1 needs to be calculated
2026-07-29 18:19:27,627 INFO Calculating features for gradient image
2026-07-29 18:19:27,630 INFO Computing firstorder
2026-07-29 18:19:27,632 INFO Computing glcm
2026-07-29 18:19:27,633 WARNING GLCM is symmetrical, therefore Sum Average = 2 * Joint Average, only 1 needs to be calculated
2026-07-29 18:19:27,657 INFO Calculating features for lbp-2D image
2026-07-29 18:19:27,660 INFO Computing firstorder
2026-07-29 18:19:27,663 INFO Computing glcm
2026-07-29 18:19:27,664 WARNING GLCM is symmetrical, therefore Sum Average = 2 * Joint Average, only 1 needs to be calculated
2026-07-29 18:19:27,665 WARNING LBP 3D only available for 3 dimensional images, found 2 dimensions
2026-07-29 18:19:27,672 INFO Calculating features for logarithm image
2026-07-29 18:19:27,674 INFO Computing firstorder
2026-07-29 18:19:27,677 INFO Computing glcm
2026-07-29 18:19:27,679 WARNING GLCM is symmetrical, therefore Sum Average = 2 * Joint Average, only 1 needs to be calculated
2026-07-29 18:19:27,684 INFO Calculating features for square image
2026-07-29 18:19:27,687 INFO Computing firstorder
2026-07-29 18:19:27,690 INFO Computing glcm
2026-07-29 18:19:27,691 WARNING GLCM is symmetrical, therefore Sum Average = 2 * Joint Average, only 1 needs to be calculated
2026-07-29 18:19:27,697 INFO Calculating features for squareroot image
2026-07-29 18:19:27,700 INFO Computing firstorder
2026-07-29 18:19:27,703 INFO Computing glcm
2026-07-29 18:19:27,705 WARNING GLCM is symmetrical, therefore Sum Average = 2 * Joint Average, only 1 needs to be calculated
2026-07-29 18:19:27,713 INFO Computing Wavelet H
2026-07-29 18:19:27,713 INFO Calculating features for wavelet-H image
2026-07-29 18:19:27,716 INFO Computing firstorder
2026-07-29 18:19:27,718 INFO Computing glcm
2026-07-29 18:19:27,720 WARNING GLCM is symmetrical, therefore Sum Average = 2 * Joint Average, only 1 needs to be calculated
2026-07-29 18:19:27,720 INFO Calculating features for wavelet-L image
2026-07-29 18:19:27,722 INFO Computing firstorder
2026-07-29 18:19:27,725 INFO Computing glcm
2026-07-29 18:19:27,726 WARNING GLCM is symmetrical, therefore Sum Average = 2 * Joint Average, only 1 needs to be calculated
2026-07-29 18:19:27,761 INFO Calculating features with label: 1
2026-07-29 18:19:27,761 INFO Loading image and mask
2026-07-29 18:19:27,800 INFO Computing shape2D
2026-07-29 18:19:27,801 INFO Adding image type "Original" with custom settings: {}
2026-07-29 18:19:27,801 INFO Adding image type "Exponential" with custom settings: {}
2026-07-29 18:19:27,801 INFO Adding image type "Gradient" with custom settings: {}
2026-07-29 18:19:27,801 INFO Adding image type "LBP2D" with custom settings: {}
2026-07-29 18:19:27,801 INFO Adding image type "LBP3D" with custom settings: {}
2026-07-29 18:19:27,801 INFO Adding image type "LoG" with custom settings: {}
2026-07-29 18:19:27,801 INFO Adding image type "Logarithm" with custom settings: {}
2026-07-29 18:19:27,801 INFO Adding image type "Square" with custom settings: {}
2026-07-29 18:19:27,801 INFO Adding image type "SquareRoot" with custom settings: {}
2026-07-29 18:19:27,801 INFO Adding image type "Wavelet" with custom settings: {}
2026-07-29 18:19:27,801 INFO Calculating features for original image
2026-07-29 18:19:27,804 INFO Computing firstorder
2026-07-29 18:19:27,805 INFO Computing glcm
2026-07-29 18:19:27,807 WARNING GLCM is symmetrical, therefore Sum Average = 2 * Joint Average, only 1 needs to be calculated
2026-07-29 18:19:27,812 INFO Calculating features for exponential image
2026-07-29 18:19:27,815 INFO Computing firstorder
2026-07-29 18:19:27,817 INFO Computing glcm
2026-07-29 18:19:27,818 WARNING GLCM is symmetrical, therefore Sum Average = 2 * Joint Average, only 1 needs to be calculated
2026-07-29 18:19:27,821 INFO Calculating features for gradient image
2026-07-29 18:19:27,824 INFO Computing firstorder
2026-07-29 18:19:27,826 INFO Computing glcm
2026-07-29 18:19:27,827 WARNING GLCM is symmetrical, therefore Sum Average = 2 * Joint Average, only 1 needs to be calculated
2026-07-29 18:19:27,852 INFO Calculating features for lbp-2D image
2026-07-29 18:19:27,856 INFO Computing firstorder
2026-07-29 18:19:27,858 INFO Computing glcm
2026-07-29 18:19:27,859 WARNING GLCM is symmetrical, therefore Sum Average = 2 * Joint Average, only 1 needs to be calculated
2026-07-29 18:19:27,859 WARNING LBP 3D only available for 3 dimensional images, found 2 dimensions
2026-07-29 18:19:27,868 INFO Calculating features for logarithm image
2026-07-29 18:19:27,872 INFO Computing firstorder
2026-07-29 18:19:27,873 INFO Computing glcm
2026-07-29 18:19:27,875 WARNING GLCM is symmetrical, therefore Sum Average = 2 * Joint Average, only 1 needs to be calculated
2026-07-29 18:19:27,880 INFO Calculating features for square image
2026-07-29 18:19:27,883 INFO Computing firstorder
2026-07-29 18:19:27,885 INFO Computing glcm
2026-07-29 18:19:27,887 WARNING GLCM is symmetrical, therefore Sum Average = 2 * Joint Average, only 1 needs to be calculated
2026-07-29 18:19:27,892 INFO Calculating features for squareroot image
2026-07-29 18:19:27,895 INFO Computing firstorder
2026-07-29 18:19:27,897 INFO Computing glcm
2026-07-29 18:19:27,898 WARNING GLCM is symmetrical, therefore Sum Average = 2 * Joint Average, only 1 needs to be calculated
2026-07-29 18:19:27,907 INFO Computing Wavelet H
2026-07-29 18:19:27,907 INFO Calculating features for wavelet-H image
2026-07-29 18:19:27,909 INFO Computing firstorder
2026-07-29 18:19:27,911 INFO Computing glcm
2026-07-29 18:19:27,912 WARNING GLCM is symmetrical, therefore Sum Average = 2 * Joint Average, only 1 needs to be calculated
2026-07-29 18:19:27,912 INFO Calculating features for wavelet-L image
2026-07-29 18:19:27,915 INFO Computing firstorder
2026-07-29 18:19:27,917 INFO Computing glcm
2026-07-29 18:19:27,919 WARNING GLCM is symmetrical, therefore Sum Average = 2 * Joint Average, only 1 needs to be calculated
2026-07-29 18:19:27,956 INFO Calculating features with label: 1
2026-07-29 18:19:27,957 INFO Loading image and mask
2026-07-29 18:19:27,997 INFO Computing shape2D
2026-07-29 18:19:28,000 INFO Adding image type "Original" with custom settings: {}
2026-07-29 18:19:28,000 INFO Adding image type "Exponential" with custom settings: {}
2026-07-29 18:19:28,001 INFO Adding image type "Gradient" with custom settings: {}
2026-07-29 18:19:28,001 INFO Adding image type "LBP2D" with custom settings: {}
2026-07-29 18:19:28,001 INFO Adding image type "LBP3D" with custom settings: {}
2026-07-29 18:19:28,001 INFO Adding image type "LoG" with custom settings: {}
2026-07-29 18:19:28,001 INFO Adding image type "Logarithm" with custom settings: {}
2026-07-29 18:19:28,001 INFO Adding image type "Square" with custom settings: {}
2026-07-29 18:19:28,001 INFO Adding image type "SquareRoot" with custom settings: {}
2026-07-29 18:19:28,001 INFO Adding image type "Wavelet" with custom settings: {}
2026-07-29 18:19:28,001 INFO Calculating features for original image
2026-07-29 18:19:28,004 INFO Computing firstorder
2026-07-29 18:19:28,010 INFO Computing glcm
2026-07-29 18:19:28,014 WARNING GLCM is symmetrical, therefore Sum Average = 2 * Joint Average, only 1 needs to be calculated
2026-07-29 18:19:28,019 INFO Calculating features for exponential image
2026-07-29 18:19:28,023 INFO Computing firstorder
2026-07-29 18:19:28,029 INFO Computing glcm
2026-07-29 18:19:28,032 WARNING GLCM is symmetrical, therefore Sum Average = 2 * Joint Average, only 1 needs to be calculated
2026-07-29 18:19:28,035 INFO Calculating features for gradient image
2026-07-29 18:19:28,039 INFO Computing firstorder
2026-07-29 18:19:28,045 INFO Computing glcm
2026-07-29 18:19:28,048 WARNING GLCM is symmetrical, therefore Sum Average = 2 * Joint Average, only 1 needs to be calculated
2026-07-29 18:19:28,073 INFO Calculating features for lbp-2D image
2026-07-29 18:19:28,076 INFO Computing firstorder
2026-07-29 18:19:28,082 INFO Computing glcm
2026-07-29 18:19:28,085 WARNING GLCM is symmetrical, therefore Sum Average = 2 * Joint Average, only 1 needs to be calculated
2026-07-29 18:19:28,086 WARNING LBP 3D only available for 3 dimensional images, found 2 dimensions
2026-07-29 18:19:28,094 INFO Calculating features for logarithm image
2026-07-29 18:19:28,098 INFO Computing firstorder
2026-07-29 18:19:28,104 INFO Computing glcm
2026-07-29 18:19:28,108 WARNING GLCM is symmetrical, therefore Sum Average = 2 * Joint Average, only 1 needs to be calculated
2026-07-29 18:19:28,114 INFO Calculating features for square image
2026-07-29 18:19:28,118 INFO Computing firstorder
2026-07-29 18:19:28,125 INFO Computing glcm
2026-07-29 18:19:28,129 WARNING GLCM is symmetrical, therefore Sum Average = 2 * Joint Average, only 1 needs to be calculated
2026-07-29 18:19:28,135 INFO Calculating features for squareroot image
2026-07-29 18:19:28,139 INFO Computing firstorder
2026-07-29 18:19:28,145 INFO Computing glcm
2026-07-29 18:19:28,149 WARNING GLCM is symmetrical, therefore Sum Average = 2 * Joint Average, only 1 needs to be calculated
2026-07-29 18:19:28,158 INFO Computing Wavelet H
2026-07-29 18:19:28,158 INFO Calculating features for wavelet-H image
2026-07-29 18:19:28,162 INFO Computing firstorder
2026-07-29 18:19:28,169 INFO Computing glcm
2026-07-29 18:19:28,173 WARNING GLCM is symmetrical, therefore Sum Average = 2 * Joint Average, only 1 needs to be calculated
2026-07-29 18:19:28,173 INFO Calculating features for wavelet-L image
2026-07-29 18:19:28,176 INFO Computing firstorder
2026-07-29 18:19:28,182 INFO Computing glcm
2026-07-29 18:19:28,187 WARNING GLCM is symmetrical, therefore Sum Average = 2 * Joint Average, only 1 needs to be calculated
2026-07-29 18:19:28,223 INFO Calculating features with label: 1
2026-07-29 18:19:28,223 INFO Loading image and mask
2026-07-29 18:19:28,260 INFO Computing shape2D
2026-07-29 18:19:28,261 INFO Adding image type "Original" with custom settings: {}
2026-07-29 18:19:28,261 INFO Adding image type "Exponential" with custom settings: {}
2026-07-29 18:19:28,261 INFO Adding image type "Gradient" with custom settings: {}
2026-07-29 18:19:28,261 INFO Adding image type "LBP2D" with custom settings: {}
2026-07-29 18:19:28,261 INFO Adding image type "LBP3D" with custom settings: {}
2026-07-29 18:19:28,261 INFO Adding image type "LoG" with custom settings: {}
2026-07-29 18:19:28,261 INFO Adding image type "Logarithm" with custom settings: {}
2026-07-29 18:19:28,261 INFO Adding image type "Square" with custom settings: {}
2026-07-29 18:19:28,261 INFO Adding image type "SquareRoot" with custom settings: {}
2026-07-29 18:19:28,261 INFO Adding image type "Wavelet" with custom settings: {}
2026-07-29 18:19:28,261 INFO Calculating features for original image
2026-07-29 18:19:28,264 INFO Computing firstorder
2026-07-29 18:19:28,266 INFO Computing glcm
2026-07-29 18:19:28,268 WARNING GLCM is symmetrical, therefore Sum Average = 2 * Joint Average, only 1 needs to be calculated
2026-07-29 18:19:28,274 INFO Calculating features for exponential image
2026-07-29 18:19:28,277 INFO Computing firstorder
2026-07-29 18:19:28,279 INFO Computing glcm
2026-07-29 18:19:28,280 WARNING GLCM is symmetrical, therefore Sum Average = 2 * Joint Average, only 1 needs to be calculated
2026-07-29 18:19:28,283 INFO Calculating features for gradient image
2026-07-29 18:19:28,286 INFO Computing firstorder
2026-07-29 18:19:28,288 INFO Computing glcm
2026-07-29 18:19:28,290 WARNING GLCM is symmetrical, therefore Sum Average = 2 * Joint Average, only 1 needs to be calculated
2026-07-29 18:19:28,313 INFO Calculating features for lbp-2D image
2026-07-29 18:19:28,317 INFO Computing firstorder
2026-07-29 18:19:28,319 INFO Computing glcm
2026-07-29 18:19:28,320 WARNING GLCM is symmetrical, therefore Sum Average = 2 * Joint Average, only 1 needs to be calculated
2026-07-29 18:19:28,321 WARNING LBP 3D only available for 3 dimensional images, found 2 dimensions
2026-07-29 18:19:28,328 INFO Calculating features for logarithm image
2026-07-29 18:19:28,332 INFO Computing firstorder
2026-07-29 18:19:28,334 INFO Computing glcm
2026-07-29 18:19:28,336 WARNING GLCM is symmetrical, therefore Sum Average = 2 * Joint Average, only 1 needs to be calculated
2026-07-29 18:19:28,340 INFO Calculating features for square image
2026-07-29 18:19:28,344 INFO Computing firstorder
2026-07-29 18:19:28,346 INFO Computing glcm
2026-07-29 18:19:28,347 WARNING GLCM is symmetrical, therefore Sum Average = 2 * Joint Average, only 1 needs to be calculated
2026-07-29 18:19:28,354 INFO Calculating features for squareroot image
2026-07-29 18:19:28,356 INFO Computing firstorder
2026-07-29 18:19:28,359 INFO Computing glcm
2026-07-29 18:19:28,361 WARNING GLCM is symmetrical, therefore Sum Average = 2 * Joint Average, only 1 needs to be calculated
2026-07-29 18:19:28,370 INFO Computing Wavelet H
2026-07-29 18:19:28,370 INFO Calculating features for wavelet-H image
2026-07-29 18:19:28,373 INFO Computing firstorder
2026-07-29 18:19:28,375 INFO Computing glcm
2026-07-29 18:19:28,377 WARNING GLCM is symmetrical, therefore Sum Average = 2 * Joint Average, only 1 needs to be calculated
2026-07-29 18:19:28,377 INFO Calculating features for wavelet-L image
2026-07-29 18:19:28,380 INFO Computing firstorder
2026-07-29 18:19:28,382 INFO Computing glcm
2026-07-29 18:19:28,385 WARNING GLCM is symmetrical, therefore Sum Average = 2 * Joint Average, only 1 needs to be calculated
2026-07-29 18:19:28,418 INFO Calculating features with label: 1
2026-07-29 18:19:28,418 INFO Loading image and mask
2026-07-29 18:19:28,453 INFO Computing shape2D
2026-07-29 18:19:28,454 INFO Adding image type "Original" with custom settings: {}
2026-07-29 18:19:28,454 INFO Adding image type "Exponential" with custom settings: {}
2026-07-29 18:19:28,454 INFO Adding image type "Gradient" with custom settings: {}
2026-07-29 18:19:28,454 INFO Adding image type "LBP2D" with custom settings: {}
2026-07-29 18:19:28,454 INFO Adding image type "LBP3D" with custom settings: {}
2026-07-29 18:19:28,454 INFO Adding image type "LoG" with custom settings: {}
2026-07-29 18:19:28,454 INFO Adding image type "Logarithm" with custom settings: {}
2026-07-29 18:19:28,455 INFO Adding image type "Square" with custom settings: {}
2026-07-29 18:19:28,455 INFO Adding image type "SquareRoot" with custom settings: {}
2026-07-29 18:19:28,455 INFO Adding image type "Wavelet" with custom settings: {}
2026-07-29 18:19:28,455 INFO Calculating features for original image
2026-07-29 18:19:28,457 INFO Computing firstorder
2026-07-29 18:19:28,459 INFO Computing glcm
2026-07-29 18:19:28,461 WARNING GLCM is symmetrical, therefore Sum Average = 2 * Joint Average, only 1 needs to be calculated
2026-07-29 18:19:28,466 INFO Calculating features for exponential image
2026-07-29 18:19:28,469 INFO Computing firstorder
2026-07-29 18:19:28,472 INFO Computing glcm
2026-07-29 18:19:28,474 WARNING GLCM is symmetrical, therefore Sum Average = 2 * Joint Average, only 1 needs to be calculated
2026-07-29 18:19:28,476 INFO Calculating features for gradient image
2026-07-29 18:19:28,478 INFO Computing firstorder
2026-07-29 18:19:28,481 INFO Computing glcm
2026-07-29 18:19:28,482 WARNING GLCM is symmetrical, therefore Sum Average = 2 * Joint Average, only 1 needs to be calculated
2026-07-29 18:19:28,506 INFO Calculating features for lbp-2D image
2026-07-29 18:19:28,510 INFO Computing firstorder
2026-07-29 18:19:28,512 INFO Computing glcm
2026-07-29 18:19:28,514 WARNING GLCM is symmetrical, therefore Sum Average = 2 * Joint Average, only 1 needs to be calculated
2026-07-29 18:19:28,514 WARNING LBP 3D only available for 3 dimensional images, found 2 dimensions
2026-07-29 18:19:28,522 INFO Calculating features for logarithm image
2026-07-29 18:19:28,525 INFO Computing firstorder
2026-07-29 18:19:28,527 INFO Computing glcm
2026-07-29 18:19:28,529 WARNING GLCM is symmetrical, therefore Sum Average = 2 * Joint Average, only 1 needs to be calculated
2026-07-29 18:19:28,535 INFO Calculating features for square image
2026-07-29 18:19:28,538 INFO Computing firstorder
2026-07-29 18:19:28,541 INFO Computing glcm
2026-07-29 18:19:28,543 WARNING GLCM is symmetrical, therefore Sum Average = 2 * Joint Average, only 1 needs to be calculated
2026-07-29 18:19:28,552 INFO Calculating features for squareroot image
2026-07-29 18:19:28,555 INFO Computing firstorder
2026-07-29 18:19:28,557 INFO Computing glcm
2026-07-29 18:19:28,559 WARNING GLCM is symmetrical, therefore Sum Average = 2 * Joint Average, only 1 needs to be calculated
2026-07-29 18:19:28,567 INFO Computing Wavelet H
2026-07-29 18:19:28,567 INFO Calculating features for wavelet-H image
2026-07-29 18:19:28,570 INFO Computing firstorder
2026-07-29 18:19:28,573 INFO Computing glcm
2026-07-29 18:19:28,575 WARNING GLCM is symmetrical, therefore Sum Average = 2 * Joint Average, only 1 needs to be calculated
2026-07-29 18:19:28,575 INFO Calculating features for wavelet-L image
2026-07-29 18:19:28,578 INFO Computing firstorder
2026-07-29 18:19:28,581 INFO Computing glcm
2026-07-29 18:19:28,583 WARNING GLCM is symmetrical, therefore Sum Average = 2 * Joint Average, only 1 needs to be calculated
2026-07-29 18:19:28,618 INFO Calculating features with label: 1
2026-07-29 18:19:28,618 INFO Loading image and mask
2026-07-29 18:19:28,654 INFO Computing shape2D
2026-07-29 18:19:28,655 INFO Adding image type "Original" with custom settings: {}
2026-07-29 18:19:28,655 INFO Adding image type "Exponential" with custom settings: {}
2026-07-29 18:19:28,655 INFO Adding image type "Gradient" with custom settings: {}
2026-07-29 18:19:28,655 INFO Adding image type "LBP2D" with custom settings: {}
2026-07-29 18:19:28,655 INFO Adding image type "LBP3D" with custom settings: {}
2026-07-29 18:19:28,655 INFO Adding image type "LoG" with custom settings: {}
2026-07-29 18:19:28,655 INFO Adding image type "Logarithm" with custom settings: {}
2026-07-29 18:19:28,655 INFO Adding image type "Square" with custom settings: {}
2026-07-29 18:19:28,655 INFO Adding image type "SquareRoot" with custom settings: {}
2026-07-29 18:19:28,655 INFO Adding image type "Wavelet" with custom settings: {}
2026-07-29 18:19:28,655 INFO Calculating features for original image
2026-07-29 18:19:28,657 INFO Computing firstorder
2026-07-29 18:19:28,659 INFO Computing glcm
2026-07-29 18:19:28,660 WARNING GLCM is symmetrical, therefore Sum Average = 2 * Joint Average, only 1 needs to be calculated
2026-07-29 18:19:28,666 INFO Calculating features for exponential image
2026-07-29 18:19:28,669 INFO Computing firstorder
2026-07-29 18:19:28,670 INFO Computing glcm
2026-07-29 18:19:28,671 WARNING GLCM is symmetrical, therefore Sum Average = 2 * Joint Average, only 1 needs to be calculated
2026-07-29 18:19:28,674 INFO Calculating features for gradient image
2026-07-29 18:19:28,677 INFO Computing firstorder
2026-07-29 18:19:28,679 INFO Computing glcm
2026-07-29 18:19:28,680 WARNING GLCM is symmetrical, therefore Sum Average = 2 * Joint Average, only 1 needs to be calculated
2026-07-29 18:19:28,707 INFO Calculating features for lbp-2D image
2026-07-29 18:19:28,710 INFO Computing firstorder
2026-07-29 18:19:28,712 INFO Computing glcm
2026-07-29 18:19:28,713 WARNING GLCM is symmetrical, therefore Sum Average = 2 * Joint Average, only 1 needs to be calculated
2026-07-29 18:19:28,713 WARNING LBP 3D only available for 3 dimensional images, found 2 dimensions
2026-07-29 18:19:28,721 INFO Calculating features for logarithm image
2026-07-29 18:19:28,725 INFO Computing firstorder
2026-07-29 18:19:28,726 INFO Computing glcm
2026-07-29 18:19:28,728 WARNING GLCM is symmetrical, therefore Sum Average = 2 * Joint Average, only 1 needs to be calculated
2026-07-29 18:19:28,732 INFO Calculating features for square image
2026-07-29 18:19:28,736 INFO Computing firstorder
2026-07-29 18:19:28,738 INFO Computing glcm
2026-07-29 18:19:28,739 WARNING GLCM is symmetrical, therefore Sum Average = 2 * Joint Average, only 1 needs to be calculated
2026-07-29 18:19:28,745 INFO Calculating features for squareroot image
2026-07-29 18:19:28,748 INFO Computing firstorder
2026-07-29 18:19:28,749 INFO Computing glcm
2026-07-29 18:19:28,751 WARNING GLCM is symmetrical, therefore Sum Average = 2 * Joint Average, only 1 needs to be calculated
2026-07-29 18:19:28,759 INFO Computing Wavelet H
2026-07-29 18:19:28,759 INFO Calculating features for wavelet-H image
2026-07-29 18:19:28,762 INFO Computing firstorder
2026-07-29 18:19:28,764 INFO Computing glcm
2026-07-29 18:19:28,765 WARNING GLCM is symmetrical, therefore Sum Average = 2 * Joint Average, only 1 needs to be calculated
2026-07-29 18:19:28,765 INFO Calculating features for wavelet-L image
2026-07-29 18:19:28,768 INFO Computing firstorder
2026-07-29 18:19:28,770 INFO Computing glcm
2026-07-29 18:19:28,771 WARNING GLCM is symmetrical, therefore Sum Average = 2 * Joint Average, only 1 needs to be calculated
2026-07-29 18:19:28,806 INFO Calculating features with label: 1
2026-07-29 18:19:28,806 INFO Loading image and mask
2026-07-29 18:19:28,844 INFO Computing shape2D
2026-07-29 18:19:28,846 INFO Adding image type "Original" with custom settings: {}
2026-07-29 18:19:28,846 INFO Adding image type "Exponential" with custom settings: {}
2026-07-29 18:19:28,846 INFO Adding image type "Gradient" with custom settings: {}
2026-07-29 18:19:28,846 INFO Adding image type "LBP2D" with custom settings: {}
2026-07-29 18:19:28,846 INFO Adding image type "LBP3D" with custom settings: {}
2026-07-29 18:19:28,846 INFO Adding image type "LoG" with custom settings: {}
2026-07-29 18:19:28,846 INFO Adding image type "Logarithm" with custom settings: {}
2026-07-29 18:19:28,846 INFO Adding image type "Square" with custom settings: {}
2026-07-29 18:19:28,846 INFO Adding image type "SquareRoot" with custom settings: {}
2026-07-29 18:19:28,846 INFO Adding image type "Wavelet" with custom settings: {}
2026-07-29 18:19:28,846 INFO Calculating features for original image
2026-07-29 18:19:28,848 INFO Computing firstorder
2026-07-29 18:19:28,854 INFO Computing glcm
2026-07-29 18:19:28,857 WARNING GLCM is symmetrical, therefore Sum Average = 2 * Joint Average, only 1 needs to be calculated
2026-07-29 18:19:28,863 INFO Calculating features for exponential image
2026-07-29 18:19:28,865 INFO Computing firstorder
2026-07-29 18:19:28,870 INFO Computing glcm
2026-07-29 18:19:28,873 WARNING GLCM is symmetrical, therefore Sum Average = 2 * Joint Average, only 1 needs to be calculated
2026-07-29 18:19:28,875 INFO Calculating features for gradient image
2026-07-29 18:19:28,878 INFO Computing firstorder
2026-07-29 18:19:28,883 INFO Computing glcm
2026-07-29 18:19:28,885 WARNING GLCM is symmetrical, therefore Sum Average = 2 * Joint Average, only 1 needs to be calculated
2026-07-29 18:19:28,909 INFO Calculating features for lbp-2D image
2026-07-29 18:19:28,913 INFO Computing firstorder
2026-07-29 18:19:28,917 INFO Computing glcm
2026-07-29 18:19:28,920 WARNING GLCM is symmetrical, therefore Sum Average = 2 * Joint Average, only 1 needs to be calculated
2026-07-29 18:19:28,921 WARNING LBP 3D only available for 3 dimensional images, found 2 dimensions
2026-07-29 18:19:28,927 INFO Calculating features for logarithm image
2026-07-29 18:19:28,931 INFO Computing firstorder
2026-07-29 18:19:28,936 INFO Computing glcm
2026-07-29 18:19:28,939 WARNING GLCM is symmetrical, therefore Sum Average = 2 * Joint Average, only 1 needs to be calculated
2026-07-29 18:19:28,944 INFO Calculating features for square image
2026-07-29 18:19:28,947 INFO Computing firstorder
2026-07-29 18:19:28,952 INFO Computing glcm
2026-07-29 18:19:28,955 WARNING GLCM is symmetrical, therefore Sum Average = 2 * Joint Average, only 1 needs to be calculated
2026-07-29 18:19:28,961 INFO Calculating features for squareroot image
2026-07-29 18:19:28,965 INFO Computing firstorder
2026-07-29 18:19:28,972 INFO Computing glcm
2026-07-29 18:19:28,976 WARNING GLCM is symmetrical, therefore Sum Average = 2 * Joint Average, only 1 needs to be calculated
2026-07-29 18:19:28,984 INFO Computing Wavelet H
2026-07-29 18:19:28,984 INFO Calculating features for wavelet-H image
2026-07-29 18:19:28,987 INFO Computing firstorder
2026-07-29 18:19:28,993 INFO Computing glcm
2026-07-29 18:19:28,995 WARNING GLCM is symmetrical, therefore Sum Average = 2 * Joint Average, only 1 needs to be calculated
2026-07-29 18:19:28,996 INFO Calculating features for wavelet-L image
2026-07-29 18:19:28,999 INFO Computing firstorder
2026-07-29 18:19:29,004 INFO Computing glcm
2026-07-29 18:19:29,008 WARNING GLCM is symmetrical, therefore Sum Average = 2 * Joint Average, only 1 needs to be calculated
2026-07-29 18:19:29,044 INFO Calculating features with label: 1
2026-07-29 18:19:29,044 INFO Loading image and mask
2026-07-29 18:19:29,048 ERROR s0175
Traceback (most recent call last):
  File "C:\Users\kanishk\OneDrive\Desktop\infant\Corpus_Callosum\radiomic_feature_extraction.py", line 392, in main
    feature_row = process_subject(
                  ^^^^^^^^^^^^^^^^
  File "C:\Users\kanishk\OneDrive\Desktop\infant\Corpus_Callosum\radiomic_feature_extraction.py", line 284, in process_subject
    feature_dict = extract_features(
                   ^^^^^^^^^^^^^^^^^
  File "C:\Users\kanishk\OneDrive\Desktop\infant\Corpus_Callosum\radiomic_feature_extraction.py", line 236, in extract_features
    feature_vector = extractor.execute(
                     ^^^^^^^^^^^^^^^^^^
  File "C:\Users\kanishk\AppData\Roaming\Python\Python311\site-packages\radiomics\featureextractor.py", line 272, in execute
    image, mask = self.loadImage(imageFilepath, maskFilepath, generalInfo, **_settings)
                  ^^^^^^^^^^^^^^^^^^^^^^^^^^^^^^^^^^^^^^^^^^^^^^^^^^^^^^^^^^^^^^^^^^^^^
  File "C:\Users\kanishk\AppData\Roaming\Python\Python311\site-packages\radiomics\featureextractor.py", line 385, in loadImage
    mask = imageoperations.getMask(mask, **kwargs)
           ^^^^^^^^^^^^^^^^^^^^^^^^^^^^^^^^^^^^^^^
  File "C:\Users\kanishk\AppData\Roaming\Python\Python311\site-packages\radiomics\imageoperations.py", line 49, in getMask
    raise ValueError('No labels found in this mask (i.e. nothing is segmented)!')
ValueError: No labels found in this mask (i.e. nothing is segmented)!
2026-07-29 18:19:29,086 INFO Calculating features with label: 1
2026-07-29 18:19:29,086 INFO Loading image and mask
2026-07-29 18:19:29,125 INFO Computing shape2D
2026-07-29 18:19:29,126 INFO Adding image type "Original" with custom settings: {}
2026-07-29 18:19:29,126 INFO Adding image type "Exponential" with custom settings: {}
2026-07-29 18:19:29,126 INFO Adding image type "Gradient" with custom settings: {}
2026-07-29 18:19:29,126 INFO Adding image type "LBP2D" with custom settings: {}
2026-07-29 18:19:29,126 INFO Adding image type "LBP3D" with custom settings: {}
2026-07-29 18:19:29,126 INFO Adding image type "LoG" with custom settings: {}
2026-07-29 18:19:29,126 INFO Adding image type "Logarithm" with custom settings: {}
2026-07-29 18:19:29,126 INFO Adding image type "Square" with custom settings: {}
2026-07-29 18:19:29,126 INFO Adding image type "SquareRoot" with custom settings: {}
2026-07-29 18:19:29,127 INFO Adding image type "Wavelet" with custom settings: {}
2026-07-29 18:19:29,127 INFO Calculating features for original image
2026-07-29 18:19:29,129 INFO Computing firstorder
2026-07-29 18:19:29,131 INFO Computing glcm
2026-07-29 18:19:29,133 WARNING GLCM is symmetrical, therefore Sum Average = 2 * Joint Average, only 1 needs to be calculated
2026-07-29 18:19:29,138 INFO Calculating features for exponential image
2026-07-29 18:19:29,141 INFO Computing firstorder
2026-07-29 18:19:29,143 INFO Computing glcm
2026-07-29 18:19:29,144 WARNING GLCM is symmetrical, therefore Sum Average = 2 * Joint Average, only 1 needs to be calculated
2026-07-29 18:19:29,147 INFO Calculating features for gradient image
2026-07-29 18:19:29,149 INFO Computing firstorder
2026-07-29 18:19:29,151 INFO Computing glcm
2026-07-29 18:19:29,152 WARNING GLCM is symmetrical, therefore Sum Average = 2 * Joint Average, only 1 needs to be calculated
2026-07-29 18:19:29,176 INFO Calculating features for lbp-2D image
2026-07-29 18:19:29,180 INFO Computing firstorder
2026-07-29 18:19:29,182 INFO Computing glcm
2026-07-29 18:19:29,183 WARNING GLCM is symmetrical, therefore Sum Average = 2 * Joint Average, only 1 needs to be calculated
2026-07-29 18:19:29,184 WARNING LBP 3D only available for 3 dimensional images, found 2 dimensions
2026-07-29 18:19:29,192 INFO Calculating features for logarithm image
2026-07-29 18:19:29,195 INFO Computing firstorder
2026-07-29 18:19:29,197 INFO Computing glcm
2026-07-29 18:19:29,199 WARNING GLCM is symmetrical, therefore Sum Average = 2 * Joint Average, only 1 needs to be calculated
2026-07-29 18:19:29,204 INFO Calculating features for square image
2026-07-29 18:19:29,207 INFO Computing firstorder
2026-07-29 18:19:29,209 INFO Computing glcm
2026-07-29 18:19:29,211 WARNING GLCM is symmetrical, therefore Sum Average = 2 * Joint Average, only 1 needs to be calculated
2026-07-29 18:19:29,216 INFO Calculating features for squareroot image
2026-07-29 18:19:29,219 INFO Computing firstorder
2026-07-29 18:19:29,222 INFO Computing glcm
2026-07-29 18:19:29,224 WARNING GLCM is symmetrical, therefore Sum Average = 2 * Joint Average, only 1 needs to be calculated
2026-07-29 18:19:29,232 INFO Computing Wavelet H
2026-07-29 18:19:29,232 INFO Calculating features for wavelet-H image
2026-07-29 18:19:29,235 INFO Computing firstorder
2026-07-29 18:19:29,237 INFO Computing glcm
2026-07-29 18:19:29,238 WARNING GLCM is symmetrical, therefore Sum Average = 2 * Joint Average, only 1 needs to be calculated
2026-07-29 18:19:29,239 INFO Calculating features for wavelet-L image
2026-07-29 18:19:29,242 INFO Computing firstorder
2026-07-29 18:19:29,244 INFO Computing glcm
2026-07-29 18:19:29,246 WARNING GLCM is symmetrical, therefore Sum Average = 2 * Joint Average, only 1 needs to be calculated
2026-07-29 18:19:29,283 INFO Calculating features with label: 1
2026-07-29 18:19:29,283 INFO Loading image and mask
2026-07-29 18:19:29,319 INFO Computing shape2D
2026-07-29 18:19:29,319 INFO Adding image type "Original" with custom settings: {}
2026-07-29 18:19:29,319 INFO Adding image type "Exponential" with custom settings: {}
2026-07-29 18:19:29,320 INFO Adding image type "Gradient" with custom settings: {}
2026-07-29 18:19:29,320 INFO Adding image type "LBP2D" with custom settings: {}
2026-07-29 18:19:29,320 INFO Adding image type "LBP3D" with custom settings: {}
2026-07-29 18:19:29,320 INFO Adding image type "LoG" with custom settings: {}
2026-07-29 18:19:29,320 INFO Adding image type "Logarithm" with custom settings: {}
2026-07-29 18:19:29,320 INFO Adding image type "Square" with custom settings: {}
2026-07-29 18:19:29,320 INFO Adding image type "SquareRoot" with custom settings: {}
2026-07-29 18:19:29,320 INFO Adding image type "Wavelet" with custom settings: {}
2026-07-29 18:19:29,320 INFO Calculating features for original image
2026-07-29 18:19:29,321 INFO Computing firstorder
2026-07-29 18:19:29,323 INFO Computing glcm
2026-07-29 18:19:29,324 WARNING GLCM is symmetrical, therefore Sum Average = 2 * Joint Average, only 1 needs to be calculated
2026-07-29 18:19:29,329 INFO Calculating features for exponential image
2026-07-29 18:19:29,332 INFO Computing firstorder
2026-07-29 18:19:29,333 INFO Computing glcm
2026-07-29 18:19:29,334 WARNING GLCM is symmetrical, therefore Sum Average = 2 * Joint Average, only 1 needs to be calculated
2026-07-29 18:19:29,337 INFO Calculating features for gradient image
2026-07-29 18:19:29,340 INFO Computing firstorder
2026-07-29 18:19:29,342 INFO Computing glcm
2026-07-29 18:19:29,344 WARNING GLCM is symmetrical, therefore Sum Average = 2 * Joint Average, only 1 needs to be calculated
2026-07-29 18:19:29,367 INFO Calculating features for lbp-2D image
2026-07-29 18:19:29,370 INFO Computing firstorder
2026-07-29 18:19:29,372 INFO Computing glcm
2026-07-29 18:19:29,373 WARNING GLCM is symmetrical, therefore Sum Average = 2 * Joint Average, only 1 needs to be calculated
2026-07-29 18:19:29,373 WARNING LBP 3D only available for 3 dimensional images, found 2 dimensions
2026-07-29 18:19:29,381 INFO Calculating features for logarithm image
2026-07-29 18:19:29,384 INFO Computing firstorder
2026-07-29 18:19:29,385 INFO Computing glcm
2026-07-29 18:19:29,387 WARNING GLCM is symmetrical, therefore Sum Average = 2 * Joint Average, only 1 needs to be calculated
2026-07-29 18:19:29,391 INFO Calculating features for square image
2026-07-29 18:19:29,394 INFO Computing firstorder
2026-07-29 18:19:29,396 INFO Computing glcm
2026-07-29 18:19:29,397 WARNING GLCM is symmetrical, therefore Sum Average = 2 * Joint Average, only 1 needs to be calculated
2026-07-29 18:19:29,404 INFO Calculating features for squareroot image
2026-07-29 18:19:29,407 INFO Computing firstorder
2026-07-29 18:19:29,409 INFO Computing glcm
2026-07-29 18:19:29,411 WARNING GLCM is symmetrical, therefore Sum Average = 2 * Joint Average, only 1 needs to be calculated
2026-07-29 18:19:29,419 INFO Computing Wavelet H
2026-07-29 18:19:29,419 INFO Calculating features for wavelet-H image
2026-07-29 18:19:29,423 INFO Computing firstorder
2026-07-29 18:19:29,424 INFO Computing glcm
2026-07-29 18:19:29,425 WARNING GLCM is symmetrical, therefore Sum Average = 2 * Joint Average, only 1 needs to be calculated
2026-07-29 18:19:29,426 INFO Calculating features for wavelet-L image
2026-07-29 18:19:29,428 INFO Computing firstorder
2026-07-29 18:19:29,430 INFO Computing glcm
2026-07-29 18:19:29,431 WARNING GLCM is symmetrical, therefore Sum Average = 2 * Joint Average, only 1 needs to be calculated
2026-07-29 18:19:29,466 INFO Calculating features with label: 1
2026-07-29 18:19:29,466 INFO Loading image and mask
2026-07-29 18:19:29,470 ERROR s0178
Traceback (most recent call last):
  File "C:\Users\kanishk\OneDrive\Desktop\infant\Corpus_Callosum\radiomic_feature_extraction.py", line 392, in main
    feature_row = process_subject(
                  ^^^^^^^^^^^^^^^^
  File "C:\Users\kanishk\OneDrive\Desktop\infant\Corpus_Callosum\radiomic_feature_extraction.py", line 284, in process_subject
    feature_dict = extract_features(
                   ^^^^^^^^^^^^^^^^^
  File "C:\Users\kanishk\OneDrive\Desktop\infant\Corpus_Callosum\radiomic_feature_extraction.py", line 236, in extract_features
    feature_vector = extractor.execute(
                     ^^^^^^^^^^^^^^^^^^
  File "C:\Users\kanishk\AppData\Roaming\Python\Python311\site-packages\radiomics\featureextractor.py", line 272, in execute
    image, mask = self.loadImage(imageFilepath, maskFilepath, generalInfo, **_settings)
                  ^^^^^^^^^^^^^^^^^^^^^^^^^^^^^^^^^^^^^^^^^^^^^^^^^^^^^^^^^^^^^^^^^^^^^
  File "C:\Users\kanishk\AppData\Roaming\Python\Python311\site-packages\radiomics\featureextractor.py", line 385, in loadImage
    mask = imageoperations.getMask(mask, **kwargs)
           ^^^^^^^^^^^^^^^^^^^^^^^^^^^^^^^^^^^^^^^
  File "C:\Users\kanishk\AppData\Roaming\Python\Python311\site-packages\radiomics\imageoperations.py", line 49, in getMask
    raise ValueError('No labels found in this mask (i.e. nothing is segmented)!')
ValueError: No labels found in this mask (i.e. nothing is segmented)!
2026-07-29 18:19:29,505 INFO Calculating features with label: 1
2026-07-29 18:19:29,505 INFO Loading image and mask
2026-07-29 18:19:29,544 INFO Computing shape2D
2026-07-29 18:19:29,546 INFO Adding image type "Original" with custom settings: {}
2026-07-29 18:19:29,546 INFO Adding image type "Exponential" with custom settings: {}
2026-07-29 18:19:29,546 INFO Adding image type "Gradient" with custom settings: {}
2026-07-29 18:19:29,546 INFO Adding image type "LBP2D" with custom settings: {}
2026-07-29 18:19:29,546 INFO Adding image type "LBP3D" with custom settings: {}
2026-07-29 18:19:29,546 INFO Adding image type "LoG" with custom settings: {}
2026-07-29 18:19:29,546 INFO Adding image type "Logarithm" with custom settings: {}
2026-07-29 18:19:29,546 INFO Adding image type "Square" with custom settings: {}
2026-07-29 18:19:29,546 INFO Adding image type "SquareRoot" with custom settings: {}
2026-07-29 18:19:29,546 INFO Adding image type "Wavelet" with custom settings: {}
2026-07-29 18:19:29,546 INFO Calculating features for original image
2026-07-29 18:19:29,549 INFO Computing firstorder
2026-07-29 18:19:29,554 INFO Computing glcm
2026-07-29 18:19:29,557 WARNING GLCM is symmetrical, therefore Sum Average = 2 * Joint Average, only 1 needs to be calculated
2026-07-29 18:19:29,567 INFO Calculating features for exponential image
2026-07-29 18:19:29,575 INFO Computing firstorder
2026-07-29 18:19:29,583 INFO Computing glcm
2026-07-29 18:19:29,587 WARNING GLCM is symmetrical, therefore Sum Average = 2 * Joint Average, only 1 needs to be calculated
2026-07-29 18:19:29,591 INFO Calculating features for gradient image
2026-07-29 18:19:29,594 INFO Computing firstorder
2026-07-29 18:19:29,600 INFO Computing glcm
2026-07-29 18:19:29,604 WARNING GLCM is symmetrical, therefore Sum Average = 2 * Joint Average, only 1 needs to be calculated
2026-07-29 18:19:29,628 INFO Calculating features for lbp-2D image
2026-07-29 18:19:29,631 INFO Computing firstorder
2026-07-29 18:19:29,636 INFO Computing glcm
2026-07-29 18:19:29,639 WARNING GLCM is symmetrical, therefore Sum Average = 2 * Joint Average, only 1 needs to be calculated
2026-07-29 18:19:29,640 WARNING LBP 3D only available for 3 dimensional images, found 2 dimensions
2026-07-29 18:19:29,647 INFO Calculating features for logarithm image
2026-07-29 18:19:29,651 INFO Computing firstorder
2026-07-29 18:19:29,656 INFO Computing glcm
2026-07-29 18:19:29,660 WARNING GLCM is symmetrical, therefore Sum Average = 2 * Joint Average, only 1 needs to be calculated
2026-07-29 18:19:29,665 INFO Calculating features for square image
2026-07-29 18:19:29,668 INFO Computing firstorder
2026-07-29 18:19:29,673 INFO Computing glcm
2026-07-29 18:19:29,676 WARNING GLCM is symmetrical, therefore Sum Average = 2 * Joint Average, only 1 needs to be calculated
2026-07-29 18:19:29,682 INFO Calculating features for squareroot image
2026-07-29 18:19:29,687 INFO Computing firstorder
2026-07-29 18:19:29,692 INFO Computing glcm
2026-07-29 18:19:29,696 WARNING GLCM is symmetrical, therefore Sum Average = 2 * Joint Average, only 1 needs to be calculated
2026-07-29 18:19:29,705 INFO Computing Wavelet H
2026-07-29 18:19:29,705 INFO Calculating features for wavelet-H image
2026-07-29 18:19:29,709 INFO Computing firstorder
2026-07-29 18:19:29,715 INFO Computing glcm
2026-07-29 18:19:29,719 WARNING GLCM is symmetrical, therefore Sum Average = 2 * Joint Average, only 1 needs to be calculated
2026-07-29 18:19:29,719 INFO Calculating features for wavelet-L image
2026-07-29 18:19:29,723 INFO Computing firstorder
2026-07-29 18:19:29,728 INFO Computing glcm
2026-07-29 18:19:29,732 WARNING GLCM is symmetrical, therefore Sum Average = 2 * Joint Average, only 1 needs to be calculated
2026-07-29 18:19:29,767 INFO Calculating features with label: 1
2026-07-29 18:19:29,767 INFO Loading image and mask
2026-07-29 18:19:29,804 INFO Computing shape2D
2026-07-29 18:19:29,805 INFO Adding image type "Original" with custom settings: {}
2026-07-29 18:19:29,805 INFO Adding image type "Exponential" with custom settings: {}
2026-07-29 18:19:29,805 INFO Adding image type "Gradient" with custom settings: {}
2026-07-29 18:19:29,805 INFO Adding image type "LBP2D" with custom settings: {}
2026-07-29 18:19:29,805 INFO Adding image type "LBP3D" with custom settings: {}
2026-07-29 18:19:29,805 INFO Adding image type "LoG" with custom settings: {}
2026-07-29 18:19:29,805 INFO Adding image type "Logarithm" with custom settings: {}
2026-07-29 18:19:29,805 INFO Adding image type "Square" with custom settings: {}
2026-07-29 18:19:29,805 INFO Adding image type "SquareRoot" with custom settings: {}
2026-07-29 18:19:29,805 INFO Adding image type "Wavelet" with custom settings: {}
2026-07-29 18:19:29,805 INFO Calculating features for original image
2026-07-29 18:19:29,807 INFO Computing firstorder
2026-07-29 18:19:29,809 INFO Computing glcm
2026-07-29 18:19:29,811 WARNING GLCM is symmetrical, therefore Sum Average = 2 * Joint Average, only 1 needs to be calculated
2026-07-29 18:19:29,816 INFO Calculating features for exponential image
2026-07-29 18:19:29,819 INFO Computing firstorder
2026-07-29 18:19:29,820 INFO Computing glcm
2026-07-29 18:19:29,821 WARNING GLCM is symmetrical, therefore Sum Average = 2 * Joint Average, only 1 needs to be calculated
2026-07-29 18:19:29,824 INFO Calculating features for gradient image
2026-07-29 18:19:29,826 INFO Computing firstorder
2026-07-29 18:19:29,828 INFO Computing glcm
2026-07-29 18:19:29,829 WARNING GLCM is symmetrical, therefore Sum Average = 2 * Joint Average, only 1 needs to be calculated
2026-07-29 18:19:29,854 INFO Calculating features for lbp-2D image
2026-07-29 18:19:29,857 INFO Computing firstorder
2026-07-29 18:19:29,859 INFO Computing glcm
2026-07-29 18:19:29,860 WARNING GLCM is symmetrical, therefore Sum Average = 2 * Joint Average, only 1 needs to be calculated
2026-07-29 18:19:29,861 WARNING LBP 3D only available for 3 dimensional images, found 2 dimensions
2026-07-29 18:19:29,871 INFO Calculating features for logarithm image
2026-07-29 18:19:29,874 INFO Computing firstorder
2026-07-29 18:19:29,876 INFO Computing glcm
2026-07-29 18:19:29,878 WARNING GLCM is symmetrical, therefore Sum Average = 2 * Joint Average, only 1 needs to be calculated
2026-07-29 18:19:29,882 INFO Calculating features for square image
2026-07-29 18:19:29,886 INFO Computing firstorder
2026-07-29 18:19:29,888 INFO Computing glcm
2026-07-29 18:19:29,889 WARNING GLCM is symmetrical, therefore Sum Average = 2 * Joint Average, only 1 needs to be calculated
2026-07-29 18:19:29,895 INFO Calculating features for squareroot image
2026-07-29 18:19:29,899 INFO Computing firstorder
2026-07-29 18:19:29,900 INFO Computing glcm
2026-07-29 18:19:29,902 WARNING GLCM is symmetrical, therefore Sum Average = 2 * Joint Average, only 1 needs to be calculated
2026-07-29 18:19:29,910 INFO Computing Wavelet H
2026-07-29 18:19:29,910 INFO Calculating features for wavelet-H image
2026-07-29 18:19:29,914 INFO Computing firstorder
2026-07-29 18:19:29,915 INFO Computing glcm
2026-07-29 18:19:29,916 WARNING GLCM is symmetrical, therefore Sum Average = 2 * Joint Average, only 1 needs to be calculated
2026-07-29 18:19:29,917 INFO Calculating features for wavelet-L image
2026-07-29 18:19:29,920 INFO Computing firstorder
2026-07-29 18:19:29,921 INFO Computing glcm
2026-07-29 18:19:29,923 WARNING GLCM is symmetrical, therefore Sum Average = 2 * Joint Average, only 1 needs to be calculated
2026-07-29 18:19:29,956 INFO Calculating features with label: 1
2026-07-29 18:19:29,956 INFO Loading image and mask
2026-07-29 18:19:29,992 INFO Computing shape2D
2026-07-29 18:19:29,995 INFO Adding image type "Original" with custom settings: {}
2026-07-29 18:19:29,995 INFO Adding image type "Exponential" with custom settings: {}
2026-07-29 18:19:29,995 INFO Adding image type "Gradient" with custom settings: {}
2026-07-29 18:19:29,995 INFO Adding image type "LBP2D" with custom settings: {}
2026-07-29 18:19:29,995 INFO Adding image type "LBP3D" with custom settings: {}
2026-07-29 18:19:29,995 INFO Adding image type "LoG" with custom settings: {}
2026-07-29 18:19:29,995 INFO Adding image type "Logarithm" with custom settings: {}
2026-07-29 18:19:29,995 INFO Adding image type "Square" with custom settings: {}
2026-07-29 18:19:29,995 INFO Adding image type "SquareRoot" with custom settings: {}
2026-07-29 18:19:29,995 INFO Adding image type "Wavelet" with custom settings: {}
2026-07-29 18:19:29,995 INFO Calculating features for original image
2026-07-29 18:19:29,998 INFO Computing firstorder
2026-07-29 18:19:30,006 INFO Computing glcm
2026-07-29 18:19:30,010 WARNING GLCM is symmetrical, therefore Sum Average = 2 * Joint Average, only 1 needs to be calculated
2026-07-29 18:19:30,016 INFO Calculating features for exponential image
2026-07-29 18:19:30,020 INFO Computing firstorder
2026-07-29 18:19:30,026 INFO Computing glcm
2026-07-29 18:19:30,029 WARNING GLCM is symmetrical, therefore Sum Average = 2 * Joint Average, only 1 needs to be calculated
2026-07-29 18:19:30,032 INFO Calculating features for gradient image
2026-07-29 18:19:30,035 INFO Computing firstorder
2026-07-29 18:19:30,041 INFO Computing glcm
2026-07-29 18:19:30,044 WARNING GLCM is symmetrical, therefore Sum Average = 2 * Joint Average, only 1 needs to be calculated
2026-07-29 18:19:30,069 INFO Calculating features for lbp-2D image
2026-07-29 18:19:30,072 INFO Computing firstorder
2026-07-29 18:19:30,078 INFO Computing glcm
2026-07-29 18:19:30,081 WARNING GLCM is symmetrical, therefore Sum Average = 2 * Joint Average, only 1 needs to be calculated
2026-07-29 18:19:30,082 WARNING LBP 3D only available for 3 dimensional images, found 2 dimensions
2026-07-29 18:19:30,090 INFO Calculating features for logarithm image
2026-07-29 18:19:30,094 INFO Computing firstorder
2026-07-29 18:19:30,100 INFO Computing glcm
2026-07-29 18:19:30,104 WARNING GLCM is symmetrical, therefore Sum Average = 2 * Joint Average, only 1 needs to be calculated
2026-07-29 18:19:30,109 INFO Calculating features for square image
2026-07-29 18:19:30,113 INFO Computing firstorder
2026-07-29 18:19:30,119 INFO Computing glcm
2026-07-29 18:19:30,122 WARNING GLCM is symmetrical, therefore Sum Average = 2 * Joint Average, only 1 needs to be calculated
2026-07-29 18:19:30,128 INFO Calculating features for squareroot image
2026-07-29 18:19:30,132 INFO Computing firstorder
2026-07-29 18:19:30,140 INFO Computing glcm
2026-07-29 18:19:30,146 WARNING GLCM is symmetrical, therefore Sum Average = 2 * Joint Average, only 1 needs to be calculated
2026-07-29 18:19:30,155 INFO Computing Wavelet H
2026-07-29 18:19:30,155 INFO Calculating features for wavelet-H image
2026-07-29 18:19:30,159 INFO Computing firstorder
2026-07-29 18:19:30,166 INFO Computing glcm
2026-07-29 18:19:30,169 WARNING GLCM is symmetrical, therefore Sum Average = 2 * Joint Average, only 1 needs to be calculated
2026-07-29 18:19:30,170 INFO Calculating features for wavelet-L image
2026-07-29 18:19:30,174 INFO Computing firstorder
2026-07-29 18:19:30,180 INFO Computing glcm
2026-07-29 18:19:30,185 WARNING GLCM is symmetrical, therefore Sum Average = 2 * Joint Average, only 1 needs to be calculated
2026-07-29 18:19:30,222 INFO Calculating features with label: 1
2026-07-29 18:19:30,222 INFO Loading image and mask
2026-07-29 18:19:30,260 INFO Computing shape2D
2026-07-29 18:19:30,262 INFO Adding image type "Original" with custom settings: {}
2026-07-29 18:19:30,262 INFO Adding image type "Exponential" with custom settings: {}
2026-07-29 18:19:30,262 INFO Adding image type "Gradient" with custom settings: {}
2026-07-29 18:19:30,262 INFO Adding image type "LBP2D" with custom settings: {}
2026-07-29 18:19:30,262 INFO Adding image type "LBP3D" with custom settings: {}
2026-07-29 18:19:30,262 INFO Adding image type "LoG" with custom settings: {}
2026-07-29 18:19:30,262 INFO Adding image type "Logarithm" with custom settings: {}
2026-07-29 18:19:30,262 INFO Adding image type "Square" with custom settings: {}
2026-07-29 18:19:30,262 INFO Adding image type "SquareRoot" with custom settings: {}
2026-07-29 18:19:30,262 INFO Adding image type "Wavelet" with custom settings: {}
2026-07-29 18:19:30,262 INFO Calculating features for original image
2026-07-29 18:19:30,264 INFO Computing firstorder
2026-07-29 18:19:30,268 INFO Computing glcm
2026-07-29 18:19:30,271 WARNING GLCM is symmetrical, therefore Sum Average = 2 * Joint Average, only 1 needs to be calculated
2026-07-29 18:19:30,276 INFO Calculating features for exponential image
2026-07-29 18:19:30,279 INFO Computing firstorder
2026-07-29 18:19:30,283 INFO Computing glcm
2026-07-29 18:19:30,285 WARNING GLCM is symmetrical, therefore Sum Average = 2 * Joint Average, only 1 needs to be calculated
2026-07-29 18:19:30,288 INFO Calculating features for gradient image
2026-07-29 18:19:30,291 INFO Computing firstorder
2026-07-29 18:19:30,295 INFO Computing glcm
2026-07-29 18:19:30,297 WARNING GLCM is symmetrical, therefore Sum Average = 2 * Joint Average, only 1 needs to be calculated
2026-07-29 18:19:30,322 INFO Calculating features for lbp-2D image
2026-07-29 18:19:30,325 INFO Computing firstorder
2026-07-29 18:19:30,329 INFO Computing glcm
2026-07-29 18:19:30,331 WARNING GLCM is symmetrical, therefore Sum Average = 2 * Joint Average, only 1 needs to be calculated
2026-07-29 18:19:30,332 WARNING LBP 3D only available for 3 dimensional images, found 2 dimensions
2026-07-29 18:19:30,339 INFO Calculating features for logarithm image
2026-07-29 18:19:30,343 INFO Computing firstorder
2026-07-29 18:19:30,347 INFO Computing glcm
2026-07-29 18:19:30,349 WARNING GLCM is symmetrical, therefore Sum Average = 2 * Joint Average, only 1 needs to be calculated
2026-07-29 18:19:30,354 INFO Calculating features for square image
2026-07-29 18:19:30,358 INFO Computing firstorder
2026-07-29 18:19:30,362 INFO Computing glcm
2026-07-29 18:19:30,364 WARNING GLCM is symmetrical, therefore Sum Average = 2 * Joint Average, only 1 needs to be calculated
2026-07-29 18:19:30,370 INFO Calculating features for squareroot image
2026-07-29 18:19:30,374 INFO Computing firstorder
2026-07-29 18:19:30,377 INFO Computing glcm
2026-07-29 18:19:30,380 WARNING GLCM is symmetrical, therefore Sum Average = 2 * Joint Average, only 1 needs to be calculated
2026-07-29 18:19:30,388 INFO Computing Wavelet H
2026-07-29 18:19:30,389 INFO Calculating features for wavelet-H image
2026-07-29 18:19:30,392 INFO Computing firstorder
2026-07-29 18:19:30,396 INFO Computing glcm
2026-07-29 18:19:30,398 WARNING GLCM is symmetrical, therefore Sum Average = 2 * Joint Average, only 1 needs to be calculated
2026-07-29 18:19:30,399 INFO Calculating features for wavelet-L image
2026-07-29 18:19:30,403 INFO Computing firstorder
2026-07-29 18:19:30,407 INFO Computing glcm
2026-07-29 18:19:30,409 WARNING GLCM is symmetrical, therefore Sum Average = 2 * Joint Average, only 1 needs to be calculated
2026-07-29 18:19:30,443 INFO Calculating features with label: 1
2026-07-29 18:19:30,443 INFO Loading image and mask
2026-07-29 18:19:30,480 INFO Computing shape2D
2026-07-29 18:19:30,482 INFO Adding image type "Original" with custom settings: {}
2026-07-29 18:19:30,482 INFO Adding image type "Exponential" with custom settings: {}
2026-07-29 18:19:30,482 INFO Adding image type "Gradient" with custom settings: {}
2026-07-29 18:19:30,483 INFO Adding image type "LBP2D" with custom settings: {}
2026-07-29 18:19:30,483 INFO Adding image type "LBP3D" with custom settings: {}
2026-07-29 18:19:30,483 INFO Adding image type "LoG" with custom settings: {}
2026-07-29 18:19:30,483 INFO Adding image type "Logarithm" with custom settings: {}
2026-07-29 18:19:30,483 INFO Adding image type "Square" with custom settings: {}
2026-07-29 18:19:30,483 INFO Adding image type "SquareRoot" with custom settings: {}
2026-07-29 18:19:30,483 INFO Adding image type "Wavelet" with custom settings: {}
2026-07-29 18:19:30,483 INFO Calculating features for original image
2026-07-29 18:19:30,486 INFO Computing firstorder
2026-07-29 18:19:30,490 INFO Computing glcm
2026-07-29 18:19:30,492 WARNING GLCM is symmetrical, therefore Sum Average = 2 * Joint Average, only 1 needs to be calculated
2026-07-29 18:19:30,498 INFO Calculating features for exponential image
2026-07-29 18:19:30,502 INFO Computing firstorder
2026-07-29 18:19:30,505 INFO Computing glcm
2026-07-29 18:19:30,508 WARNING GLCM is symmetrical, therefore Sum Average = 2 * Joint Average, only 1 needs to be calculated
2026-07-29 18:19:30,510 INFO Calculating features for gradient image
2026-07-29 18:19:30,513 INFO Computing firstorder
2026-07-29 18:19:30,517 INFO Computing glcm
2026-07-29 18:19:30,519 WARNING GLCM is symmetrical, therefore Sum Average = 2 * Joint Average, only 1 needs to be calculated
2026-07-29 18:19:30,544 INFO Calculating features for lbp-2D image
2026-07-29 18:19:30,548 INFO Computing firstorder
2026-07-29 18:19:30,552 INFO Computing glcm
2026-07-29 18:19:30,554 WARNING GLCM is symmetrical, therefore Sum Average = 2 * Joint Average, only 1 needs to be calculated
2026-07-29 18:19:30,555 WARNING LBP 3D only available for 3 dimensional images, found 2 dimensions
2026-07-29 18:19:30,563 INFO Calculating features for logarithm image
2026-07-29 18:19:30,566 INFO Computing firstorder
2026-07-29 18:19:30,571 INFO Computing glcm
2026-07-29 18:19:30,575 WARNING GLCM is symmetrical, therefore Sum Average = 2 * Joint Average, only 1 needs to be calculated
2026-07-29 18:19:30,579 INFO Calculating features for square image
2026-07-29 18:19:30,582 INFO Computing firstorder
2026-07-29 18:19:30,587 INFO Computing glcm
2026-07-29 18:19:30,590 WARNING GLCM is symmetrical, therefore Sum Average = 2 * Joint Average, only 1 needs to be calculated
2026-07-29 18:19:30,596 INFO Calculating features for squareroot image
2026-07-29 18:19:30,600 INFO Computing firstorder
2026-07-29 18:19:30,604 INFO Computing glcm
2026-07-29 18:19:30,607 WARNING GLCM is symmetrical, therefore Sum Average = 2 * Joint Average, only 1 needs to be calculated
2026-07-29 18:19:30,615 INFO Computing Wavelet H
2026-07-29 18:19:30,616 INFO Calculating features for wavelet-H image
2026-07-29 18:19:30,620 INFO Computing firstorder
2026-07-29 18:19:30,624 INFO Computing glcm
2026-07-29 18:19:30,626 WARNING GLCM is symmetrical, therefore Sum Average = 2 * Joint Average, only 1 needs to be calculated
2026-07-29 18:19:30,627 INFO Calculating features for wavelet-L image
2026-07-29 18:19:30,630 INFO Computing firstorder
2026-07-29 18:19:30,634 INFO Computing glcm
2026-07-29 18:19:30,638 WARNING GLCM is symmetrical, therefore Sum Average = 2 * Joint Average, only 1 needs to be calculated
2026-07-29 18:19:30,671 INFO Calculating features with label: 1
2026-07-29 18:19:30,672 INFO Loading image and mask
2026-07-29 18:19:30,711 INFO Computing shape2D
2026-07-29 18:19:30,713 INFO Adding image type "Original" with custom settings: {}
2026-07-29 18:19:30,713 INFO Adding image type "Exponential" with custom settings: {}
2026-07-29 18:19:30,713 INFO Adding image type "Gradient" with custom settings: {}
2026-07-29 18:19:30,713 INFO Adding image type "LBP2D" with custom settings: {}
2026-07-29 18:19:30,713 INFO Adding image type "LBP3D" with custom settings: {}
2026-07-29 18:19:30,713 INFO Adding image type "LoG" with custom settings: {}
2026-07-29 18:19:30,713 INFO Adding image type "Logarithm" with custom settings: {}
2026-07-29 18:19:30,713 INFO Adding image type "Square" with custom settings: {}
2026-07-29 18:19:30,713 INFO Adding image type "SquareRoot" with custom settings: {}
2026-07-29 18:19:30,713 INFO Adding image type "Wavelet" with custom settings: {}
2026-07-29 18:19:30,713 INFO Calculating features for original image
2026-07-29 18:19:30,716 INFO Computing firstorder
2026-07-29 18:19:30,721 INFO Computing glcm
2026-07-29 18:19:30,725 WARNING GLCM is symmetrical, therefore Sum Average = 2 * Joint Average, only 1 needs to be calculated
2026-07-29 18:19:30,729 INFO Calculating features for exponential image
2026-07-29 18:19:30,733 INFO Computing firstorder
2026-07-29 18:19:30,738 INFO Computing glcm
2026-07-29 18:19:30,740 WARNING GLCM is symmetrical, therefore Sum Average = 2 * Joint Average, only 1 needs to be calculated
2026-07-29 18:19:30,742 INFO Calculating features for gradient image
2026-07-29 18:19:30,745 INFO Computing firstorder
2026-07-29 18:19:30,750 INFO Computing glcm
2026-07-29 18:19:30,752 WARNING GLCM is symmetrical, therefore Sum Average = 2 * Joint Average, only 1 needs to be calculated
2026-07-29 18:19:30,776 INFO Calculating features for lbp-2D image
2026-07-29 18:19:30,780 INFO Computing firstorder
2026-07-29 18:19:30,785 INFO Computing glcm
2026-07-29 18:19:30,788 WARNING GLCM is symmetrical, therefore Sum Average = 2 * Joint Average, only 1 needs to be calculated
2026-07-29 18:19:30,788 WARNING LBP 3D only available for 3 dimensional images, found 2 dimensions
2026-07-29 18:19:30,796 INFO Calculating features for logarithm image
2026-07-29 18:19:30,799 INFO Computing firstorder
2026-07-29 18:19:30,804 INFO Computing glcm
2026-07-29 18:19:30,807 WARNING GLCM is symmetrical, therefore Sum Average = 2 * Joint Average, only 1 needs to be calculated
2026-07-29 18:19:30,812 INFO Calculating features for square image
2026-07-29 18:19:30,816 INFO Computing firstorder
2026-07-29 18:19:30,821 INFO Computing glcm
2026-07-29 18:19:30,823 WARNING GLCM is symmetrical, therefore Sum Average = 2 * Joint Average, only 1 needs to be calculated
2026-07-29 18:19:30,828 INFO Calculating features for squareroot image
2026-07-29 18:19:30,832 INFO Computing firstorder
2026-07-29 18:19:30,837 INFO Computing glcm
2026-07-29 18:19:30,840 WARNING GLCM is symmetrical, therefore Sum Average = 2 * Joint Average, only 1 needs to be calculated
2026-07-29 18:19:30,852 INFO Computing Wavelet H
2026-07-29 18:19:30,852 INFO Calculating features for wavelet-H image
2026-07-29 18:19:30,859 INFO Computing firstorder
2026-07-29 18:19:30,868 INFO Computing glcm
2026-07-29 18:19:30,872 WARNING GLCM is symmetrical, therefore Sum Average = 2 * Joint Average, only 1 needs to be calculated
2026-07-29 18:19:30,873 INFO Calculating features for wavelet-L image
2026-07-29 18:19:30,878 INFO Computing firstorder
2026-07-29 18:19:30,882 INFO Computing glcm
2026-07-29 18:19:30,887 WARNING GLCM is symmetrical, therefore Sum Average = 2 * Joint Average, only 1 needs to be calculated
2026-07-29 18:19:30,925 INFO Calculating features with label: 1
2026-07-29 18:19:30,925 INFO Loading image and mask
2026-07-29 18:19:30,963 INFO Computing shape2D
2026-07-29 18:19:30,965 INFO Adding image type "Original" with custom settings: {}
2026-07-29 18:19:30,965 INFO Adding image type "Exponential" with custom settings: {}
2026-07-29 18:19:30,966 INFO Adding image type "Gradient" with custom settings: {}
2026-07-29 18:19:30,966 INFO Adding image type "LBP2D" with custom settings: {}
2026-07-29 18:19:30,966 INFO Adding image type "LBP3D" with custom settings: {}
2026-07-29 18:19:30,966 INFO Adding image type "LoG" with custom settings: {}
2026-07-29 18:19:30,966 INFO Adding image type "Logarithm" with custom settings: {}
2026-07-29 18:19:30,966 INFO Adding image type "Square" with custom settings: {}
2026-07-29 18:19:30,966 INFO Adding image type "SquareRoot" with custom settings: {}
2026-07-29 18:19:30,966 INFO Adding image type "Wavelet" with custom settings: {}
2026-07-29 18:19:30,966 INFO Calculating features for original image
2026-07-29 18:19:30,969 INFO Computing firstorder
2026-07-29 18:19:30,973 INFO Computing glcm
2026-07-29 18:19:30,977 WARNING GLCM is symmetrical, therefore Sum Average = 2 * Joint Average, only 1 needs to be calculated
2026-07-29 18:19:30,982 INFO Calculating features for exponential image
2026-07-29 18:19:30,986 INFO Computing firstorder
2026-07-29 18:19:30,991 INFO Computing glcm
2026-07-29 18:19:30,994 WARNING GLCM is symmetrical, therefore Sum Average = 2 * Joint Average, only 1 needs to be calculated
2026-07-29 18:19:30,997 INFO Calculating features for gradient image
2026-07-29 18:19:31,000 INFO Computing firstorder
2026-07-29 18:19:31,005 INFO Computing glcm
2026-07-29 18:19:31,008 WARNING GLCM is symmetrical, therefore Sum Average = 2 * Joint Average, only 1 needs to be calculated
2026-07-29 18:19:31,039 INFO Calculating features for lbp-2D image
2026-07-29 18:19:31,044 INFO Computing firstorder
2026-07-29 18:19:31,049 INFO Computing glcm
2026-07-29 18:19:31,052 WARNING GLCM is symmetrical, therefore Sum Average = 2 * Joint Average, only 1 needs to be calculated
2026-07-29 18:19:31,053 WARNING LBP 3D only available for 3 dimensional images, found 2 dimensions
2026-07-29 18:19:31,061 INFO Calculating features for logarithm image
2026-07-29 18:19:31,065 INFO Computing firstorder
2026-07-29 18:19:31,071 INFO Computing glcm
2026-07-29 18:19:31,074 WARNING GLCM is symmetrical, therefore Sum Average = 2 * Joint Average, only 1 needs to be calculated
2026-07-29 18:19:31,078 INFO Calculating features for square image
2026-07-29 18:19:31,082 INFO Computing firstorder
2026-07-29 18:19:31,088 INFO Computing glcm
2026-07-29 18:19:31,091 WARNING GLCM is symmetrical, therefore Sum Average = 2 * Joint Average, only 1 needs to be calculated
2026-07-29 18:19:31,097 INFO Calculating features for squareroot image
2026-07-29 18:19:31,100 INFO Computing firstorder
2026-07-29 18:19:31,106 INFO Computing glcm
2026-07-29 18:19:31,109 WARNING GLCM is symmetrical, therefore Sum Average = 2 * Joint Average, only 1 needs to be calculated
2026-07-29 18:19:31,117 INFO Computing Wavelet H
2026-07-29 18:19:31,117 INFO Calculating features for wavelet-H image
2026-07-29 18:19:31,121 INFO Computing firstorder
2026-07-29 18:19:31,126 INFO Computing glcm
2026-07-29 18:19:31,129 WARNING GLCM is symmetrical, therefore Sum Average = 2 * Joint Average, only 1 needs to be calculated
2026-07-29 18:19:31,129 INFO Calculating features for wavelet-L image
2026-07-29 18:19:31,133 INFO Computing firstorder
2026-07-29 18:19:31,138 INFO Computing glcm
2026-07-29 18:19:31,143 WARNING GLCM is symmetrical, therefore Sum Average = 2 * Joint Average, only 1 needs to be calculated
2026-07-29 18:19:31,177 INFO Calculating features with label: 1
2026-07-29 18:19:31,177 INFO Loading image and mask
2026-07-29 18:19:31,213 INFO Computing shape2D
2026-07-29 18:19:31,213 INFO Adding image type "Original" with custom settings: {}
2026-07-29 18:19:31,213 INFO Adding image type "Exponential" with custom settings: {}
2026-07-29 18:19:31,213 INFO Adding image type "Gradient" with custom settings: {}
2026-07-29 18:19:31,214 INFO Adding image type "LBP2D" with custom settings: {}
2026-07-29 18:19:31,214 INFO Adding image type "LBP3D" with custom settings: {}
2026-07-29 18:19:31,214 INFO Adding image type "LoG" with custom settings: {}
2026-07-29 18:19:31,214 INFO Adding image type "Logarithm" with custom settings: {}
2026-07-29 18:19:31,214 INFO Adding image type "Square" with custom settings: {}
2026-07-29 18:19:31,214 INFO Adding image type "SquareRoot" with custom settings: {}
2026-07-29 18:19:31,214 INFO Adding image type "Wavelet" with custom settings: {}
2026-07-29 18:19:31,214 INFO Calculating features for original image
2026-07-29 18:19:31,216 INFO Computing firstorder
2026-07-29 18:19:31,218 INFO Computing glcm
2026-07-29 18:19:31,219 WARNING GLCM is symmetrical, therefore Sum Average = 2 * Joint Average, only 1 needs to be calculated
2026-07-29 18:19:31,225 INFO Calculating features for exponential image
2026-07-29 18:19:31,227 INFO Computing firstorder
2026-07-29 18:19:31,229 INFO Computing glcm
2026-07-29 18:19:31,230 WARNING GLCM is symmetrical, therefore Sum Average = 2 * Joint Average, only 1 needs to be calculated
2026-07-29 18:19:31,232 INFO Calculating features for gradient image
2026-07-29 18:19:31,234 INFO Computing firstorder
2026-07-29 18:19:31,236 INFO Computing glcm
2026-07-29 18:19:31,237 WARNING GLCM is symmetrical, therefore Sum Average = 2 * Joint Average, only 1 needs to be calculated
2026-07-29 18:19:31,261 INFO Calculating features for lbp-2D image
2026-07-29 18:19:31,264 INFO Computing firstorder
2026-07-29 18:19:31,266 INFO Computing glcm
2026-07-29 18:19:31,267 WARNING GLCM is symmetrical, therefore Sum Average = 2 * Joint Average, only 1 needs to be calculated
2026-07-29 18:19:31,268 WARNING LBP 3D only available for 3 dimensional images, found 2 dimensions
2026-07-29 18:19:31,275 INFO Calculating features for logarithm image
2026-07-29 18:19:31,278 INFO Computing firstorder
2026-07-29 18:19:31,279 INFO Computing glcm
2026-07-29 18:19:31,281 WARNING GLCM is symmetrical, therefore Sum Average = 2 * Joint Average, only 1 needs to be calculated
2026-07-29 18:19:31,286 INFO Calculating features for square image
2026-07-29 18:19:31,289 INFO Computing firstorder
2026-07-29 18:19:31,291 INFO Computing glcm
2026-07-29 18:19:31,292 WARNING GLCM is symmetrical, therefore Sum Average = 2 * Joint Average, only 1 needs to be calculated
2026-07-29 18:19:31,298 INFO Calculating features for squareroot image
2026-07-29 18:19:31,302 INFO Computing firstorder
2026-07-29 18:19:31,303 INFO Computing glcm
2026-07-29 18:19:31,305 WARNING GLCM is symmetrical, therefore Sum Average = 2 * Joint Average, only 1 needs to be calculated
2026-07-29 18:19:31,312 INFO Computing Wavelet H
2026-07-29 18:19:31,313 INFO Calculating features for wavelet-H image
2026-07-29 18:19:31,316 INFO Computing firstorder
2026-07-29 18:19:31,317 INFO Computing glcm
2026-07-29 18:19:31,319 WARNING GLCM is symmetrical, therefore Sum Average = 2 * Joint Average, only 1 needs to be calculated
2026-07-29 18:19:31,319 INFO Calculating features for wavelet-L image
2026-07-29 18:19:31,322 INFO Computing firstorder
2026-07-29 18:19:31,323 INFO Computing glcm
2026-07-29 18:19:31,324 WARNING GLCM is symmetrical, therefore Sum Average = 2 * Joint Average, only 1 needs to be calculated
2026-07-29 18:19:31,359 INFO Calculating features with label: 1
2026-07-29 18:19:31,359 INFO Loading image and mask
2026-07-29 18:19:31,394 INFO Computing shape2D
2026-07-29 18:19:31,395 INFO Adding image type "Original" with custom settings: {}
2026-07-29 18:19:31,395 INFO Adding image type "Exponential" with custom settings: {}
2026-07-29 18:19:31,395 INFO Adding image type "Gradient" with custom settings: {}
2026-07-29 18:19:31,395 INFO Adding image type "LBP2D" with custom settings: {}
2026-07-29 18:19:31,395 INFO Adding image type "LBP3D" with custom settings: {}
2026-07-29 18:19:31,395 INFO Adding image type "LoG" with custom settings: {}
2026-07-29 18:19:31,395 INFO Adding image type "Logarithm" with custom settings: {}
2026-07-29 18:19:31,395 INFO Adding image type "Square" with custom settings: {}
2026-07-29 18:19:31,395 INFO Adding image type "SquareRoot" with custom settings: {}
2026-07-29 18:19:31,395 INFO Adding image type "Wavelet" with custom settings: {}
2026-07-29 18:19:31,395 INFO Calculating features for original image
2026-07-29 18:19:31,397 INFO Computing firstorder
2026-07-29 18:19:31,399 INFO Computing glcm
2026-07-29 18:19:31,400 WARNING GLCM is symmetrical, therefore Sum Average = 2 * Joint Average, only 1 needs to be calculated
2026-07-29 18:19:31,405 INFO Calculating features for exponential image
2026-07-29 18:19:31,408 INFO Computing firstorder
2026-07-29 18:19:31,410 INFO Computing glcm
2026-07-29 18:19:31,410 WARNING GLCM is symmetrical, therefore Sum Average = 2 * Joint Average, only 1 needs to be calculated
2026-07-29 18:19:31,413 INFO Calculating features for gradient image
2026-07-29 18:19:31,415 INFO Computing firstorder
2026-07-29 18:19:31,417 INFO Computing glcm
2026-07-29 18:19:31,418 WARNING GLCM is symmetrical, therefore Sum Average = 2 * Joint Average, only 1 needs to be calculated
2026-07-29 18:19:31,442 INFO Calculating features for lbp-2D image
2026-07-29 18:19:31,445 INFO Computing firstorder
2026-07-29 18:19:31,447 INFO Computing glcm
2026-07-29 18:19:31,448 WARNING GLCM is symmetrical, therefore Sum Average = 2 * Joint Average, only 1 needs to be calculated
2026-07-29 18:19:31,448 WARNING LBP 3D only available for 3 dimensional images, found 2 dimensions
2026-07-29 18:19:31,457 INFO Calculating features for logarithm image
2026-07-29 18:19:31,460 INFO Computing firstorder
2026-07-29 18:19:31,461 INFO Computing glcm
2026-07-29 18:19:31,463 WARNING GLCM is symmetrical, therefore Sum Average = 2 * Joint Average, only 1 needs to be calculated
2026-07-29 18:19:31,467 INFO Calculating features for square image
2026-07-29 18:19:31,471 INFO Computing firstorder
2026-07-29 18:19:31,472 INFO Computing glcm
2026-07-29 18:19:31,473 WARNING GLCM is symmetrical, therefore Sum Average = 2 * Joint Average, only 1 needs to be calculated
2026-07-29 18:19:31,479 INFO Calculating features for squareroot image
2026-07-29 18:19:31,483 INFO Computing firstorder
2026-07-29 18:19:31,485 INFO Computing glcm
2026-07-29 18:19:31,486 WARNING GLCM is symmetrical, therefore Sum Average = 2 * Joint Average, only 1 needs to be calculated
2026-07-29 18:19:31,494 INFO Computing Wavelet H
2026-07-29 18:19:31,494 INFO Calculating features for wavelet-H image
2026-07-29 18:19:31,497 INFO Computing firstorder
2026-07-29 18:19:31,498 INFO Computing glcm
2026-07-29 18:19:31,499 WARNING GLCM is symmetrical, therefore Sum Average = 2 * Joint Average, only 1 needs to be calculated
2026-07-29 18:19:31,499 INFO Calculating features for wavelet-L image
2026-07-29 18:19:31,502 INFO Computing firstorder
2026-07-29 18:19:31,504 INFO Computing glcm
2026-07-29 18:19:31,505 WARNING GLCM is symmetrical, therefore Sum Average = 2 * Joint Average, only 1 needs to be calculated
2026-07-29 18:19:31,541 INFO Calculating features with label: 1
2026-07-29 18:19:31,541 INFO Loading image and mask
2026-07-29 18:19:31,577 INFO Computing shape2D
2026-07-29 18:19:31,580 INFO Adding image type "Original" with custom settings: {}
2026-07-29 18:19:31,580 INFO Adding image type "Exponential" with custom settings: {}
2026-07-29 18:19:31,580 INFO Adding image type "Gradient" with custom settings: {}
2026-07-29 18:19:31,580 INFO Adding image type "LBP2D" with custom settings: {}
2026-07-29 18:19:31,580 INFO Adding image type "LBP3D" with custom settings: {}
2026-07-29 18:19:31,580 INFO Adding image type "LoG" with custom settings: {}
2026-07-29 18:19:31,580 INFO Adding image type "Logarithm" with custom settings: {}
2026-07-29 18:19:31,580 INFO Adding image type "Square" with custom settings: {}
2026-07-29 18:19:31,580 INFO Adding image type "SquareRoot" with custom settings: {}
2026-07-29 18:19:31,580 INFO Adding image type "Wavelet" with custom settings: {}
2026-07-29 18:19:31,580 INFO Calculating features for original image
2026-07-29 18:19:31,582 INFO Computing firstorder
2026-07-29 18:19:31,587 INFO Computing glcm
2026-07-29 18:19:31,590 WARNING GLCM is symmetrical, therefore Sum Average = 2 * Joint Average, only 1 needs to be calculated
2026-07-29 18:19:31,594 INFO Calculating features for exponential image
2026-07-29 18:19:31,597 INFO Computing firstorder
2026-07-29 18:19:31,601 INFO Computing glcm
2026-07-29 18:19:31,604 WARNING GLCM is symmetrical, therefore Sum Average = 2 * Joint Average, only 1 needs to be calculated
2026-07-29 18:19:31,605 INFO Calculating features for gradient image
2026-07-29 18:19:31,608 INFO Computing firstorder
2026-07-29 18:19:31,612 INFO Computing glcm
2026-07-29 18:19:31,613 WARNING GLCM is symmetrical, therefore Sum Average = 2 * Joint Average, only 1 needs to be calculated
2026-07-29 18:19:31,638 INFO Calculating features for lbp-2D image
2026-07-29 18:19:31,641 INFO Computing firstorder
2026-07-29 18:19:31,645 INFO Computing glcm
2026-07-29 18:19:31,647 WARNING GLCM is symmetrical, therefore Sum Average = 2 * Joint Average, only 1 needs to be calculated
2026-07-29 18:19:31,647 WARNING LBP 3D only available for 3 dimensional images, found 2 dimensions
2026-07-29 18:19:31,655 INFO Calculating features for logarithm image
2026-07-29 18:19:31,658 INFO Computing firstorder
2026-07-29 18:19:31,661 INFO Computing glcm
2026-07-29 18:19:31,664 WARNING GLCM is symmetrical, therefore Sum Average = 2 * Joint Average, only 1 needs to be calculated
2026-07-29 18:19:31,669 INFO Calculating features for square image
2026-07-29 18:19:31,673 INFO Computing firstorder
2026-07-29 18:19:31,677 INFO Computing glcm
2026-07-29 18:19:31,679 WARNING GLCM is symmetrical, therefore Sum Average = 2 * Joint Average, only 1 needs to be calculated
2026-07-29 18:19:31,685 INFO Calculating features for squareroot image
2026-07-29 18:19:31,688 INFO Computing firstorder
2026-07-29 18:19:31,692 INFO Computing glcm
2026-07-29 18:19:31,695 WARNING GLCM is symmetrical, therefore Sum Average = 2 * Joint Average, only 1 needs to be calculated
2026-07-29 18:19:31,703 INFO Computing Wavelet H
2026-07-29 18:19:31,703 INFO Calculating features for wavelet-H image
2026-07-29 18:19:31,707 INFO Computing firstorder
2026-07-29 18:19:31,711 INFO Computing glcm
2026-07-29 18:19:31,713 WARNING GLCM is symmetrical, therefore Sum Average = 2 * Joint Average, only 1 needs to be calculated
2026-07-29 18:19:31,714 INFO Calculating features for wavelet-L image
2026-07-29 18:19:31,718 INFO Computing firstorder
2026-07-29 18:19:31,722 INFO Computing glcm
2026-07-29 18:19:31,725 WARNING GLCM is symmetrical, therefore Sum Average = 2 * Joint Average, only 1 needs to be calculated
2026-07-29 18:19:31,761 INFO Calculating features with label: 1
2026-07-29 18:19:31,761 INFO Loading image and mask
2026-07-29 18:19:31,797 INFO Computing shape2D
2026-07-29 18:19:31,798 INFO Adding image type "Original" with custom settings: {}
2026-07-29 18:19:31,798 INFO Adding image type "Exponential" with custom settings: {}
2026-07-29 18:19:31,798 INFO Adding image type "Gradient" with custom settings: {}
2026-07-29 18:19:31,798 INFO Adding image type "LBP2D" with custom settings: {}
2026-07-29 18:19:31,798 INFO Adding image type "LBP3D" with custom settings: {}
2026-07-29 18:19:31,798 INFO Adding image type "LoG" with custom settings: {}
2026-07-29 18:19:31,798 INFO Adding image type "Logarithm" with custom settings: {}
2026-07-29 18:19:31,798 INFO Adding image type "Square" with custom settings: {}
2026-07-29 18:19:31,798 INFO Adding image type "SquareRoot" with custom settings: {}
2026-07-29 18:19:31,798 INFO Adding image type "Wavelet" with custom settings: {}
2026-07-29 18:19:31,798 INFO Calculating features for original image
2026-07-29 18:19:31,800 INFO Computing firstorder
2026-07-29 18:19:31,802 INFO Computing glcm
2026-07-29 18:19:31,804 WARNING GLCM is symmetrical, therefore Sum Average = 2 * Joint Average, only 1 needs to be calculated
2026-07-29 18:19:31,809 INFO Calculating features for exponential image
2026-07-29 18:19:31,812 INFO Computing firstorder
2026-07-29 18:19:31,813 INFO Computing glcm
2026-07-29 18:19:31,814 WARNING GLCM is symmetrical, therefore Sum Average = 2 * Joint Average, only 1 needs to be calculated
2026-07-29 18:19:31,817 INFO Calculating features for gradient image
2026-07-29 18:19:31,820 INFO Computing firstorder
2026-07-29 18:19:31,822 INFO Computing glcm
2026-07-29 18:19:31,823 WARNING GLCM is symmetrical, therefore Sum Average = 2 * Joint Average, only 1 needs to be calculated
2026-07-29 18:19:31,847 INFO Calculating features for lbp-2D image
2026-07-29 18:19:31,851 INFO Computing firstorder
2026-07-29 18:19:31,853 INFO Computing glcm
2026-07-29 18:19:31,854 WARNING GLCM is symmetrical, therefore Sum Average = 2 * Joint Average, only 1 needs to be calculated
2026-07-29 18:19:31,855 WARNING LBP 3D only available for 3 dimensional images, found 2 dimensions
2026-07-29 18:19:31,863 INFO Calculating features for logarithm image
2026-07-29 18:19:31,867 INFO Computing firstorder
2026-07-29 18:19:31,869 INFO Computing glcm
2026-07-29 18:19:31,871 WARNING GLCM is symmetrical, therefore Sum Average = 2 * Joint Average, only 1 needs to be calculated
2026-07-29 18:19:31,875 INFO Calculating features for square image
2026-07-29 18:19:31,879 INFO Computing firstorder
2026-07-29 18:19:31,881 INFO Computing glcm
2026-07-29 18:19:31,882 WARNING GLCM is symmetrical, therefore Sum Average = 2 * Joint Average, only 1 needs to be calculated
2026-07-29 18:19:31,888 INFO Calculating features for squareroot image
2026-07-29 18:19:31,891 INFO Computing firstorder
2026-07-29 18:19:31,893 INFO Computing glcm
2026-07-29 18:19:31,894 WARNING GLCM is symmetrical, therefore Sum Average = 2 * Joint Average, only 1 needs to be calculated
2026-07-29 18:19:31,902 INFO Computing Wavelet H
2026-07-29 18:19:31,902 INFO Calculating features for wavelet-H image
2026-07-29 18:19:31,906 INFO Computing firstorder
2026-07-29 18:19:31,907 INFO Computing glcm
2026-07-29 18:19:31,908 WARNING GLCM is symmetrical, therefore Sum Average = 2 * Joint Average, only 1 needs to be calculated
2026-07-29 18:19:31,908 INFO Calculating features for wavelet-L image
2026-07-29 18:19:31,911 INFO Computing firstorder
2026-07-29 18:19:31,912 INFO Computing glcm
2026-07-29 18:19:31,914 WARNING GLCM is symmetrical, therefore Sum Average = 2 * Joint Average, only 1 needs to be calculated
2026-07-29 18:19:31,951 INFO Calculating features with label: 1
2026-07-29 18:19:31,951 INFO Loading image and mask
2026-07-29 18:19:31,988 INFO Computing shape2D
2026-07-29 18:19:31,988 INFO Adding image type "Original" with custom settings: {}
2026-07-29 18:19:31,988 INFO Adding image type "Exponential" with custom settings: {}
2026-07-29 18:19:31,988 INFO Adding image type "Gradient" with custom settings: {}
2026-07-29 18:19:31,988 INFO Adding image type "LBP2D" with custom settings: {}
2026-07-29 18:19:31,989 INFO Adding image type "LBP3D" with custom settings: {}
2026-07-29 18:19:31,989 INFO Adding image type "LoG" with custom settings: {}
2026-07-29 18:19:31,989 INFO Adding image type "Logarithm" with custom settings: {}
2026-07-29 18:19:31,989 INFO Adding image type "Square" with custom settings: {}
2026-07-29 18:19:31,989 INFO Adding image type "SquareRoot" with custom settings: {}
2026-07-29 18:19:31,989 INFO Adding image type "Wavelet" with custom settings: {}
2026-07-29 18:19:31,989 INFO Calculating features for original image
2026-07-29 18:19:31,991 INFO Computing firstorder
2026-07-29 18:19:31,992 INFO Computing glcm
2026-07-29 18:19:31,993 WARNING GLCM is symmetrical, therefore Sum Average = 2 * Joint Average, only 1 needs to be calculated
2026-07-29 18:19:31,999 INFO Calculating features for exponential image
2026-07-29 18:19:32,002 INFO Computing firstorder
2026-07-29 18:19:32,003 INFO Computing glcm
2026-07-29 18:19:32,004 WARNING GLCM is symmetrical, therefore Sum Average = 2 * Joint Average, only 1 needs to be calculated
2026-07-29 18:19:32,007 INFO Calculating features for gradient image
2026-07-29 18:19:32,010 INFO Computing firstorder
2026-07-29 18:19:32,012 INFO Computing glcm
2026-07-29 18:19:32,013 WARNING GLCM is symmetrical, therefore Sum Average = 2 * Joint Average, only 1 needs to be calculated
2026-07-29 18:19:32,036 INFO Calculating features for lbp-2D image
2026-07-29 18:19:32,039 INFO Computing firstorder
2026-07-29 18:19:32,041 INFO Computing glcm
2026-07-29 18:19:32,042 WARNING GLCM is symmetrical, therefore Sum Average = 2 * Joint Average, only 1 needs to be calculated
2026-07-29 18:19:32,043 WARNING LBP 3D only available for 3 dimensional images, found 2 dimensions
2026-07-29 18:19:32,050 INFO Calculating features for logarithm image
2026-07-29 18:19:32,053 INFO Computing firstorder
2026-07-29 18:19:32,054 INFO Computing glcm
2026-07-29 18:19:32,056 WARNING GLCM is symmetrical, therefore Sum Average = 2 * Joint Average, only 1 needs to be calculated
2026-07-29 18:19:32,061 INFO Calculating features for square image
2026-07-29 18:19:32,064 INFO Computing firstorder
2026-07-29 18:19:32,066 INFO Computing glcm
2026-07-29 18:19:32,067 WARNING GLCM is symmetrical, therefore Sum Average = 2 * Joint Average, only 1 needs to be calculated
2026-07-29 18:19:32,072 INFO Calculating features for squareroot image
2026-07-29 18:19:32,075 INFO Computing firstorder
2026-07-29 18:19:32,076 INFO Computing glcm
2026-07-29 18:19:32,078 WARNING GLCM is symmetrical, therefore Sum Average = 2 * Joint Average, only 1 needs to be calculated
2026-07-29 18:19:32,085 INFO Computing Wavelet H
2026-07-29 18:19:32,085 INFO Calculating features for wavelet-H image
2026-07-29 18:19:32,088 INFO Computing firstorder
2026-07-29 18:19:32,090 INFO Computing glcm
2026-07-29 18:19:32,091 WARNING GLCM is symmetrical, therefore Sum Average = 2 * Joint Average, only 1 needs to be calculated
2026-07-29 18:19:32,091 INFO Calculating features for wavelet-L image
2026-07-29 18:19:32,093 INFO Computing firstorder
2026-07-29 18:19:32,095 INFO Computing glcm
2026-07-29 18:19:32,096 WARNING GLCM is symmetrical, therefore Sum Average = 2 * Joint Average, only 1 needs to be calculated
2026-07-29 18:19:32,125 INFO Calculating features with label: 1
2026-07-29 18:19:32,125 INFO Loading image and mask
2026-07-29 18:19:32,164 INFO Computing shape2D
2026-07-29 18:19:32,166 INFO Adding image type "Original" with custom settings: {}
2026-07-29 18:19:32,166 INFO Adding image type "Exponential" with custom settings: {}
2026-07-29 18:19:32,166 INFO Adding image type "Gradient" with custom settings: {}
2026-07-29 18:19:32,166 INFO Adding image type "LBP2D" with custom settings: {}
2026-07-29 18:19:32,166 INFO Adding image type "LBP3D" with custom settings: {}
2026-07-29 18:19:32,166 INFO Adding image type "LoG" with custom settings: {}
2026-07-29 18:19:32,167 INFO Adding image type "Logarithm" with custom settings: {}
2026-07-29 18:19:32,167 INFO Adding image type "Square" with custom settings: {}
2026-07-29 18:19:32,167 INFO Adding image type "SquareRoot" with custom settings: {}
2026-07-29 18:19:32,167 INFO Adding image type "Wavelet" with custom settings: {}
2026-07-29 18:19:32,167 INFO Calculating features for original image
2026-07-29 18:19:32,170 INFO Computing firstorder
2026-07-29 18:19:32,174 INFO Computing glcm
2026-07-29 18:19:32,177 WARNING GLCM is symmetrical, therefore Sum Average = 2 * Joint Average, only 1 needs to be calculated
2026-07-29 18:19:32,182 INFO Calculating features for exponential image
2026-07-29 18:19:32,186 INFO Computing firstorder
2026-07-29 18:19:32,190 INFO Computing glcm
2026-07-29 18:19:32,192 WARNING GLCM is symmetrical, therefore Sum Average = 2 * Joint Average, only 1 needs to be calculated
2026-07-29 18:19:32,194 INFO Calculating features for gradient image
2026-07-29 18:19:32,197 INFO Computing firstorder
2026-07-29 18:19:32,202 INFO Computing glcm
2026-07-29 18:19:32,204 WARNING GLCM is symmetrical, therefore Sum Average = 2 * Joint Average, only 1 needs to be calculated
2026-07-29 18:19:32,229 INFO Calculating features for lbp-2D image
2026-07-29 18:19:32,233 INFO Computing firstorder
2026-07-29 18:19:32,237 INFO Computing glcm
2026-07-29 18:19:32,239 WARNING GLCM is symmetrical, therefore Sum Average = 2 * Joint Average, only 1 needs to be calculated
2026-07-29 18:19:32,240 WARNING LBP 3D only available for 3 dimensional images, found 2 dimensions
2026-07-29 18:19:32,247 INFO Calculating features for logarithm image
2026-07-29 18:19:32,251 INFO Computing firstorder
2026-07-29 18:19:32,256 INFO Computing glcm
2026-07-29 18:19:32,259 WARNING GLCM is symmetrical, therefore Sum Average = 2 * Joint Average, only 1 needs to be calculated
2026-07-29 18:19:32,263 INFO Calculating features for square image
2026-07-29 18:19:32,267 INFO Computing firstorder
2026-07-29 18:19:32,271 INFO Computing glcm
2026-07-29 18:19:32,274 WARNING GLCM is symmetrical, therefore Sum Average = 2 * Joint Average, only 1 needs to be calculated
2026-07-29 18:19:32,280 INFO Calculating features for squareroot image
2026-07-29 18:19:32,284 INFO Computing firstorder
2026-07-29 18:19:32,289 INFO Computing glcm
2026-07-29 18:19:32,292 WARNING GLCM is symmetrical, therefore Sum Average = 2 * Joint Average, only 1 needs to be calculated
2026-07-29 18:19:32,304 INFO Computing Wavelet H
2026-07-29 18:19:32,304 INFO Calculating features for wavelet-H image
2026-07-29 18:19:32,309 INFO Computing firstorder
2026-07-29 18:19:32,315 INFO Computing glcm
2026-07-29 18:19:32,318 WARNING GLCM is symmetrical, therefore Sum Average = 2 * Joint Average, only 1 needs to be calculated
2026-07-29 18:19:32,319 INFO Calculating features for wavelet-L image
2026-07-29 18:19:32,322 INFO Computing firstorder
2026-07-29 18:19:32,328 INFO Computing glcm
2026-07-29 18:19:32,332 WARNING GLCM is symmetrical, therefore Sum Average = 2 * Joint Average, only 1 needs to be calculated
2026-07-29 18:19:32,360 INFO Calculating features with label: 1
2026-07-29 18:19:32,360 INFO Loading image and mask
2026-07-29 18:19:32,397 INFO Computing shape2D
2026-07-29 18:19:32,399 INFO Adding image type "Original" with custom settings: {}
2026-07-29 18:19:32,399 INFO Adding image type "Exponential" with custom settings: {}
2026-07-29 18:19:32,399 INFO Adding image type "Gradient" with custom settings: {}
2026-07-29 18:19:32,399 INFO Adding image type "LBP2D" with custom settings: {}
2026-07-29 18:19:32,399 INFO Adding image type "LBP3D" with custom settings: {}
2026-07-29 18:19:32,399 INFO Adding image type "LoG" with custom settings: {}
2026-07-29 18:19:32,399 INFO Adding image type "Logarithm" with custom settings: {}
2026-07-29 18:19:32,399 INFO Adding image type "Square" with custom settings: {}
2026-07-29 18:19:32,399 INFO Adding image type "SquareRoot" with custom settings: {}
2026-07-29 18:19:32,399 INFO Adding image type "Wavelet" with custom settings: {}
2026-07-29 18:19:32,399 INFO Calculating features for original image
2026-07-29 18:19:32,401 INFO Computing firstorder
2026-07-29 18:19:32,406 INFO Computing glcm
2026-07-29 18:19:32,409 WARNING GLCM is symmetrical, therefore Sum Average = 2 * Joint Average, only 1 needs to be calculated
2026-07-29 18:19:32,414 INFO Calculating features for exponential image
2026-07-29 18:19:32,417 INFO Computing firstorder
2026-07-29 18:19:32,422 INFO Computing glcm
2026-07-29 18:19:32,424 WARNING GLCM is symmetrical, therefore Sum Average = 2 * Joint Average, only 1 needs to be calculated
2026-07-29 18:19:32,427 INFO Calculating features for gradient image
2026-07-29 18:19:32,430 INFO Computing firstorder
2026-07-29 18:19:32,435 INFO Computing glcm
2026-07-29 18:19:32,439 WARNING GLCM is symmetrical, therefore Sum Average = 2 * Joint Average, only 1 needs to be calculated
2026-07-29 18:19:32,463 INFO Calculating features for lbp-2D image
2026-07-29 18:19:32,467 INFO Computing firstorder
2026-07-29 18:19:32,471 INFO Computing glcm
2026-07-29 18:19:32,473 WARNING GLCM is symmetrical, therefore Sum Average = 2 * Joint Average, only 1 needs to be calculated
2026-07-29 18:19:32,474 WARNING LBP 3D only available for 3 dimensional images, found 2 dimensions
2026-07-29 18:19:32,481 INFO Calculating features for logarithm image
2026-07-29 18:19:32,486 INFO Computing firstorder
2026-07-29 18:19:32,490 INFO Computing glcm
2026-07-29 18:19:32,493 WARNING GLCM is symmetrical, therefore Sum Average = 2 * Joint Average, only 1 needs to be calculated
2026-07-29 18:19:32,498 INFO Calculating features for square image
2026-07-29 18:19:32,503 INFO Computing firstorder
2026-07-29 18:19:32,507 INFO Computing glcm
2026-07-29 18:19:32,510 WARNING GLCM is symmetrical, therefore Sum Average = 2 * Joint Average, only 1 needs to be calculated
2026-07-29 18:19:32,516 INFO Calculating features for squareroot image
2026-07-29 18:19:32,519 INFO Computing firstorder
2026-07-29 18:19:32,524 INFO Computing glcm
2026-07-29 18:19:32,526 WARNING GLCM is symmetrical, therefore Sum Average = 2 * Joint Average, only 1 needs to be calculated
2026-07-29 18:19:32,534 INFO Computing Wavelet H
2026-07-29 18:19:32,534 INFO Calculating features for wavelet-H image
2026-07-29 18:19:32,537 INFO Computing firstorder
2026-07-29 18:19:32,542 INFO Computing glcm
2026-07-29 18:19:32,545 WARNING GLCM is symmetrical, therefore Sum Average = 2 * Joint Average, only 1 needs to be calculated
2026-07-29 18:19:32,545 INFO Calculating features for wavelet-L image
2026-07-29 18:19:32,548 INFO Computing firstorder
2026-07-29 18:19:32,553 INFO Computing glcm
2026-07-29 18:19:32,557 WARNING GLCM is symmetrical, therefore Sum Average = 2 * Joint Average, only 1 needs to be calculated
2026-07-29 18:19:32,591 INFO Calculating features with label: 1
2026-07-29 18:19:32,591 INFO Loading image and mask
2026-07-29 18:19:32,629 INFO Computing shape2D
2026-07-29 18:19:32,629 INFO Adding image type "Original" with custom settings: {}
2026-07-29 18:19:32,629 INFO Adding image type "Exponential" with custom settings: {}
2026-07-29 18:19:32,629 INFO Adding image type "Gradient" with custom settings: {}
2026-07-29 18:19:32,629 INFO Adding image type "LBP2D" with custom settings: {}
2026-07-29 18:19:32,629 INFO Adding image type "LBP3D" with custom settings: {}
2026-07-29 18:19:32,629 INFO Adding image type "LoG" with custom settings: {}
2026-07-29 18:19:32,629 INFO Adding image type "Logarithm" with custom settings: {}
2026-07-29 18:19:32,629 INFO Adding image type "Square" with custom settings: {}
2026-07-29 18:19:32,629 INFO Adding image type "SquareRoot" with custom settings: {}
2026-07-29 18:19:32,629 INFO Adding image type "Wavelet" with custom settings: {}
2026-07-29 18:19:32,629 INFO Calculating features for original image
2026-07-29 18:19:32,632 INFO Computing firstorder
2026-07-29 18:19:32,633 INFO Computing glcm
2026-07-29 18:19:32,635 WARNING GLCM is symmetrical, therefore Sum Average = 2 * Joint Average, only 1 needs to be calculated
2026-07-29 18:19:32,640 INFO Calculating features for exponential image
2026-07-29 18:19:32,642 INFO Computing firstorder
2026-07-29 18:19:32,644 INFO Computing glcm
2026-07-29 18:19:32,645 WARNING GLCM is symmetrical, therefore Sum Average = 2 * Joint Average, only 1 needs to be calculated
2026-07-29 18:19:32,647 INFO Calculating features for gradient image
2026-07-29 18:19:32,650 INFO Computing firstorder
2026-07-29 18:19:32,651 INFO Computing glcm
2026-07-29 18:19:32,652 WARNING GLCM is symmetrical, therefore Sum Average = 2 * Joint Average, only 1 needs to be calculated
2026-07-29 18:19:32,676 INFO Calculating features for lbp-2D image
2026-07-29 18:19:32,679 INFO Computing firstorder
2026-07-29 18:19:32,681 INFO Computing glcm
2026-07-29 18:19:32,682 WARNING GLCM is symmetrical, therefore Sum Average = 2 * Joint Average, only 1 needs to be calculated
2026-07-29 18:19:32,683 WARNING LBP 3D only available for 3 dimensional images, found 2 dimensions
2026-07-29 18:19:32,690 INFO Calculating features for logarithm image
2026-07-29 18:19:32,693 INFO Computing firstorder
2026-07-29 18:19:32,695 INFO Computing glcm
2026-07-29 18:19:32,696 WARNING GLCM is symmetrical, therefore Sum Average = 2 * Joint Average, only 1 needs to be calculated
2026-07-29 18:19:32,701 INFO Calculating features for square image
2026-07-29 18:19:32,704 INFO Computing firstorder
2026-07-29 18:19:32,706 INFO Computing glcm
2026-07-29 18:19:32,707 WARNING GLCM is symmetrical, therefore Sum Average = 2 * Joint Average, only 1 needs to be calculated
2026-07-29 18:19:32,713 INFO Calculating features for squareroot image
2026-07-29 18:19:32,716 INFO Computing firstorder
2026-07-29 18:19:32,719 INFO Computing glcm
2026-07-29 18:19:32,721 WARNING GLCM is symmetrical, therefore Sum Average = 2 * Joint Average, only 1 needs to be calculated
2026-07-29 18:19:32,729 INFO Computing Wavelet H
2026-07-29 18:19:32,729 INFO Calculating features for wavelet-H image
2026-07-29 18:19:32,732 INFO Computing firstorder
2026-07-29 18:19:32,734 INFO Computing glcm
2026-07-29 18:19:32,735 WARNING GLCM is symmetrical, therefore Sum Average = 2 * Joint Average, only 1 needs to be calculated
2026-07-29 18:19:32,735 INFO Calculating features for wavelet-L image
2026-07-29 18:19:32,739 INFO Computing firstorder
2026-07-29 18:19:32,740 INFO Computing glcm
2026-07-29 18:19:32,742 WARNING GLCM is symmetrical, therefore Sum Average = 2 * Joint Average, only 1 needs to be calculated
2026-07-29 18:19:32,777 INFO Calculating features with label: 1
2026-07-29 18:19:32,777 INFO Loading image and mask
2026-07-29 18:19:32,813 INFO Computing shape2D
2026-07-29 18:19:32,815 INFO Adding image type "Original" with custom settings: {}
2026-07-29 18:19:32,815 INFO Adding image type "Exponential" with custom settings: {}
2026-07-29 18:19:32,815 INFO Adding image type "Gradient" with custom settings: {}
2026-07-29 18:19:32,815 INFO Adding image type "LBP2D" with custom settings: {}
2026-07-29 18:19:32,815 INFO Adding image type "LBP3D" with custom settings: {}
2026-07-29 18:19:32,815 INFO Adding image type "LoG" with custom settings: {}
2026-07-29 18:19:32,815 INFO Adding image type "Logarithm" with custom settings: {}
2026-07-29 18:19:32,815 INFO Adding image type "Square" with custom settings: {}
2026-07-29 18:19:32,815 INFO Adding image type "SquareRoot" with custom settings: {}
2026-07-29 18:19:32,815 INFO Adding image type "Wavelet" with custom settings: {}
2026-07-29 18:19:32,815 INFO Calculating features for original image
2026-07-29 18:19:32,818 INFO Computing firstorder
2026-07-29 18:19:32,821 INFO Computing glcm
2026-07-29 18:19:32,824 WARNING GLCM is symmetrical, therefore Sum Average = 2 * Joint Average, only 1 needs to be calculated
2026-07-29 18:19:32,829 INFO Calculating features for exponential image
2026-07-29 18:19:32,832 INFO Computing firstorder
2026-07-29 18:19:32,836 INFO Computing glcm
2026-07-29 18:19:32,838 WARNING GLCM is symmetrical, therefore Sum Average = 2 * Joint Average, only 1 needs to be calculated
2026-07-29 18:19:32,840 INFO Calculating features for gradient image
2026-07-29 18:19:32,842 INFO Computing firstorder
2026-07-29 18:19:32,846 INFO Computing glcm
2026-07-29 18:19:32,848 WARNING GLCM is symmetrical, therefore Sum Average = 2 * Joint Average, only 1 needs to be calculated
2026-07-29 18:19:32,873 INFO Calculating features for lbp-2D image
2026-07-29 18:19:32,876 INFO Computing firstorder
2026-07-29 18:19:32,879 INFO Computing glcm
2026-07-29 18:19:32,881 WARNING GLCM is symmetrical, therefore Sum Average = 2 * Joint Average, only 1 needs to be calculated
2026-07-29 18:19:32,882 WARNING LBP 3D only available for 3 dimensional images, found 2 dimensions
2026-07-29 18:19:32,889 INFO Calculating features for logarithm image
2026-07-29 18:19:32,892 INFO Computing firstorder
2026-07-29 18:19:32,895 INFO Computing glcm
2026-07-29 18:19:32,898 WARNING GLCM is symmetrical, therefore Sum Average = 2 * Joint Average, only 1 needs to be calculated
2026-07-29 18:19:32,903 INFO Calculating features for square image
2026-07-29 18:19:32,906 INFO Computing firstorder
2026-07-29 18:19:32,909 INFO Computing glcm
2026-07-29 18:19:32,911 WARNING GLCM is symmetrical, therefore Sum Average = 2 * Joint Average, only 1 needs to be calculated
2026-07-29 18:19:32,917 INFO Calculating features for squareroot image
2026-07-29 18:19:32,920 INFO Computing firstorder
2026-07-29 18:19:32,923 INFO Computing glcm
2026-07-29 18:19:32,926 WARNING GLCM is symmetrical, therefore Sum Average = 2 * Joint Average, only 1 needs to be calculated
2026-07-29 18:19:32,933 INFO Computing Wavelet H
2026-07-29 18:19:32,933 INFO Calculating features for wavelet-H image
2026-07-29 18:19:32,937 INFO Computing firstorder
2026-07-29 18:19:32,941 INFO Computing glcm
2026-07-29 18:19:32,943 WARNING GLCM is symmetrical, therefore Sum Average = 2 * Joint Average, only 1 needs to be calculated
2026-07-29 18:19:32,943 INFO Calculating features for wavelet-L image
2026-07-29 18:19:32,946 INFO Computing firstorder
2026-07-29 18:19:32,950 INFO Computing glcm
2026-07-29 18:19:32,952 WARNING GLCM is symmetrical, therefore Sum Average = 2 * Joint Average, only 1 needs to be calculated
2026-07-29 18:19:32,989 INFO Calculating features with label: 1
2026-07-29 18:19:32,989 INFO Loading image and mask
2026-07-29 18:19:33,025 INFO Computing shape2D
2026-07-29 18:19:33,026 INFO Adding image type "Original" with custom settings: {}
2026-07-29 18:19:33,026 INFO Adding image type "Exponential" with custom settings: {}
2026-07-29 18:19:33,026 INFO Adding image type "Gradient" with custom settings: {}
2026-07-29 18:19:33,026 INFO Adding image type "LBP2D" with custom settings: {}
2026-07-29 18:19:33,026 INFO Adding image type "LBP3D" with custom settings: {}
2026-07-29 18:19:33,026 INFO Adding image type "LoG" with custom settings: {}
2026-07-29 18:19:33,026 INFO Adding image type "Logarithm" with custom settings: {}
2026-07-29 18:19:33,026 INFO Adding image type "Square" with custom settings: {}
2026-07-29 18:19:33,026 INFO Adding image type "SquareRoot" with custom settings: {}
2026-07-29 18:19:33,026 INFO Adding image type "Wavelet" with custom settings: {}
2026-07-29 18:19:33,026 INFO Calculating features for original image
2026-07-29 18:19:33,028 INFO Computing firstorder
2026-07-29 18:19:33,030 INFO Computing glcm
2026-07-29 18:19:33,031 WARNING GLCM is symmetrical, therefore Sum Average = 2 * Joint Average, only 1 needs to be calculated
2026-07-29 18:19:33,037 INFO Calculating features for exponential image
2026-07-29 18:19:33,040 INFO Computing firstorder
2026-07-29 18:19:33,041 INFO Computing glcm
2026-07-29 18:19:33,042 WARNING GLCM is symmetrical, therefore Sum Average = 2 * Joint Average, only 1 needs to be calculated
2026-07-29 18:19:33,045 INFO Calculating features for gradient image
2026-07-29 18:19:33,047 INFO Computing firstorder
2026-07-29 18:19:33,049 INFO Computing glcm
2026-07-29 18:19:33,050 WARNING GLCM is symmetrical, therefore Sum Average = 2 * Joint Average, only 1 needs to be calculated
2026-07-29 18:19:33,074 INFO Calculating features for lbp-2D image
2026-07-29 18:19:33,077 INFO Computing firstorder
2026-07-29 18:19:33,078 INFO Computing glcm
2026-07-29 18:19:33,079 WARNING GLCM is symmetrical, therefore Sum Average = 2 * Joint Average, only 1 needs to be calculated
2026-07-29 18:19:33,080 WARNING LBP 3D only available for 3 dimensional images, found 2 dimensions
2026-07-29 18:19:33,087 INFO Calculating features for logarithm image
2026-07-29 18:19:33,090 INFO Computing firstorder
2026-07-29 18:19:33,092 INFO Computing glcm
2026-07-29 18:19:33,093 WARNING GLCM is symmetrical, therefore Sum Average = 2 * Joint Average, only 1 needs to be calculated
2026-07-29 18:19:33,097 INFO Calculating features for square image
2026-07-29 18:19:33,100 INFO Computing firstorder
2026-07-29 18:19:33,102 INFO Computing glcm
2026-07-29 18:19:33,104 WARNING GLCM is symmetrical, therefore Sum Average = 2 * Joint Average, only 1 needs to be calculated
2026-07-29 18:19:33,109 INFO Calculating features for squareroot image
2026-07-29 18:19:33,112 INFO Computing firstorder
2026-07-29 18:19:33,114 INFO Computing glcm
2026-07-29 18:19:33,115 WARNING GLCM is symmetrical, therefore Sum Average = 2 * Joint Average, only 1 needs to be calculated
2026-07-29 18:19:33,123 INFO Computing Wavelet H
2026-07-29 18:19:33,123 INFO Calculating features for wavelet-H image
2026-07-29 18:19:33,127 INFO Computing firstorder
2026-07-29 18:19:33,128 INFO Computing glcm
2026-07-29 18:19:33,130 WARNING GLCM is symmetrical, therefore Sum Average = 2 * Joint Average, only 1 needs to be calculated
2026-07-29 18:19:33,130 INFO Calculating features for wavelet-L image
2026-07-29 18:19:33,133 INFO Computing firstorder
2026-07-29 18:19:33,135 INFO Computing glcm
2026-07-29 18:19:33,137 WARNING GLCM is symmetrical, therefore Sum Average = 2 * Joint Average, only 1 needs to be calculated
2026-07-29 18:19:33,174 INFO Calculating features with label: 1
2026-07-29 18:19:33,174 INFO Loading image and mask
2026-07-29 18:19:33,212 INFO Computing shape2D
2026-07-29 18:19:33,212 INFO Adding image type "Original" with custom settings: {}
2026-07-29 18:19:33,212 INFO Adding image type "Exponential" with custom settings: {}
2026-07-29 18:19:33,212 INFO Adding image type "Gradient" with custom settings: {}
2026-07-29 18:19:33,212 INFO Adding image type "LBP2D" with custom settings: {}
2026-07-29 18:19:33,212 INFO Adding image type "LBP3D" with custom settings: {}
2026-07-29 18:19:33,212 INFO Adding image type "LoG" with custom settings: {}
2026-07-29 18:19:33,212 INFO Adding image type "Logarithm" with custom settings: {}
2026-07-29 18:19:33,212 INFO Adding image type "Square" with custom settings: {}
2026-07-29 18:19:33,212 INFO Adding image type "SquareRoot" with custom settings: {}
2026-07-29 18:19:33,212 INFO Adding image type "Wavelet" with custom settings: {}
2026-07-29 18:19:33,212 INFO Calculating features for original image
2026-07-29 18:19:33,215 INFO Computing firstorder
2026-07-29 18:19:33,216 INFO Computing glcm
2026-07-29 18:19:33,218 WARNING GLCM is symmetrical, therefore Sum Average = 2 * Joint Average, only 1 needs to be calculated
2026-07-29 18:19:33,223 INFO Calculating features for exponential image
2026-07-29 18:19:33,226 INFO Computing firstorder
2026-07-29 18:19:33,227 INFO Computing glcm
2026-07-29 18:19:33,228 WARNING GLCM is symmetrical, therefore Sum Average = 2 * Joint Average, only 1 needs to be calculated
2026-07-29 18:19:33,231 INFO Calculating features for gradient image
2026-07-29 18:19:33,233 INFO Computing firstorder
2026-07-29 18:19:33,235 INFO Computing glcm
2026-07-29 18:19:33,236 WARNING GLCM is symmetrical, therefore Sum Average = 2 * Joint Average, only 1 needs to be calculated
2026-07-29 18:19:33,260 INFO Calculating features for lbp-2D image
2026-07-29 18:19:33,264 INFO Computing firstorder
2026-07-29 18:19:33,265 INFO Computing glcm
2026-07-29 18:19:33,266 WARNING GLCM is symmetrical, therefore Sum Average = 2 * Joint Average, only 1 needs to be calculated
2026-07-29 18:19:33,267 WARNING LBP 3D only available for 3 dimensional images, found 2 dimensions
2026-07-29 18:19:33,275 INFO Calculating features for logarithm image
2026-07-29 18:19:33,277 INFO Computing firstorder
2026-07-29 18:19:33,279 INFO Computing glcm
2026-07-29 18:19:33,280 WARNING GLCM is symmetrical, therefore Sum Average = 2 * Joint Average, only 1 needs to be calculated
2026-07-29 18:19:33,287 INFO Calculating features for square image
2026-07-29 18:19:33,291 INFO Computing firstorder
2026-07-29 18:19:33,293 INFO Computing glcm
2026-07-29 18:19:33,294 WARNING GLCM is symmetrical, therefore Sum Average = 2 * Joint Average, only 1 needs to be calculated
2026-07-29 18:19:33,300 INFO Calculating features for squareroot image
2026-07-29 18:19:33,303 INFO Computing firstorder
2026-07-29 18:19:33,305 INFO Computing glcm
2026-07-29 18:19:33,306 WARNING GLCM is symmetrical, therefore Sum Average = 2 * Joint Average, only 1 needs to be calculated
2026-07-29 18:19:33,313 INFO Computing Wavelet H
2026-07-29 18:19:33,314 INFO Calculating features for wavelet-H image
2026-07-29 18:19:33,317 INFO Computing firstorder
2026-07-29 18:19:33,319 INFO Computing glcm
2026-07-29 18:19:33,320 WARNING GLCM is symmetrical, therefore Sum Average = 2 * Joint Average, only 1 needs to be calculated
2026-07-29 18:19:33,320 INFO Calculating features for wavelet-L image
2026-07-29 18:19:33,323 INFO Computing firstorder
2026-07-29 18:19:33,325 INFO Computing glcm
2026-07-29 18:19:33,327 WARNING GLCM is symmetrical, therefore Sum Average = 2 * Joint Average, only 1 needs to be calculated
2026-07-29 18:19:33,362 INFO Calculating features with label: 1
2026-07-29 18:19:33,362 INFO Loading image and mask
2026-07-29 18:19:33,366 ERROR s0197
Traceback (most recent call last):
  File "C:\Users\kanishk\OneDrive\Desktop\infant\Corpus_Callosum\radiomic_feature_extraction.py", line 392, in main
    feature_row = process_subject(
                  ^^^^^^^^^^^^^^^^
  File "C:\Users\kanishk\OneDrive\Desktop\infant\Corpus_Callosum\radiomic_feature_extraction.py", line 284, in process_subject
    feature_dict = extract_features(
                   ^^^^^^^^^^^^^^^^^
  File "C:\Users\kanishk\OneDrive\Desktop\infant\Corpus_Callosum\radiomic_feature_extraction.py", line 236, in extract_features
    feature_vector = extractor.execute(
                     ^^^^^^^^^^^^^^^^^^
  File "C:\Users\kanishk\AppData\Roaming\Python\Python311\site-packages\radiomics\featureextractor.py", line 272, in execute
    image, mask = self.loadImage(imageFilepath, maskFilepath, generalInfo, **_settings)
                  ^^^^^^^^^^^^^^^^^^^^^^^^^^^^^^^^^^^^^^^^^^^^^^^^^^^^^^^^^^^^^^^^^^^^^
  File "C:\Users\kanishk\AppData\Roaming\Python\Python311\site-packages\radiomics\featureextractor.py", line 385, in loadImage
    mask = imageoperations.getMask(mask, **kwargs)
           ^^^^^^^^^^^^^^^^^^^^^^^^^^^^^^^^^^^^^^^
  File "C:\Users\kanishk\AppData\Roaming\Python\Python311\site-packages\radiomics\imageoperations.py", line 49, in getMask
    raise ValueError('No labels found in this mask (i.e. nothing is segmented)!')
ValueError: No labels found in this mask (i.e. nothing is segmented)!
2026-07-29 18:19:33,402 INFO Calculating features with label: 1
2026-07-29 18:19:33,402 INFO Loading image and mask
2026-07-29 18:19:33,438 INFO Computing shape2D
2026-07-29 18:19:33,439 INFO Adding image type "Original" with custom settings: {}
2026-07-29 18:19:33,439 INFO Adding image type "Exponential" with custom settings: {}
2026-07-29 18:19:33,439 INFO Adding image type "Gradient" with custom settings: {}
2026-07-29 18:19:33,439 INFO Adding image type "LBP2D" with custom settings: {}
2026-07-29 18:19:33,439 INFO Adding image type "LBP3D" with custom settings: {}
2026-07-29 18:19:33,439 INFO Adding image type "LoG" with custom settings: {}
2026-07-29 18:19:33,439 INFO Adding image type "Logarithm" with custom settings: {}
2026-07-29 18:19:33,439 INFO Adding image type "Square" with custom settings: {}
2026-07-29 18:19:33,440 INFO Adding image type "SquareRoot" with custom settings: {}
2026-07-29 18:19:33,440 INFO Adding image type "Wavelet" with custom settings: {}
2026-07-29 18:19:33,440 INFO Calculating features for original image
2026-07-29 18:19:33,442 INFO Computing firstorder
2026-07-29 18:19:33,445 INFO Computing glcm
2026-07-29 18:19:33,447 WARNING GLCM is symmetrical, therefore Sum Average = 2 * Joint Average, only 1 needs to be calculated
2026-07-29 18:19:33,452 INFO Calculating features for exponential image
2026-07-29 18:19:33,455 INFO Computing firstorder
2026-07-29 18:19:33,458 INFO Computing glcm
2026-07-29 18:19:33,459 WARNING GLCM is symmetrical, therefore Sum Average = 2 * Joint Average, only 1 needs to be calculated
2026-07-29 18:19:33,461 INFO Calculating features for gradient image
2026-07-29 18:19:33,464 INFO Computing firstorder
2026-07-29 18:19:33,467 INFO Computing glcm
2026-07-29 18:19:33,468 WARNING GLCM is symmetrical, therefore Sum Average = 2 * Joint Average, only 1 needs to be calculated
2026-07-29 18:19:33,492 INFO Calculating features for lbp-2D image
2026-07-29 18:19:33,496 INFO Computing firstorder
2026-07-29 18:19:33,498 INFO Computing glcm
2026-07-29 18:19:33,500 WARNING GLCM is symmetrical, therefore Sum Average = 2 * Joint Average, only 1 needs to be calculated
2026-07-29 18:19:33,500 WARNING LBP 3D only available for 3 dimensional images, found 2 dimensions
2026-07-29 18:19:33,507 INFO Calculating features for logarithm image
2026-07-29 18:19:33,511 INFO Computing firstorder
2026-07-29 18:19:33,513 INFO Computing glcm
2026-07-29 18:19:33,515 WARNING GLCM is symmetrical, therefore Sum Average = 2 * Joint Average, only 1 needs to be calculated
2026-07-29 18:19:33,519 INFO Calculating features for square image
2026-07-29 18:19:33,522 INFO Computing firstorder
2026-07-29 18:19:33,525 INFO Computing glcm
2026-07-29 18:19:33,527 WARNING GLCM is symmetrical, therefore Sum Average = 2 * Joint Average, only 1 needs to be calculated
2026-07-29 18:19:33,531 INFO Calculating features for squareroot image
2026-07-29 18:19:33,535 INFO Computing firstorder
2026-07-29 18:19:33,537 INFO Computing glcm
2026-07-29 18:19:33,539 WARNING GLCM is symmetrical, therefore Sum Average = 2 * Joint Average, only 1 needs to be calculated
2026-07-29 18:19:33,545 INFO Computing Wavelet H
2026-07-29 18:19:33,545 INFO Calculating features for wavelet-H image
2026-07-29 18:19:33,548 INFO Computing firstorder
2026-07-29 18:19:33,551 INFO Computing glcm
2026-07-29 18:19:33,552 WARNING GLCM is symmetrical, therefore Sum Average = 2 * Joint Average, only 1 needs to be calculated
2026-07-29 18:19:33,553 INFO Calculating features for wavelet-L image
2026-07-29 18:19:33,556 INFO Computing firstorder
2026-07-29 18:19:33,559 INFO Computing glcm
2026-07-29 18:19:33,561 WARNING GLCM is symmetrical, therefore Sum Average = 2 * Joint Average, only 1 needs to be calculated
2026-07-29 18:19:33,596 INFO Calculating features with label: 1
2026-07-29 18:19:33,596 INFO Loading image and mask
2026-07-29 18:19:33,638 INFO Computing shape2D
2026-07-29 18:19:33,639 INFO Adding image type "Original" with custom settings: {}
2026-07-29 18:19:33,639 INFO Adding image type "Exponential" with custom settings: {}
2026-07-29 18:19:33,639 INFO Adding image type "Gradient" with custom settings: {}
2026-07-29 18:19:33,639 INFO Adding image type "LBP2D" with custom settings: {}
2026-07-29 18:19:33,639 INFO Adding image type "LBP3D" with custom settings: {}
2026-07-29 18:19:33,640 INFO Adding image type "LoG" with custom settings: {}
2026-07-29 18:19:33,640 INFO Adding image type "Logarithm" with custom settings: {}
2026-07-29 18:19:33,640 INFO Adding image type "Square" with custom settings: {}
2026-07-29 18:19:33,640 INFO Adding image type "SquareRoot" with custom settings: {}
2026-07-29 18:19:33,640 INFO Adding image type "Wavelet" with custom settings: {}
2026-07-29 18:19:33,640 INFO Calculating features for original image
2026-07-29 18:19:33,642 INFO Computing firstorder
2026-07-29 18:19:33,645 INFO Computing glcm
2026-07-29 18:19:33,647 WARNING GLCM is symmetrical, therefore Sum Average = 2 * Joint Average, only 1 needs to be calculated
2026-07-29 18:19:33,651 INFO Calculating features for exponential image
2026-07-29 18:19:33,654 INFO Computing firstorder
2026-07-29 18:19:33,656 INFO Computing glcm
2026-07-29 18:19:33,658 WARNING GLCM is symmetrical, therefore Sum Average = 2 * Joint Average, only 1 needs to be calculated
2026-07-29 18:19:33,660 INFO Calculating features for gradient image
2026-07-29 18:19:33,662 INFO Computing firstorder
2026-07-29 18:19:33,665 INFO Computing glcm
2026-07-29 18:19:33,667 WARNING GLCM is symmetrical, therefore Sum Average = 2 * Joint Average, only 1 needs to be calculated
2026-07-29 18:19:33,690 INFO Calculating features for lbp-2D image
2026-07-29 18:19:33,693 INFO Computing firstorder
2026-07-29 18:19:33,696 INFO Computing glcm
2026-07-29 18:19:33,698 WARNING GLCM is symmetrical, therefore Sum Average = 2 * Joint Average, only 1 needs to be calculated
2026-07-29 18:19:33,698 WARNING LBP 3D only available for 3 dimensional images, found 2 dimensions
2026-07-29 18:19:33,704 INFO Calculating features for logarithm image
2026-07-29 18:19:33,707 INFO Computing firstorder
2026-07-29 18:19:33,710 INFO Computing glcm
2026-07-29 18:19:33,712 WARNING GLCM is symmetrical, therefore Sum Average = 2 * Joint Average, only 1 needs to be calculated
2026-07-29 18:19:33,717 INFO Calculating features for square image
2026-07-29 18:19:33,720 INFO Computing firstorder
2026-07-29 18:19:33,723 INFO Computing glcm
2026-07-29 18:19:33,725 WARNING GLCM is symmetrical, therefore Sum Average = 2 * Joint Average, only 1 needs to be calculated
2026-07-29 18:19:33,730 INFO Calculating features for squareroot image
2026-07-29 18:19:33,733 INFO Computing firstorder
2026-07-29 18:19:33,737 INFO Computing glcm
2026-07-29 18:19:33,739 WARNING GLCM is symmetrical, therefore Sum Average = 2 * Joint Average, only 1 needs to be calculated
2026-07-29 18:19:33,745 INFO Computing Wavelet H
2026-07-29 18:19:33,746 INFO Calculating features for wavelet-H image
2026-07-29 18:19:33,748 INFO Computing firstorder
2026-07-29 18:19:33,752 INFO Computing glcm
2026-07-29 18:19:33,754 WARNING GLCM is symmetrical, therefore Sum Average = 2 * Joint Average, only 1 needs to be calculated
2026-07-29 18:19:33,754 INFO Calculating features for wavelet-L image
2026-07-29 18:19:33,757 INFO Computing firstorder
2026-07-29 18:19:33,760 INFO Computing glcm
2026-07-29 18:19:33,762 WARNING GLCM is symmetrical, therefore Sum Average = 2 * Joint Average, only 1 needs to be calculated
2026-07-29 18:19:33,797 INFO Calculating features with label: 1
2026-07-29 18:19:33,797 INFO Loading image and mask
2026-07-29 18:19:33,833 INFO Computing shape2D
2026-07-29 18:19:33,836 INFO Adding image type "Original" with custom settings: {}
2026-07-29 18:19:33,836 INFO Adding image type "Exponential" with custom settings: {}
2026-07-29 18:19:33,836 INFO Adding image type "Gradient" with custom settings: {}
2026-07-29 18:19:33,836 INFO Adding image type "LBP2D" with custom settings: {}
2026-07-29 18:19:33,836 INFO Adding image type "LBP3D" with custom settings: {}
2026-07-29 18:19:33,836 INFO Adding image type "LoG" with custom settings: {}
2026-07-29 18:19:33,836 INFO Adding image type "Logarithm" with custom settings: {}
2026-07-29 18:19:33,836 INFO Adding image type "Square" with custom settings: {}
2026-07-29 18:19:33,836 INFO Adding image type "SquareRoot" with custom settings: {}
2026-07-29 18:19:33,836 INFO Adding image type "Wavelet" with custom settings: {}
2026-07-29 18:19:33,836 INFO Calculating features for original image
2026-07-29 18:19:33,838 INFO Computing firstorder
2026-07-29 18:19:33,843 INFO Computing glcm
2026-07-29 18:19:33,846 WARNING GLCM is symmetrical, therefore Sum Average = 2 * Joint Average, only 1 needs to be calculated
2026-07-29 18:19:33,850 INFO Calculating features for exponential image
2026-07-29 18:19:33,854 INFO Computing firstorder
2026-07-29 18:19:33,858 INFO Computing glcm
2026-07-29 18:19:33,861 WARNING GLCM is symmetrical, therefore Sum Average = 2 * Joint Average, only 1 needs to be calculated
2026-07-29 18:19:33,863 INFO Calculating features for gradient image
2026-07-29 18:19:33,866 INFO Computing firstorder
2026-07-29 18:19:33,871 INFO Computing glcm
2026-07-29 18:19:33,874 WARNING GLCM is symmetrical, therefore Sum Average = 2 * Joint Average, only 1 needs to be calculated
2026-07-29 18:19:33,898 INFO Calculating features for lbp-2D image
2026-07-29 18:19:33,902 INFO Computing firstorder
2026-07-29 18:19:33,907 INFO Computing glcm
2026-07-29 18:19:33,909 WARNING GLCM is symmetrical, therefore Sum Average = 2 * Joint Average, only 1 needs to be calculated
2026-07-29 18:19:33,910 WARNING LBP 3D only available for 3 dimensional images, found 2 dimensions
2026-07-29 18:19:33,916 INFO Calculating features for logarithm image
2026-07-29 18:19:33,920 INFO Computing firstorder
2026-07-29 18:19:33,924 INFO Computing glcm
2026-07-29 18:19:33,927 WARNING GLCM is symmetrical, therefore Sum Average = 2 * Joint Average, only 1 needs to be calculated
2026-07-29 18:19:33,931 INFO Calculating features for square image
2026-07-29 18:19:33,934 INFO Computing firstorder
2026-07-29 18:19:33,939 INFO Computing glcm
2026-07-29 18:19:33,942 WARNING GLCM is symmetrical, therefore Sum Average = 2 * Joint Average, only 1 needs to be calculated
2026-07-29 18:19:33,947 INFO Calculating features for squareroot image
2026-07-29 18:19:33,950 INFO Computing firstorder
2026-07-29 18:19:33,955 INFO Computing glcm
2026-07-29 18:19:33,959 WARNING GLCM is symmetrical, therefore Sum Average = 2 * Joint Average, only 1 needs to be calculated
2026-07-29 18:19:33,965 INFO Computing Wavelet H
2026-07-29 18:19:33,965 INFO Calculating features for wavelet-H image
2026-07-29 18:19:33,969 INFO Computing firstorder
2026-07-29 18:19:33,975 INFO Computing glcm
2026-07-29 18:19:33,978 WARNING GLCM is symmetrical, therefore Sum Average = 2 * Joint Average, only 1 needs to be calculated
2026-07-29 18:19:33,978 INFO Calculating features for wavelet-L image
2026-07-29 18:19:33,981 INFO Computing firstorder
2026-07-29 18:19:33,987 INFO Computing glcm
2026-07-29 18:19:33,992 WARNING GLCM is symmetrical, therefore Sum Average = 2 * Joint Average, only 1 needs to be calculated
2026-07-29 18:19:34,025 INFO Calculating features with label: 1
2026-07-29 18:19:34,025 INFO Loading image and mask
2026-07-29 18:19:34,060 INFO Computing shape2D
2026-07-29 18:19:34,060 INFO Adding image type "Original" with custom settings: {}
2026-07-29 18:19:34,060 INFO Adding image type "Exponential" with custom settings: {}
2026-07-29 18:19:34,060 INFO Adding image type "Gradient" with custom settings: {}
2026-07-29 18:19:34,061 INFO Adding image type "LBP2D" with custom settings: {}
2026-07-29 18:19:34,061 INFO Adding image type "LBP3D" with custom settings: {}
2026-07-29 18:19:34,061 INFO Adding image type "LoG" with custom settings: {}
2026-07-29 18:19:34,061 INFO Adding image type "Logarithm" with custom settings: {}
2026-07-29 18:19:34,061 INFO Adding image type "Square" with custom settings: {}
2026-07-29 18:19:34,061 INFO Adding image type "SquareRoot" with custom settings: {}
2026-07-29 18:19:34,061 INFO Adding image type "Wavelet" with custom settings: {}
2026-07-29 18:19:34,061 INFO Calculating features for original image
2026-07-29 18:19:34,063 INFO Computing firstorder
2026-07-29 18:19:34,065 INFO Computing glcm
2026-07-29 18:19:34,067 WARNING GLCM is symmetrical, therefore Sum Average = 2 * Joint Average, only 1 needs to be calculated
2026-07-29 18:19:34,071 INFO Calculating features for exponential image
2026-07-29 18:19:34,074 INFO Computing firstorder
2026-07-29 18:19:34,076 INFO Computing glcm
2026-07-29 18:19:34,077 WARNING GLCM is symmetrical, therefore Sum Average = 2 * Joint Average, only 1 needs to be calculated
2026-07-29 18:19:34,079 INFO Calculating features for gradient image
2026-07-29 18:19:34,082 INFO Computing firstorder
2026-07-29 18:19:34,084 INFO Computing glcm
2026-07-29 18:19:34,085 WARNING GLCM is symmetrical, therefore Sum Average = 2 * Joint Average, only 1 needs to be calculated
2026-07-29 18:19:34,108 INFO Calculating features for lbp-2D image
2026-07-29 18:19:34,112 INFO Computing firstorder
2026-07-29 18:19:34,114 INFO Computing glcm
2026-07-29 18:19:34,115 WARNING GLCM is symmetrical, therefore Sum Average = 2 * Joint Average, only 1 needs to be calculated
2026-07-29 18:19:34,115 WARNING LBP 3D only available for 3 dimensional images, found 2 dimensions
2026-07-29 18:19:34,122 INFO Calculating features for logarithm image
2026-07-29 18:19:34,125 INFO Computing firstorder
2026-07-29 18:19:34,127 INFO Computing glcm
2026-07-29 18:19:34,129 WARNING GLCM is symmetrical, therefore Sum Average = 2 * Joint Average, only 1 needs to be calculated
2026-07-29 18:19:34,133 INFO Calculating features for square image
2026-07-29 18:19:34,136 INFO Computing firstorder
2026-07-29 18:19:34,138 INFO Computing glcm
2026-07-29 18:19:34,139 WARNING GLCM is symmetrical, therefore Sum Average = 2 * Joint Average, only 1 needs to be calculated
2026-07-29 18:19:34,146 INFO Calculating features for squareroot image
2026-07-29 18:19:34,154 INFO Computing firstorder
2026-07-29 18:19:34,156 INFO Computing glcm
2026-07-29 18:19:34,159 WARNING GLCM is symmetrical, therefore Sum Average = 2 * Joint Average, only 1 needs to be calculated
2026-07-29 18:19:34,168 INFO Computing Wavelet H
2026-07-29 18:19:34,168 INFO Calculating features for wavelet-H image
2026-07-29 18:19:34,172 INFO Computing firstorder
2026-07-29 18:19:34,174 INFO Computing glcm
2026-07-29 18:19:34,175 WARNING GLCM is symmetrical, therefore Sum Average = 2 * Joint Average, only 1 needs to be calculated
2026-07-29 18:19:34,176 INFO Calculating features for wavelet-L image
2026-07-29 18:19:34,180 INFO Computing firstorder
2026-07-29 18:19:34,182 INFO Computing glcm
2026-07-29 18:19:34,185 WARNING GLCM is symmetrical, therefore Sum Average = 2 * Joint Average, only 1 needs to be calculated
2026-07-29 18:19:34,219 INFO Calculating features with label: 1
2026-07-29 18:19:34,219 INFO Loading image and mask
2026-07-29 18:19:34,256 INFO Computing shape2D
2026-07-29 18:19:34,260 INFO Adding image type "Original" with custom settings: {}
2026-07-29 18:19:34,260 INFO Adding image type "Exponential" with custom settings: {}
2026-07-29 18:19:34,260 INFO Adding image type "Gradient" with custom settings: {}
2026-07-29 18:19:34,260 INFO Adding image type "LBP2D" with custom settings: {}
2026-07-29 18:19:34,260 INFO Adding image type "LBP3D" with custom settings: {}
2026-07-29 18:19:34,260 INFO Adding image type "LoG" with custom settings: {}
2026-07-29 18:19:34,260 INFO Adding image type "Logarithm" with custom settings: {}
2026-07-29 18:19:34,260 INFO Adding image type "Square" with custom settings: {}
2026-07-29 18:19:34,260 INFO Adding image type "SquareRoot" with custom settings: {}
2026-07-29 18:19:34,260 INFO Adding image type "Wavelet" with custom settings: {}
2026-07-29 18:19:34,260 INFO Calculating features for original image
2026-07-29 18:19:34,262 INFO Computing firstorder
2026-07-29 18:19:34,269 INFO Computing glcm
2026-07-29 18:19:34,273 WARNING GLCM is symmetrical, therefore Sum Average = 2 * Joint Average, only 1 needs to be calculated
2026-07-29 18:19:34,278 INFO Calculating features for exponential image
2026-07-29 18:19:34,281 INFO Computing firstorder
2026-07-29 18:19:34,287 INFO Computing glcm
2026-07-29 18:19:34,291 WARNING GLCM is symmetrical, therefore Sum Average = 2 * Joint Average, only 1 needs to be calculated
2026-07-29 18:19:34,294 INFO Calculating features for gradient image
2026-07-29 18:19:34,297 INFO Computing firstorder
2026-07-29 18:19:34,303 INFO Computing glcm
2026-07-29 18:19:34,307 WARNING GLCM is symmetrical, therefore Sum Average = 2 * Joint Average, only 1 needs to be calculated
2026-07-29 18:19:34,331 INFO Calculating features for lbp-2D image
2026-07-29 18:19:34,335 INFO Computing firstorder
2026-07-29 18:19:34,340 INFO Computing glcm
2026-07-29 18:19:34,344 WARNING GLCM is symmetrical, therefore Sum Average = 2 * Joint Average, only 1 needs to be calculated
2026-07-29 18:19:34,344 WARNING LBP 3D only available for 3 dimensional images, found 2 dimensions
2026-07-29 18:19:34,351 INFO Calculating features for logarithm image
2026-07-29 18:19:34,355 INFO Computing firstorder
2026-07-29 18:19:34,361 INFO Computing glcm
2026-07-29 18:19:34,365 WARNING GLCM is symmetrical, therefore Sum Average = 2 * Joint Average, only 1 needs to be calculated
2026-07-29 18:19:34,370 INFO Calculating features for square image
2026-07-29 18:19:34,373 INFO Computing firstorder
2026-07-29 18:19:34,379 INFO Computing glcm
2026-07-29 18:19:34,384 WARNING GLCM is symmetrical, therefore Sum Average = 2 * Joint Average, only 1 needs to be calculated
2026-07-29 18:19:34,389 INFO Calculating features for squareroot image
2026-07-29 18:19:34,392 INFO Computing firstorder
2026-07-29 18:19:34,399 INFO Computing glcm
2026-07-29 18:19:34,404 WARNING GLCM is symmetrical, therefore Sum Average = 2 * Joint Average, only 1 needs to be calculated
2026-07-29 18:19:34,410 INFO Computing Wavelet H
2026-07-29 18:19:34,410 INFO Calculating features for wavelet-H image
2026-07-29 18:19:34,413 INFO Computing firstorder
2026-07-29 18:19:34,421 INFO Computing glcm
2026-07-29 18:19:34,425 WARNING GLCM is symmetrical, therefore Sum Average = 2 * Joint Average, only 1 needs to be calculated
2026-07-29 18:19:34,425 INFO Calculating features for wavelet-L image
2026-07-29 18:19:34,429 INFO Computing firstorder
2026-07-29 18:19:34,437 INFO Computing glcm
2026-07-29 18:19:34,442 WARNING GLCM is symmetrical, therefore Sum Average = 2 * Joint Average, only 1 needs to be calculated
2026-07-29 18:19:34,469 INFO Calculating features with label: 1
2026-07-29 18:19:34,469 INFO Loading image and mask
2026-07-29 18:19:34,506 INFO Computing shape2D
2026-07-29 18:19:34,509 INFO Adding image type "Original" with custom settings: {}
2026-07-29 18:19:34,509 INFO Adding image type "Exponential" with custom settings: {}
2026-07-29 18:19:34,509 INFO Adding image type "Gradient" with custom settings: {}
2026-07-29 18:19:34,509 INFO Adding image type "LBP2D" with custom settings: {}
2026-07-29 18:19:34,509 INFO Adding image type "LBP3D" with custom settings: {}
2026-07-29 18:19:34,509 INFO Adding image type "LoG" with custom settings: {}
2026-07-29 18:19:34,509 INFO Adding image type "Logarithm" with custom settings: {}
2026-07-29 18:19:34,509 INFO Adding image type "Square" with custom settings: {}
2026-07-29 18:19:34,509 INFO Adding image type "SquareRoot" with custom settings: {}
2026-07-29 18:19:34,509 INFO Adding image type "Wavelet" with custom settings: {}
2026-07-29 18:19:34,509 INFO Calculating features for original image
2026-07-29 18:19:34,512 INFO Computing firstorder
2026-07-29 18:19:34,519 INFO Computing glcm
2026-07-29 18:19:34,523 WARNING GLCM is symmetrical, therefore Sum Average = 2 * Joint Average, only 1 needs to be calculated
2026-07-29 18:19:34,528 INFO Calculating features for exponential image
2026-07-29 18:19:34,531 INFO Computing firstorder
2026-07-29 18:19:34,537 INFO Computing glcm
2026-07-29 18:19:34,540 WARNING GLCM is symmetrical, therefore Sum Average = 2 * Joint Average, only 1 needs to be calculated
2026-07-29 18:19:34,543 INFO Calculating features for gradient image
2026-07-29 18:19:34,547 INFO Computing firstorder
2026-07-29 18:19:34,553 INFO Computing glcm
2026-07-29 18:19:34,556 WARNING GLCM is symmetrical, therefore Sum Average = 2 * Joint Average, only 1 needs to be calculated
2026-07-29 18:19:34,580 INFO Calculating features for lbp-2D image
2026-07-29 18:19:34,583 INFO Computing firstorder
2026-07-29 18:19:34,590 INFO Computing glcm
2026-07-29 18:19:34,593 WARNING GLCM is symmetrical, therefore Sum Average = 2 * Joint Average, only 1 needs to be calculated
2026-07-29 18:19:34,594 WARNING LBP 3D only available for 3 dimensional images, found 2 dimensions
2026-07-29 18:19:34,600 INFO Calculating features for logarithm image
2026-07-29 18:19:34,604 INFO Computing firstorder
2026-07-29 18:19:34,610 INFO Computing glcm
2026-07-29 18:19:34,614 WARNING GLCM is symmetrical, therefore Sum Average = 2 * Joint Average, only 1 needs to be calculated
2026-07-29 18:19:34,619 INFO Calculating features for square image
2026-07-29 18:19:34,622 INFO Computing firstorder
2026-07-29 18:19:34,629 INFO Computing glcm
2026-07-29 18:19:34,633 WARNING GLCM is symmetrical, therefore Sum Average = 2 * Joint Average, only 1 needs to be calculated
2026-07-29 18:19:34,638 INFO Calculating features for squareroot image
2026-07-29 18:19:34,641 INFO Computing firstorder
2026-07-29 18:19:34,648 INFO Computing glcm
2026-07-29 18:19:34,652 WARNING GLCM is symmetrical, therefore Sum Average = 2 * Joint Average, only 1 needs to be calculated
2026-07-29 18:19:34,658 INFO Computing Wavelet H
2026-07-29 18:19:34,658 INFO Calculating features for wavelet-H image
2026-07-29 18:19:34,661 INFO Computing firstorder
2026-07-29 18:19:34,669 INFO Computing glcm
2026-07-29 18:19:34,672 WARNING GLCM is symmetrical, therefore Sum Average = 2 * Joint Average, only 1 needs to be calculated
2026-07-29 18:19:34,673 INFO Calculating features for wavelet-L image
2026-07-29 18:19:34,676 INFO Computing firstorder
2026-07-29 18:19:34,682 INFO Computing glcm
2026-07-29 18:19:34,687 WARNING GLCM is symmetrical, therefore Sum Average = 2 * Joint Average, only 1 needs to be calculated
2026-07-29 18:19:34,726 INFO Calculating features with label: 1
2026-07-29 18:19:34,726 INFO Loading image and mask
2026-07-29 18:19:34,762 INFO Computing shape2D
2026-07-29 18:19:34,764 INFO Adding image type "Original" with custom settings: {}
2026-07-29 18:19:34,764 INFO Adding image type "Exponential" with custom settings: {}
2026-07-29 18:19:34,764 INFO Adding image type "Gradient" with custom settings: {}
2026-07-29 18:19:34,765 INFO Adding image type "LBP2D" with custom settings: {}
2026-07-29 18:19:34,765 INFO Adding image type "LBP3D" with custom settings: {}
2026-07-29 18:19:34,765 INFO Adding image type "LoG" with custom settings: {}
2026-07-29 18:19:34,765 INFO Adding image type "Logarithm" with custom settings: {}
2026-07-29 18:19:34,765 INFO Adding image type "Square" with custom settings: {}
2026-07-29 18:19:34,765 INFO Adding image type "SquareRoot" with custom settings: {}
2026-07-29 18:19:34,765 INFO Adding image type "Wavelet" with custom settings: {}
2026-07-29 18:19:34,765 INFO Calculating features for original image
2026-07-29 18:19:34,767 INFO Computing firstorder
2026-07-29 18:19:34,772 INFO Computing glcm
2026-07-29 18:19:34,776 WARNING GLCM is symmetrical, therefore Sum Average = 2 * Joint Average, only 1 needs to be calculated
2026-07-29 18:19:34,780 INFO Calculating features for exponential image
2026-07-29 18:19:34,784 INFO Computing firstorder
2026-07-29 18:19:34,789 INFO Computing glcm
2026-07-29 18:19:34,791 WARNING GLCM is symmetrical, therefore Sum Average = 2 * Joint Average, only 1 needs to be calculated
2026-07-29 18:19:34,794 INFO Calculating features for gradient image
2026-07-29 18:19:34,797 INFO Computing firstorder
2026-07-29 18:19:34,802 INFO Computing glcm
2026-07-29 18:19:34,805 WARNING GLCM is symmetrical, therefore Sum Average = 2 * Joint Average, only 1 needs to be calculated
2026-07-29 18:19:34,829 INFO Calculating features for lbp-2D image
2026-07-29 18:19:34,833 INFO Computing firstorder
2026-07-29 18:19:34,838 INFO Computing glcm
2026-07-29 18:19:34,840 WARNING GLCM is symmetrical, therefore Sum Average = 2 * Joint Average, only 1 needs to be calculated
2026-07-29 18:19:34,841 WARNING LBP 3D only available for 3 dimensional images, found 2 dimensions
2026-07-29 18:19:34,847 INFO Calculating features for logarithm image
2026-07-29 18:19:34,851 INFO Computing firstorder
2026-07-29 18:19:34,857 INFO Computing glcm
2026-07-29 18:19:34,860 WARNING GLCM is symmetrical, therefore Sum Average = 2 * Joint Average, only 1 needs to be calculated
2026-07-29 18:19:34,865 INFO Calculating features for square image
2026-07-29 18:19:34,868 INFO Computing firstorder
2026-07-29 18:19:34,873 INFO Computing glcm
2026-07-29 18:19:34,877 WARNING GLCM is symmetrical, therefore Sum Average = 2 * Joint Average, only 1 needs to be calculated
2026-07-29 18:19:34,882 INFO Calculating features for squareroot image
2026-07-29 18:19:34,885 INFO Computing firstorder
2026-07-29 18:19:34,897 INFO Computing glcm
2026-07-29 18:19:34,902 WARNING GLCM is symmetrical, therefore Sum Average = 2 * Joint Average, only 1 needs to be calculated
2026-07-29 18:19:34,913 INFO Computing Wavelet H
2026-07-29 18:19:34,913 INFO Calculating features for wavelet-H image
2026-07-29 18:19:34,918 INFO Computing firstorder
2026-07-29 18:19:34,924 INFO Computing glcm
2026-07-29 18:19:34,928 WARNING GLCM is symmetrical, therefore Sum Average = 2 * Joint Average, only 1 needs to be calculated
2026-07-29 18:19:34,929 INFO Calculating features for wavelet-L image
2026-07-29 18:19:34,933 INFO Computing firstorder
2026-07-29 18:19:34,939 INFO Computing glcm
2026-07-29 18:19:34,942 WARNING GLCM is symmetrical, therefore Sum Average = 2 * Joint Average, only 1 needs to be calculated
2026-07-29 18:19:34,979 INFO Calculating features with label: 1
2026-07-29 18:19:34,979 INFO Loading image and mask
2026-07-29 18:19:34,983 ERROR s0205
Traceback (most recent call last):
  File "C:\Users\kanishk\OneDrive\Desktop\infant\Corpus_Callosum\radiomic_feature_extraction.py", line 392, in main
    feature_row = process_subject(
                  ^^^^^^^^^^^^^^^^
  File "C:\Users\kanishk\OneDrive\Desktop\infant\Corpus_Callosum\radiomic_feature_extraction.py", line 284, in process_subject
    feature_dict = extract_features(
                   ^^^^^^^^^^^^^^^^^
  File "C:\Users\kanishk\OneDrive\Desktop\infant\Corpus_Callosum\radiomic_feature_extraction.py", line 236, in extract_features
    feature_vector = extractor.execute(
                     ^^^^^^^^^^^^^^^^^^
  File "C:\Users\kanishk\AppData\Roaming\Python\Python311\site-packages\radiomics\featureextractor.py", line 272, in execute
    image, mask = self.loadImage(imageFilepath, maskFilepath, generalInfo, **_settings)
                  ^^^^^^^^^^^^^^^^^^^^^^^^^^^^^^^^^^^^^^^^^^^^^^^^^^^^^^^^^^^^^^^^^^^^^
  File "C:\Users\kanishk\AppData\Roaming\Python\Python311\site-packages\radiomics\featureextractor.py", line 385, in loadImage
    mask = imageoperations.getMask(mask, **kwargs)
           ^^^^^^^^^^^^^^^^^^^^^^^^^^^^^^^^^^^^^^^
  File "C:\Users\kanishk\AppData\Roaming\Python\Python311\site-packages\radiomics\imageoperations.py", line 49, in getMask
    raise ValueError('No labels found in this mask (i.e. nothing is segmented)!')
ValueError: No labels found in this mask (i.e. nothing is segmented)!
